Путь;Имя файла;№ поля;Имя поля;Тип;Тип (расшифровка);Длина;Знаков после запятой;Флаги
ARXIV/INVEN/inv/ADRES.DBF;ADRES.DBF;1;NOMER;N;числовой;10;0;
ARXIV/INVEN/inv/ADRES.DBF;ADRES.DBF;2;ADRES;C;символьный;45;0;
ARXIV/INVEN/inv/ARXIV.DBF;ARXIV.DBF;1;NOMKV;N;числовой;10;0;
ARXIV/INVEN/inv/ARXIV.DBF;ARXIV.DBF;2;MATN;M;memo (текст);10;0;
ARXIV/INVEN/inv/FIO.DBF;FIO.DBF;1;DIREK;C;символьный;25;0;
ARXIV/INVEN/inv/FIO.DBF;FIO.DBF;2;PAROL;C;символьный;10;0;
ARXIV/INVEN/inv/FIOARXIV.DBF;FIOARXIV.DBF;1;NOMKV;N;числовой;10;0;
ARXIV/INVEN/inv/FIOARXIV.DBF;FIOARXIV.DBF;2;FIO;C;символьный;35;0;
ARXIV/INVEN/inv/FOXUSER.DBF;FOXUSER.DBF;1;TYPE;C;символьный;12;0;
ARXIV/INVEN/inv/FOXUSER.DBF;FOXUSER.DBF;2;ID;C;символьный;12;0;
ARXIV/INVEN/inv/FOXUSER.DBF;FOXUSER.DBF;3;NAME;M;memo (текст);4;0;
ARXIV/INVEN/inv/FOXUSER.DBF;FOXUSER.DBF;4;READONLY;L;логический;1;0;
ARXIV/INVEN/inv/FOXUSER.DBF;FOXUSER.DBF;5;CKVAL;N;числовой;6;0;
ARXIV/INVEN/inv/FOXUSER.DBF;FOXUSER.DBF;6;DATA;M;memo (текст);4;0;
ARXIV/INVEN/inv/FOXUSER.DBF;FOXUSER.DBF;7;UPDATED;D;дата;8;0;
ARXIV/INVEN/inv/MULK2.DBF;MULK2.DBF;1;NOMKV;N;числовой;10;0;
ARXIV/INVEN/inv/MULK2.DBF;MULK2.DBF;2;KITAB;C;символьный;10;0;
ARXIV/INVEN/inv/MULK2.DBF;MULK2.DBF;3;SAHIFA;C;символьный;10;0;
ARXIV/INVEN/inv/MULK2.DBF;MULK2.DBF;4;KITABT;C;символьный;10;0;
ARXIV/INVEN/inv/MULK2.DBF;MULK2.DBF;5;SAHIFAT;C;символьный;10;0;
ARXIV/INVEN/inv/MULK2.DBF;MULK2.DBF;6;RAYON;C;символьный;10;0;
ARXIV/INVEN/inv/MULK2.DBF;MULK2.DBF;7;DATA;D;дата;8;0;
ARXIV/INVEN/inv/MULK2.DBF;MULK2.DBF;8;TIPM;C;символьный;20;0;
ARXIV/INVEN/inv/MULK2.DBF;MULK2.DBF;9;QIYM;N;числовой;12;0;
ARXIV/INVEN/inv/MULK2.DBF;MULK2.DBF;10;ORDER;C;символьный;12;0;
ARXIV/INVEN/inv/MULK2.DBF;MULK2.DBF;11;SARAN;C;символьный;12;0;
ARXIV/INVEN/inv/MULK2.DBF;MULK2.DBF;12;FIO;C;символьный;35;0;
ARXIV/INVEN/inv/MULK2.DBF;MULK2.DBF;13;DATAR;D;дата;8;0;
ARXIV/INVEN/inv/MULK2.DBF;MULK2.DBF;14;ADRES;C;символьный;45;0;
ARXIV/INVEN/inv/MULK2.DBF;MULK2.DBF;15;NAZAR;N;числовой;1;0;
ARXIV/INVEN/inv/MULK2.DBF;MULK2.DBF;16;OZAL;N;числовой;1;0;
ARXIV/INVEN/inv/MULK2.DBF;MULK2.DBF;17;ASASOZ;C;символьный;10;0;
ARXIV/INVEN/inv/MULK2.DBF;MULK2.DBF;18;DATAOZ;D;дата;8;0;
ARXIV/INVEN/inv/MULK2.DBF;MULK2.DBF;19;OTAG;N;числовой;2;0;
ARXIV/INVEN/inv/MULK2.DBF;MULK2.DBF;20;PLOS;N;числовой;7;2;
ARXIV/INVEN/inv/MULK2.DBF;MULK2.DBF;21;PLUM;N;числовой;7;2;
ARXIV/INVEN/inv/MULK2.DBF;MULK2.DBF;22;PLTR;N;числовой;8;2;
ARXIV/INVEN/inv/MULK2.DBF;MULK2.DBF;23;KIMN;C;символьный;15;0;
ARXIV/INVEN/inv/MULK2.DBF;MULK2.DBF;24;ASAS;C;символьный;10;0;
ARXIV/INVEN/inv/MULK2.DBF;MULK2.DBF;25;DATAN;D;дата;8;0;
ARXIV/INVEN/inv/MULK2.DBF;MULK2.DBF;26;IDAR;C;символьный;20;0;
ARXIV/INVEN/inv/MULK2.DBF;MULK2.DBF;27;DATAL;D;дата;8;0;
ARXIV/INVEN/inv/MULK2.DBF;MULK2.DBF;28;ALNOV;C;символьный;20;0;
ARXIV/INVEN/inv/MULK2.DBF;MULK2.DBF;29;DATAF;D;дата;8;0;
ARXIV/INVEN/inv/MULK2.DBF;MULK2.DBF;30;TEX1;N;числовой;2;0;
ARXIV/INVEN/inv/MULK2.DBF;MULK2.DBF;31;TEX2;N;числовой;6;0;
ARXIV/INVEN/inv/MULK2.DBF;MULK2.DBF;32;DATAT;D;дата;8;0;
ARXIV/INVEN/inv/MULK2.DBF;MULK2.DBF;33;DTIK;N;числовой;4;0;
ARXIV/INVEN/inv/MULK2.DBF;MULK2.DBF;34;TAR;N;числовой;1;0;
ARXIV/INVEN/inv/MULKB.DBF;MULKB.DBF;1;NOMKV;N;числовой;10;0;
ARXIV/INVEN/inv/MULKB.DBF;MULKB.DBF;2;KITAB;C;символьный;10;0;
ARXIV/INVEN/inv/MULKB.DBF;MULKB.DBF;3;SAHIFA;C;символьный;10;0;
ARXIV/INVEN/inv/MULKB.DBF;MULKB.DBF;4;KITABT;C;символьный;10;0;
ARXIV/INVEN/inv/MULKB.DBF;MULKB.DBF;5;SAHIFAT;C;символьный;10;0;
ARXIV/INVEN/inv/MULKB.DBF;MULKB.DBF;6;RAYON;C;символьный;10;0;
ARXIV/INVEN/inv/MULKB.DBF;MULKB.DBF;7;DATA;D;дата;8;0;
ARXIV/INVEN/inv/MULKB.DBF;MULKB.DBF;8;TIPM;C;символьный;20;0;
ARXIV/INVEN/inv/MULKB.DBF;MULKB.DBF;9;QIYM;N;числовой;12;0;
ARXIV/INVEN/inv/MULKB.DBF;MULKB.DBF;10;ORDER;C;символьный;12;0;
ARXIV/INVEN/inv/MULKB.DBF;MULKB.DBF;11;SARAN;C;символьный;12;0;
ARXIV/INVEN/inv/MULKB.DBF;MULKB.DBF;12;FIO;C;символьный;35;0;
ARXIV/INVEN/inv/MULKB.DBF;MULKB.DBF;13;ADRES;C;символьный;45;0;
ARXIV/INVEN/inv/MULKB.DBF;MULKB.DBF;14;NAZAR;N;числовой;6;0;
ARXIV/INVEN/inv/MULKB.DBF;MULKB.DBF;15;OZAL;N;числовой;6;0;
ARXIV/INVEN/inv/MULKB.DBF;MULKB.DBF;16;ASASOZ;C;символьный;10;0;
ARXIV/INVEN/inv/MULKB.DBF;MULKB.DBF;17;DATAOZ;D;дата;8;0;
ARXIV/INVEN/inv/MULKB.DBF;MULKB.DBF;18;OTAG;N;числовой;6;0;
ARXIV/INVEN/inv/MULKB.DBF;MULKB.DBF;19;PLOS;N;числовой;7;2;
ARXIV/INVEN/inv/MULKB.DBF;MULKB.DBF;20;PLUM;N;числовой;7;2;
ARXIV/INVEN/inv/MULKB.DBF;MULKB.DBF;21;PLTR;N;числовой;8;2;
ARXIV/INVEN/inv/MULKB.DBF;MULKB.DBF;22;KIMN;C;символьный;15;0;
ARXIV/INVEN/inv/MULKB.DBF;MULKB.DBF;23;ASAS;C;символьный;10;0;
ARXIV/INVEN/inv/MULKB.DBF;MULKB.DBF;24;DATAN;D;дата;8;0;
ARXIV/INVEN/inv/MULKB.DBF;MULKB.DBF;25;IDAR;C;символьный;20;0;
ARXIV/INVEN/inv/MULKB.DBF;MULKB.DBF;26;DATAL;D;дата;8;0;
ARXIV/INVEN/inv/MULKB.DBF;MULKB.DBF;27;ALNOV;C;символьный;20;0;
ARXIV/INVEN/inv/MULKB.DBF;MULKB.DBF;28;DATAF;D;дата;8;0;
ARXIV/INVEN/inv/MULKB.DBF;MULKB.DBF;29;TEX1;N;числовой;2;0;
ARXIV/INVEN/inv/MULKB.DBF;MULKB.DBF;30;TEX2;N;числовой;6;0;
ARXIV/INVEN/inv/MULKB.DBF;MULKB.DBF;31;DATAT;D;дата;8;0;
ARXIV/INVEN/inv/MULKB.DBF;MULKB.DBF;32;DTIK;N;числовой;6;0;
ARXIV/INVEN/inv/MULKB.DBF;MULKB.DBF;33;DATAR;D;дата;8;0;
ARXIV/INVEN/inv/MULKN.DBF;MULKN.DBF;1;AD;C;символьный;20;0;
ARXIV/INVEN/inv/NOV.DBF;NOV.DBF;1;AD;C;символьный;25;0;
ARXIV/INVEN/inv/RAYON.DBF;RAYON.DBF;1;AD;C;символьный;15;0;
ARXIV/INVEN/inv/SVADRES.DBF;SVADRES.DBF;1;NOMER;N;числовой;10;0;
ARXIV/INVEN/inv/SVADRES.DBF;SVADRES.DBF;2;ADRES;C;символьный;45;0;
ARXIV/INVEN/inv/TARIX2.DBF;TARIX2.DBF;1;NOMKV;N;числовой;10;0;
ARXIV/INVEN/inv/TARIX2.DBF;TARIX2.DBF;2;DATAP;D;дата;8;0;
ARXIV/INVEN/inv/TARIX2.DBF;TARIX2.DBF;3;FIO;C;символьный;35;0;
ARXIV/INVEN/inv/TARIX2.DBF;TARIX2.DBF;4;DATAR;D;дата;8;0;
ARXIV/INVEN/inv/TARIX2.DBF;TARIX2.DBF;5;NAZAR;N;числовой;1;0;
ARXIV/INVEN/inv/TARIX2.DBF;TARIX2.DBF;6;KIMN;C;символьный;15;0;
ARXIV/INVEN/inv/TARIX2.DBF;TARIX2.DBF;7;ASAS;C;символьный;10;0;
ARXIV/INVEN/inv/TARIX2.DBF;TARIX2.DBF;8;ALNOV;C;символьный;20;0;
ARXIV/INVEN/inv/TARIX2.DBF;TARIX2.DBF;9;DATAN;D;дата;8;0;
ARXIV/INVEN/inv/TARIXB.DBF;TARIXB.DBF;1;NOMKV;N;числовой;10;0;
ARXIV/INVEN/inv/TARIXB.DBF;TARIXB.DBF;2;DATAP;D;дата;8;0;
ARXIV/INVEN/inv/TARIXB.DBF;TARIXB.DBF;3;FIO;C;символьный;35;0;
ARXIV/INVEN/inv/TARIXB.DBF;TARIXB.DBF;4;DATAR;D;дата;8;0;
ARXIV/INVEN/inv/TARIXB.DBF;TARIXB.DBF;5;TARIXB;C;символьный;10;0;
ARXIV/INVEN/inv/TARIXB.DBF;TARIXB.DBF;6;NAZAR;N;числовой;1;0;
ARXIV/INVEN/inv/TARIXB.DBF;TARIXB.DBF;7;KIMN;C;символьный;15;0;
ARXIV/INVEN/inv/TARIXB.DBF;TARIXB.DBF;8;ASAS;C;символьный;10;0;
ARXIV/INVEN/inv/TARIXB.DBF;TARIXB.DBF;9;ALNOV;C;символьный;20;0;
ARXIV/INVEN/inv/TARIXB.DBF;TARIXB.DBF;10;DATAN;D;дата;8;0;
ARXIV/INVEN/inv/YENI.DBF;YENI.DBF;1;NOMKV;N;числовой;10;0;
ARXIV/INVEN/inv/YENI.DBF;YENI.DBF;2;KITAB;C;символьный;10;0;
ARXIV/INVEN/inv/YENI.DBF;YENI.DBF;3;SAHIFA;C;символьный;10;0;
ARXIV/INVEN/inv/YENI.DBF;YENI.DBF;4;RAYON;C;символьный;10;0;
ARXIV/INVEN/inv/YENI.DBF;YENI.DBF;5;DATA;D;дата;8;0;
ARXIV/INVEN/inv/YENI.DBF;YENI.DBF;6;TIPM;C;символьный;20;0;
ARXIV/INVEN/inv/YENI.DBF;YENI.DBF;7;QIYM;N;числовой;12;0;
ARXIV/INVEN/inv/YENI.DBF;YENI.DBF;8;ORDER;C;символьный;12;0;
ARXIV/INVEN/inv/YENI.DBF;YENI.DBF;9;SARAN;C;символьный;12;0;
ARXIV/INVEN/inv/YENI.DBF;YENI.DBF;10;FIO;C;символьный;35;0;
ARXIV/INVEN/inv/YENI.DBF;YENI.DBF;11;ADRES;C;символьный;45;0;
ARXIV/INVEN/inv/YENI.DBF;YENI.DBF;12;NAZAR;N;числовой;1;0;
ARXIV/INVEN/inv/YENI.DBF;YENI.DBF;13;OZAL;N;числовой;1;0;
ARXIV/INVEN/inv/YENI.DBF;YENI.DBF;14;ASASOZ;C;символьный;10;0;
ARXIV/INVEN/inv/YENI.DBF;YENI.DBF;15;DATAOZ;D;дата;8;0;
ARXIV/INVEN/inv/YENI.DBF;YENI.DBF;16;OTAG;N;числовой;2;0;
ARXIV/INVEN/inv/YENI.DBF;YENI.DBF;17;PLOS;N;числовой;7;2;
ARXIV/INVEN/inv/YENI.DBF;YENI.DBF;18;PLUM;N;числовой;7;2;
ARXIV/INVEN/inv/YENI.DBF;YENI.DBF;19;PLTR;N;числовой;8;2;
ARXIV/INVEN/inv/YENI.DBF;YENI.DBF;20;KIMN;C;символьный;15;0;
ARXIV/INVEN/inv/YENI.DBF;YENI.DBF;21;ASAS;C;символьный;10;0;
ARXIV/INVEN/inv/YENI.DBF;YENI.DBF;22;DATAN;D;дата;8;0;
ARXIV/INVEN/inv/YENI.DBF;YENI.DBF;23;IDAR;C;символьный;20;0;
ARXIV/INVEN/inv/YENI.DBF;YENI.DBF;24;DATAL;D;дата;8;0;
ARXIV/INVEN/inv/YENI.DBF;YENI.DBF;25;ALNOV;C;символьный;20;0;
ARXIV/INVEN/inv/YENI.DBF;YENI.DBF;26;DATAF;D;дата;8;0;
ARXIV/INVEN/inv/YENI.DBF;YENI.DBF;27;TEX1;N;числовой;2;0;
ARXIV/INVEN/inv/YENI.DBF;YENI.DBF;28;TEX2;N;числовой;6;0;
ARXIV/INVEN/inv/YENI.DBF;YENI.DBF;29;DATAT;D;дата;8;0;
ARXIV/INVEN/inv/YENI.DBF;YENI.DBF;30;DTIK;N;числовой;4;0;
ARXIV/INVEN/inv/_QSQL000.DBF;_QSQL000.DBF;1;NOMKV;N;числовой;10;0;
ARXIV/INVEN/inv/_QSQL000.DBF;_QSQL000.DBF;2;KITAB;C;символьный;10;0;
ARXIV/INVEN/inv/_QSQL000.DBF;_QSQL000.DBF;3;SAHIFA;C;символьный;10;0;
ARXIV/INVEN/inv/_QSQL000.DBF;_QSQL000.DBF;4;RAYON;C;символьный;10;0;
ARXIV/INVEN/inv/_QSQL000.DBF;_QSQL000.DBF;5;DATA;D;дата;8;0;
ARXIV/INVEN/inv/_QSQL000.DBF;_QSQL000.DBF;6;TIPM;C;символьный;20;0;
ARXIV/INVEN/inv/_QSQL000.DBF;_QSQL000.DBF;7;QIYM;N;числовой;12;0;
ARXIV/INVEN/inv/_QSQL000.DBF;_QSQL000.DBF;8;ORDER;C;символьный;12;0;
ARXIV/INVEN/inv/_QSQL000.DBF;_QSQL000.DBF;9;SARAN;C;символьный;12;0;
ARXIV/INVEN/inv/_QSQL000.DBF;_QSQL000.DBF;10;FIO;C;символьный;35;0;
ARXIV/INVEN/inv/_QSQL000.DBF;_QSQL000.DBF;11;ADRES;C;символьный;45;0;
ARXIV/INVEN/inv/_QSQL000.DBF;_QSQL000.DBF;12;NAZAR;N;числовой;4;0;
ARXIV/INVEN/inv/_QSQL000.DBF;_QSQL000.DBF;13;OZAL;N;числовой;4;0;
ARXIV/INVEN/inv/_QSQL000.DBF;_QSQL000.DBF;14;ASASOZ;C;символьный;10;0;
ARXIV/INVEN/inv/_QSQL000.DBF;_QSQL000.DBF;15;DATAOZ;D;дата;8;0;
ARXIV/INVEN/inv/_QSQL000.DBF;_QSQL000.DBF;16;OTAG;N;числовой;4;0;
ARXIV/INVEN/inv/_QSQL000.DBF;_QSQL000.DBF;17;PLOS;N;числовой;7;2;
ARXIV/INVEN/inv/_QSQL000.DBF;_QSQL000.DBF;18;PLUM;N;числовой;7;2;
ARXIV/INVEN/inv/_QSQL000.DBF;_QSQL000.DBF;19;PLTR;N;числовой;8;2;
ARXIV/INVEN/inv/_QSQL000.DBF;_QSQL000.DBF;20;KIMN;C;символьный;15;0;
ARXIV/INVEN/inv/_QSQL000.DBF;_QSQL000.DBF;21;ASAS;C;символьный;10;0;
ARXIV/INVEN/inv/_QSQL000.DBF;_QSQL000.DBF;22;DATAN;D;дата;8;0;
ARXIV/INVEN/inv/_QSQL000.DBF;_QSQL000.DBF;23;IDAR;C;символьный;20;0;
ARXIV/INVEN/inv/_QSQL000.DBF;_QSQL000.DBF;24;DATAL;D;дата;8;0;
ARXIV/INVEN/inv/_QSQL000.DBF;_QSQL000.DBF;25;ALNOV;C;символьный;20;0;
ARXIV/INVEN/inv/_QSQL000.DBF;_QSQL000.DBF;26;DATAF;D;дата;8;0;
ARXIV/INVEN/inv/_QSQL000.DBF;_QSQL000.DBF;27;TEX1;N;числовой;4;0;
ARXIV/INVEN/inv/_QSQL000.DBF;_QSQL000.DBF;28;TEX2;N;числовой;6;0;
ARXIV/INVEN/inv/_QSQL000.DBF;_QSQL000.DBF;29;DATAT;D;дата;8;0;
ARXIV/INVEN/inv/_QSQL000.DBF;_QSQL000.DBF;30;DTIK;N;числовой;4;0;
ARXIV/INVEN/inv/_QSQL149.DBF;_QSQL149.DBF;1;NOMKV;N;числовой;10;0;
ARXIV/INVEN/inv/_QSQL149.DBF;_QSQL149.DBF;2;KITAB;C;символьный;10;0;
ARXIV/INVEN/inv/_QSQL149.DBF;_QSQL149.DBF;3;SAHIFA;C;символьный;10;0;
ARXIV/INVEN/inv/_QSQL149.DBF;_QSQL149.DBF;4;RAYON;C;символьный;10;0;
ARXIV/INVEN/inv/_QSQL149.DBF;_QSQL149.DBF;5;DATA;D;дата;8;0;
ARXIV/INVEN/inv/_QSQL149.DBF;_QSQL149.DBF;6;TIPM;C;символьный;20;0;
ARXIV/INVEN/inv/_QSQL149.DBF;_QSQL149.DBF;7;QIYM;N;числовой;12;0;
ARXIV/INVEN/inv/_QSQL149.DBF;_QSQL149.DBF;8;ORDER;C;символьный;12;0;
ARXIV/INVEN/inv/_QSQL149.DBF;_QSQL149.DBF;9;SARAN;C;символьный;12;0;
ARXIV/INVEN/inv/_QSQL149.DBF;_QSQL149.DBF;10;FIO;C;символьный;35;0;
ARXIV/INVEN/inv/_QSQL149.DBF;_QSQL149.DBF;11;DATAR;D;дата;8;0;
ARXIV/INVEN/inv/_QSQL149.DBF;_QSQL149.DBF;12;ADRES;C;символьный;45;0;
ARXIV/INVEN/inv/_QSQL149.DBF;_QSQL149.DBF;13;NAZAR;N;числовой;4;0;
ARXIV/INVEN/inv/_QSQL149.DBF;_QSQL149.DBF;14;OZAL;N;числовой;4;0;
ARXIV/INVEN/inv/_QSQL149.DBF;_QSQL149.DBF;15;ASASOZ;C;символьный;10;0;
ARXIV/INVEN/inv/_QSQL149.DBF;_QSQL149.DBF;16;DATAOZ;D;дата;8;0;
ARXIV/INVEN/inv/_QSQL149.DBF;_QSQL149.DBF;17;OTAG;N;числовой;4;0;
ARXIV/INVEN/inv/_QSQL149.DBF;_QSQL149.DBF;18;PLOS;N;числовой;7;2;
ARXIV/INVEN/inv/_QSQL149.DBF;_QSQL149.DBF;19;PLUM;N;числовой;7;2;
ARXIV/INVEN/inv/_QSQL149.DBF;_QSQL149.DBF;20;PLTR;N;числовой;8;2;
ARXIV/INVEN/inv/_QSQL149.DBF;_QSQL149.DBF;21;KIMN;C;символьный;15;0;
ARXIV/INVEN/inv/_QSQL149.DBF;_QSQL149.DBF;22;ASAS;C;символьный;10;0;
ARXIV/INVEN/inv/_QSQL149.DBF;_QSQL149.DBF;23;DATAN;D;дата;8;0;
ARXIV/INVEN/inv/_QSQL149.DBF;_QSQL149.DBF;24;IDAR;C;символьный;20;0;
ARXIV/INVEN/inv/_QSQL149.DBF;_QSQL149.DBF;25;DATAL;D;дата;8;0;
ARXIV/INVEN/inv/_QSQL149.DBF;_QSQL149.DBF;26;ALNOV;C;символьный;20;0;
ARXIV/INVEN/inv/_QSQL149.DBF;_QSQL149.DBF;27;DATAF;D;дата;8;0;
ARXIV/INVEN/inv/_QSQL149.DBF;_QSQL149.DBF;28;TEX1;N;числовой;4;0;
ARXIV/INVEN/inv/_QSQL149.DBF;_QSQL149.DBF;29;TEX2;N;числовой;6;0;
ARXIV/INVEN/inv/_QSQL149.DBF;_QSQL149.DBF;30;DATAT;D;дата;8;0;
ARXIV/INVEN/inv/_QSQL149.DBF;_QSQL149.DBF;31;DTIK;N;числовой;4;0;
ARXIV/INVEN/inv/_QSQL189.DBF;_QSQL189.DBF;1;NOMKV;N;числовой;10;0;
ARXIV/INVEN/inv/_QSQL189.DBF;_QSQL189.DBF;2;KITAB;C;символьный;10;0;
ARXIV/INVEN/inv/_QSQL189.DBF;_QSQL189.DBF;3;SAHIFA;C;символьный;10;0;
ARXIV/INVEN/inv/_QSQL189.DBF;_QSQL189.DBF;4;RAYON;C;символьный;10;0;
ARXIV/INVEN/inv/_QSQL189.DBF;_QSQL189.DBF;5;DATA;D;дата;8;0;
ARXIV/INVEN/inv/_QSQL189.DBF;_QSQL189.DBF;6;TIPM;C;символьный;20;0;
ARXIV/INVEN/inv/_QSQL189.DBF;_QSQL189.DBF;7;QIYM;N;числовой;12;0;
ARXIV/INVEN/inv/_QSQL189.DBF;_QSQL189.DBF;8;ORDER;C;символьный;12;0;
ARXIV/INVEN/inv/_QSQL189.DBF;_QSQL189.DBF;9;SARAN;C;символьный;12;0;
ARXIV/INVEN/inv/_QSQL189.DBF;_QSQL189.DBF;10;FIO;C;символьный;35;0;
ARXIV/INVEN/inv/_QSQL189.DBF;_QSQL189.DBF;11;DATAR;D;дата;8;0;
ARXIV/INVEN/inv/_QSQL189.DBF;_QSQL189.DBF;12;ADRES;C;символьный;45;0;
ARXIV/INVEN/inv/_QSQL189.DBF;_QSQL189.DBF;13;NAZAR;N;числовой;4;0;
ARXIV/INVEN/inv/_QSQL189.DBF;_QSQL189.DBF;14;OZAL;N;числовой;4;0;
ARXIV/INVEN/inv/_QSQL189.DBF;_QSQL189.DBF;15;ASASOZ;C;символьный;10;0;
ARXIV/INVEN/inv/_QSQL189.DBF;_QSQL189.DBF;16;DATAOZ;D;дата;8;0;
ARXIV/INVEN/inv/_QSQL189.DBF;_QSQL189.DBF;17;OTAG;N;числовой;4;0;
ARXIV/INVEN/inv/_QSQL189.DBF;_QSQL189.DBF;18;PLOS;N;числовой;7;2;
ARXIV/INVEN/inv/_QSQL189.DBF;_QSQL189.DBF;19;PLUM;N;числовой;7;2;
ARXIV/INVEN/inv/_QSQL189.DBF;_QSQL189.DBF;20;PLTR;N;числовой;8;2;
ARXIV/INVEN/inv/_QSQL189.DBF;_QSQL189.DBF;21;KIMN;C;символьный;15;0;
ARXIV/INVEN/inv/_QSQL189.DBF;_QSQL189.DBF;22;ASAS;C;символьный;10;0;
ARXIV/INVEN/inv/_QSQL189.DBF;_QSQL189.DBF;23;DATAN;D;дата;8;0;
ARXIV/INVEN/inv/_QSQL189.DBF;_QSQL189.DBF;24;IDAR;C;символьный;20;0;
ARXIV/INVEN/inv/_QSQL189.DBF;_QSQL189.DBF;25;DATAL;D;дата;8;0;
ARXIV/INVEN/inv/_QSQL189.DBF;_QSQL189.DBF;26;ALNOV;C;символьный;20;0;
ARXIV/INVEN/inv/_QSQL189.DBF;_QSQL189.DBF;27;DATAF;D;дата;8;0;
ARXIV/INVEN/inv/_QSQL189.DBF;_QSQL189.DBF;28;TEX1;N;числовой;4;0;
ARXIV/INVEN/inv/_QSQL189.DBF;_QSQL189.DBF;29;TEX2;N;числовой;6;0;
ARXIV/INVEN/inv/_QSQL189.DBF;_QSQL189.DBF;30;DATAT;D;дата;8;0;
ARXIV/INVEN/inv/_QSQL189.DBF;_QSQL189.DBF;31;DTIK;N;числовой;4;0;
ARXIV/INVEN/inv/_QSQL383.DBF;_QSQL383.DBF;1;NOMKV;N;числовой;10;0;
ARXIV/INVEN/inv/_QSQL383.DBF;_QSQL383.DBF;2;KITAB;C;символьный;10;0;
ARXIV/INVEN/inv/_QSQL383.DBF;_QSQL383.DBF;3;SAHIFA;C;символьный;10;0;
ARXIV/INVEN/inv/_QSQL383.DBF;_QSQL383.DBF;4;KITABT;C;символьный;10;0;
ARXIV/INVEN/inv/_QSQL383.DBF;_QSQL383.DBF;5;SAHIFAT;C;символьный;10;0;
ARXIV/INVEN/inv/_QSQL383.DBF;_QSQL383.DBF;6;RAYON;C;символьный;10;0;
ARXIV/INVEN/inv/_QSQL383.DBF;_QSQL383.DBF;7;DATA;D;дата;8;0;
ARXIV/INVEN/inv/_QSQL383.DBF;_QSQL383.DBF;8;TIPM;C;символьный;20;0;
ARXIV/INVEN/inv/_QSQL383.DBF;_QSQL383.DBF;9;QIYM;N;числовой;12;0;
ARXIV/INVEN/inv/_QSQL383.DBF;_QSQL383.DBF;10;ORDER;C;символьный;12;0;
ARXIV/INVEN/inv/_QSQL383.DBF;_QSQL383.DBF;11;SARAN;C;символьный;12;0;
ARXIV/INVEN/inv/_QSQL383.DBF;_QSQL383.DBF;12;FIO;C;символьный;35;0;
ARXIV/INVEN/inv/_QSQL383.DBF;_QSQL383.DBF;13;DATAR;D;дата;8;0;
ARXIV/INVEN/inv/_QSQL383.DBF;_QSQL383.DBF;14;ADRES;C;символьный;45;0;
ARXIV/INVEN/inv/_QSQL383.DBF;_QSQL383.DBF;15;NAZAR;N;числовой;4;0;
ARXIV/INVEN/inv/_QSQL383.DBF;_QSQL383.DBF;16;OZAL;N;числовой;4;0;
ARXIV/INVEN/inv/_QSQL383.DBF;_QSQL383.DBF;17;ASASOZ;C;символьный;10;0;
ARXIV/INVEN/inv/_QSQL383.DBF;_QSQL383.DBF;18;DATAOZ;D;дата;8;0;
ARXIV/INVEN/inv/_QSQL383.DBF;_QSQL383.DBF;19;OTAG;N;числовой;4;0;
ARXIV/INVEN/inv/_QSQL383.DBF;_QSQL383.DBF;20;PLOS;N;числовой;7;2;
ARXIV/INVEN/inv/_QSQL383.DBF;_QSQL383.DBF;21;PLUM;N;числовой;7;2;
ARXIV/INVEN/inv/_QSQL383.DBF;_QSQL383.DBF;22;PLTR;N;числовой;8;2;
ARXIV/INVEN/inv/_QSQL383.DBF;_QSQL383.DBF;23;KIMN;C;символьный;15;0;
ARXIV/INVEN/inv/_QSQL383.DBF;_QSQL383.DBF;24;ASAS;C;символьный;10;0;
ARXIV/INVEN/inv/_QSQL383.DBF;_QSQL383.DBF;25;DATAN;D;дата;8;0;
ARXIV/INVEN/inv/_QSQL383.DBF;_QSQL383.DBF;26;IDAR;C;символьный;20;0;
ARXIV/INVEN/inv/_QSQL383.DBF;_QSQL383.DBF;27;DATAL;D;дата;8;0;
ARXIV/INVEN/inv/_QSQL383.DBF;_QSQL383.DBF;28;ALNOV;C;символьный;20;0;
ARXIV/INVEN/inv/_QSQL383.DBF;_QSQL383.DBF;29;DATAF;D;дата;8;0;
ARXIV/INVEN/inv/_QSQL383.DBF;_QSQL383.DBF;30;TEX1;N;числовой;4;0;
ARXIV/INVEN/inv/_QSQL383.DBF;_QSQL383.DBF;31;TEX2;N;числовой;6;0;
ARXIV/INVEN/inv/_QSQL383.DBF;_QSQL383.DBF;32;DATAT;D;дата;8;0;
ARXIV/INVEN/inv/_QSQL383.DBF;_QSQL383.DBF;33;DTIK;N;числовой;4;0;
ARXIV/INVEN/inv/_QSQL390.DBF;_QSQL390.DBF;1;NOMKV;N;числовой;10;0;
ARXIV/INVEN/inv/_QSQL390.DBF;_QSQL390.DBF;2;KITAB;C;символьный;10;0;
ARXIV/INVEN/inv/_QSQL390.DBF;_QSQL390.DBF;3;SAHIFA;C;символьный;10;0;
ARXIV/INVEN/inv/_QSQL390.DBF;_QSQL390.DBF;4;RAYON;C;символьный;10;0;
ARXIV/INVEN/inv/_QSQL390.DBF;_QSQL390.DBF;5;DATA;D;дата;8;0;
ARXIV/INVEN/inv/_QSQL390.DBF;_QSQL390.DBF;6;TIPM;C;символьный;20;0;
ARXIV/INVEN/inv/_QSQL390.DBF;_QSQL390.DBF;7;QIYM;N;числовой;12;0;
ARXIV/INVEN/inv/_QSQL390.DBF;_QSQL390.DBF;8;ORDER;C;символьный;12;0;
ARXIV/INVEN/inv/_QSQL390.DBF;_QSQL390.DBF;9;SARAN;C;символьный;12;0;
ARXIV/INVEN/inv/_QSQL390.DBF;_QSQL390.DBF;10;FIO;C;символьный;35;0;
ARXIV/INVEN/inv/_QSQL390.DBF;_QSQL390.DBF;11;DATAR;D;дата;8;0;
ARXIV/INVEN/inv/_QSQL390.DBF;_QSQL390.DBF;12;ADRES;C;символьный;45;0;
ARXIV/INVEN/inv/_QSQL390.DBF;_QSQL390.DBF;13;NAZAR;N;числовой;4;0;
ARXIV/INVEN/inv/_QSQL390.DBF;_QSQL390.DBF;14;OZAL;N;числовой;4;0;
ARXIV/INVEN/inv/_QSQL390.DBF;_QSQL390.DBF;15;ASASOZ;C;символьный;10;0;
ARXIV/INVEN/inv/_QSQL390.DBF;_QSQL390.DBF;16;DATAOZ;D;дата;8;0;
ARXIV/INVEN/inv/_QSQL390.DBF;_QSQL390.DBF;17;OTAG;N;числовой;4;0;
ARXIV/INVEN/inv/_QSQL390.DBF;_QSQL390.DBF;18;PLOS;N;числовой;7;2;
ARXIV/INVEN/inv/_QSQL390.DBF;_QSQL390.DBF;19;PLUM;N;числовой;7;2;
ARXIV/INVEN/inv/_QSQL390.DBF;_QSQL390.DBF;20;PLTR;N;числовой;8;2;
ARXIV/INVEN/inv/_QSQL390.DBF;_QSQL390.DBF;21;KIMN;C;символьный;15;0;
ARXIV/INVEN/inv/_QSQL390.DBF;_QSQL390.DBF;22;ASAS;C;символьный;10;0;
ARXIV/INVEN/inv/_QSQL390.DBF;_QSQL390.DBF;23;DATAN;D;дата;8;0;
ARXIV/INVEN/inv/_QSQL390.DBF;_QSQL390.DBF;24;IDAR;C;символьный;20;0;
ARXIV/INVEN/inv/_QSQL390.DBF;_QSQL390.DBF;25;DATAL;D;дата;8;0;
ARXIV/INVEN/inv/_QSQL390.DBF;_QSQL390.DBF;26;ALNOV;C;символьный;20;0;
ARXIV/INVEN/inv/_QSQL390.DBF;_QSQL390.DBF;27;DATAF;D;дата;8;0;
ARXIV/INVEN/inv/_QSQL390.DBF;_QSQL390.DBF;28;TEX1;N;числовой;4;0;
ARXIV/INVEN/inv/_QSQL390.DBF;_QSQL390.DBF;29;TEX2;N;числовой;6;0;
ARXIV/INVEN/inv/_QSQL390.DBF;_QSQL390.DBF;30;DATAT;D;дата;8;0;
ARXIV/INVEN/inv/_QSQL390.DBF;_QSQL390.DBF;31;DTIK;N;числовой;4;0;
ARXIV/INVEN/inv/_QSQL395.DBF;_QSQL395.DBF;1;NOMKV;N;числовой;10;0;
ARXIV/INVEN/inv/_QSQL395.DBF;_QSQL395.DBF;2;KITAB;C;символьный;10;0;
ARXIV/INVEN/inv/_QSQL395.DBF;_QSQL395.DBF;3;SAHIFA;C;символьный;10;0;
ARXIV/INVEN/inv/_QSQL395.DBF;_QSQL395.DBF;4;RAYON;C;символьный;10;0;
ARXIV/INVEN/inv/_QSQL395.DBF;_QSQL395.DBF;5;DATA;D;дата;8;0;
ARXIV/INVEN/inv/_QSQL395.DBF;_QSQL395.DBF;6;TIPM;C;символьный;20;0;
ARXIV/INVEN/inv/_QSQL395.DBF;_QSQL395.DBF;7;QIYM;N;числовой;12;0;
ARXIV/INVEN/inv/_QSQL395.DBF;_QSQL395.DBF;8;ORDER;C;символьный;12;0;
ARXIV/INVEN/inv/_QSQL395.DBF;_QSQL395.DBF;9;SARAN;C;символьный;12;0;
ARXIV/INVEN/inv/_QSQL395.DBF;_QSQL395.DBF;10;FIO;C;символьный;35;0;
ARXIV/INVEN/inv/_QSQL395.DBF;_QSQL395.DBF;11;DATAR;D;дата;8;0;
ARXIV/INVEN/inv/_QSQL395.DBF;_QSQL395.DBF;12;ADRES;C;символьный;45;0;
ARXIV/INVEN/inv/_QSQL395.DBF;_QSQL395.DBF;13;NAZAR;N;числовой;4;0;
ARXIV/INVEN/inv/_QSQL395.DBF;_QSQL395.DBF;14;OZAL;N;числовой;4;0;
ARXIV/INVEN/inv/_QSQL395.DBF;_QSQL395.DBF;15;ASASOZ;C;символьный;10;0;
ARXIV/INVEN/inv/_QSQL395.DBF;_QSQL395.DBF;16;DATAOZ;D;дата;8;0;
ARXIV/INVEN/inv/_QSQL395.DBF;_QSQL395.DBF;17;OTAG;N;числовой;4;0;
ARXIV/INVEN/inv/_QSQL395.DBF;_QSQL395.DBF;18;PLOS;N;числовой;7;2;
ARXIV/INVEN/inv/_QSQL395.DBF;_QSQL395.DBF;19;PLUM;N;числовой;7;2;
ARXIV/INVEN/inv/_QSQL395.DBF;_QSQL395.DBF;20;PLTR;N;числовой;8;2;
ARXIV/INVEN/inv/_QSQL395.DBF;_QSQL395.DBF;21;KIMN;C;символьный;15;0;
ARXIV/INVEN/inv/_QSQL395.DBF;_QSQL395.DBF;22;ASAS;C;символьный;10;0;
ARXIV/INVEN/inv/_QSQL395.DBF;_QSQL395.DBF;23;DATAN;D;дата;8;0;
ARXIV/INVEN/inv/_QSQL395.DBF;_QSQL395.DBF;24;IDAR;C;символьный;20;0;
ARXIV/INVEN/inv/_QSQL395.DBF;_QSQL395.DBF;25;DATAL;D;дата;8;0;
ARXIV/INVEN/inv/_QSQL395.DBF;_QSQL395.DBF;26;ALNOV;C;символьный;20;0;
ARXIV/INVEN/inv/_QSQL395.DBF;_QSQL395.DBF;27;DATAF;D;дата;8;0;
ARXIV/INVEN/inv/_QSQL395.DBF;_QSQL395.DBF;28;TEX1;N;числовой;4;0;
ARXIV/INVEN/inv/_QSQL395.DBF;_QSQL395.DBF;29;TEX2;N;числовой;6;0;
ARXIV/INVEN/inv/_QSQL395.DBF;_QSQL395.DBF;30;DATAT;D;дата;8;0;
ARXIV/INVEN/inv/_QSQL395.DBF;_QSQL395.DBF;31;DTIK;N;числовой;4;0;
ARXIV/INVEN/inv/_QSQL813.DBF;_QSQL813.DBF;1;NOMKV;N;числовой;10;0;
ARXIV/INVEN/inv/_QSQL813.DBF;_QSQL813.DBF;2;KITAB;C;символьный;10;0;
ARXIV/INVEN/inv/_QSQL813.DBF;_QSQL813.DBF;3;SAHIFA;C;символьный;10;0;
ARXIV/INVEN/inv/_QSQL813.DBF;_QSQL813.DBF;4;KITABT;C;символьный;10;0;
ARXIV/INVEN/inv/_QSQL813.DBF;_QSQL813.DBF;5;SAHIFAT;C;символьный;10;0;
ARXIV/INVEN/inv/_QSQL813.DBF;_QSQL813.DBF;6;RAYON;C;символьный;10;0;
ARXIV/INVEN/inv/_QSQL813.DBF;_QSQL813.DBF;7;DATA;D;дата;8;0;
ARXIV/INVEN/inv/_QSQL813.DBF;_QSQL813.DBF;8;TIPM;C;символьный;20;0;
ARXIV/INVEN/inv/_QSQL813.DBF;_QSQL813.DBF;9;QIYM;N;числовой;12;0;
ARXIV/INVEN/inv/_QSQL813.DBF;_QSQL813.DBF;10;ORDER;C;символьный;12;0;
ARXIV/INVEN/inv/_QSQL813.DBF;_QSQL813.DBF;11;SARAN;C;символьный;12;0;
ARXIV/INVEN/inv/_QSQL813.DBF;_QSQL813.DBF;12;FIO;C;символьный;35;0;
ARXIV/INVEN/inv/_QSQL813.DBF;_QSQL813.DBF;13;DATAR;D;дата;8;0;
ARXIV/INVEN/inv/_QSQL813.DBF;_QSQL813.DBF;14;ADRES;C;символьный;45;0;
ARXIV/INVEN/inv/_QSQL813.DBF;_QSQL813.DBF;15;NAZAR;N;числовой;4;0;
ARXIV/INVEN/inv/_QSQL813.DBF;_QSQL813.DBF;16;OZAL;N;числовой;4;0;
ARXIV/INVEN/inv/_QSQL813.DBF;_QSQL813.DBF;17;ASASOZ;C;символьный;10;0;
ARXIV/INVEN/inv/_QSQL813.DBF;_QSQL813.DBF;18;DATAOZ;D;дата;8;0;
ARXIV/INVEN/inv/_QSQL813.DBF;_QSQL813.DBF;19;OTAG;N;числовой;4;0;
ARXIV/INVEN/inv/_QSQL813.DBF;_QSQL813.DBF;20;PLOS;N;числовой;7;2;
ARXIV/INVEN/inv/_QSQL813.DBF;_QSQL813.DBF;21;PLUM;N;числовой;7;2;
ARXIV/INVEN/inv/_QSQL813.DBF;_QSQL813.DBF;22;PLTR;N;числовой;8;2;
ARXIV/INVEN/inv/_QSQL813.DBF;_QSQL813.DBF;23;KIMN;C;символьный;15;0;
ARXIV/INVEN/inv/_QSQL813.DBF;_QSQL813.DBF;24;ASAS;C;символьный;10;0;
ARXIV/INVEN/inv/_QSQL813.DBF;_QSQL813.DBF;25;DATAN;D;дата;8;0;
ARXIV/INVEN/inv/_QSQL813.DBF;_QSQL813.DBF;26;IDAR;C;символьный;20;0;
ARXIV/INVEN/inv/_QSQL813.DBF;_QSQL813.DBF;27;DATAL;D;дата;8;0;
ARXIV/INVEN/inv/_QSQL813.DBF;_QSQL813.DBF;28;ALNOV;C;символьный;20;0;
ARXIV/INVEN/inv/_QSQL813.DBF;_QSQL813.DBF;29;DATAF;D;дата;8;0;
ARXIV/INVEN/inv/_QSQL813.DBF;_QSQL813.DBF;30;TEX1;N;числовой;4;0;
ARXIV/INVEN/inv/_QSQL813.DBF;_QSQL813.DBF;31;TEX2;N;числовой;6;0;
ARXIV/INVEN/inv/_QSQL813.DBF;_QSQL813.DBF;32;DATAT;D;дата;8;0;
ARXIV/INVEN/inv/_QSQL813.DBF;_QSQL813.DBF;33;DTIK;N;числовой;4;0;
ARXIV/INVEN/inv/_QSQL840.DBF;_QSQL840.DBF;1;NOMKV;N;числовой;10;0;
ARXIV/INVEN/inv/_QSQL840.DBF;_QSQL840.DBF;2;KITAB;C;символьный;10;0;
ARXIV/INVEN/inv/_QSQL840.DBF;_QSQL840.DBF;3;SAHIFA;C;символьный;10;0;
ARXIV/INVEN/inv/_QSQL840.DBF;_QSQL840.DBF;4;RAYON;C;символьный;10;0;
ARXIV/INVEN/inv/_QSQL840.DBF;_QSQL840.DBF;5;DATA;D;дата;8;0;
ARXIV/INVEN/inv/_QSQL840.DBF;_QSQL840.DBF;6;TIPM;C;символьный;20;0;
ARXIV/INVEN/inv/_QSQL840.DBF;_QSQL840.DBF;7;QIYM;N;числовой;12;0;
ARXIV/INVEN/inv/_QSQL840.DBF;_QSQL840.DBF;8;ORDER;C;символьный;12;0;
ARXIV/INVEN/inv/_QSQL840.DBF;_QSQL840.DBF;9;SARAN;C;символьный;12;0;
ARXIV/INVEN/inv/_QSQL840.DBF;_QSQL840.DBF;10;FIO;C;символьный;35;0;
ARXIV/INVEN/inv/_QSQL840.DBF;_QSQL840.DBF;11;DATAR;D;дата;8;0;
ARXIV/INVEN/inv/_QSQL840.DBF;_QSQL840.DBF;12;ADRES;C;символьный;45;0;
ARXIV/INVEN/inv/_QSQL840.DBF;_QSQL840.DBF;13;NAZAR;N;числовой;4;0;
ARXIV/INVEN/inv/_QSQL840.DBF;_QSQL840.DBF;14;OZAL;N;числовой;4;0;
ARXIV/INVEN/inv/_QSQL840.DBF;_QSQL840.DBF;15;ASASOZ;C;символьный;10;0;
ARXIV/INVEN/inv/_QSQL840.DBF;_QSQL840.DBF;16;DATAOZ;D;дата;8;0;
ARXIV/INVEN/inv/_QSQL840.DBF;_QSQL840.DBF;17;OTAG;N;числовой;4;0;
ARXIV/INVEN/inv/_QSQL840.DBF;_QSQL840.DBF;18;PLOS;N;числовой;7;2;
ARXIV/INVEN/inv/_QSQL840.DBF;_QSQL840.DBF;19;PLUM;N;числовой;7;2;
ARXIV/INVEN/inv/_QSQL840.DBF;_QSQL840.DBF;20;PLTR;N;числовой;8;2;
ARXIV/INVEN/inv/_QSQL840.DBF;_QSQL840.DBF;21;KIMN;C;символьный;15;0;
ARXIV/INVEN/inv/_QSQL840.DBF;_QSQL840.DBF;22;ASAS;C;символьный;10;0;
ARXIV/INVEN/inv/_QSQL840.DBF;_QSQL840.DBF;23;DATAN;D;дата;8;0;
ARXIV/INVEN/inv/_QSQL840.DBF;_QSQL840.DBF;24;IDAR;C;символьный;20;0;
ARXIV/INVEN/inv/_QSQL840.DBF;_QSQL840.DBF;25;DATAL;D;дата;8;0;
ARXIV/INVEN/inv/_QSQL840.DBF;_QSQL840.DBF;26;ALNOV;C;символьный;20;0;
ARXIV/INVEN/inv/_QSQL840.DBF;_QSQL840.DBF;27;DATAF;D;дата;8;0;
ARXIV/INVEN/inv/_QSQL840.DBF;_QSQL840.DBF;28;TEX1;N;числовой;4;0;
ARXIV/INVEN/inv/_QSQL840.DBF;_QSQL840.DBF;29;TEX2;N;числовой;6;0;
ARXIV/INVEN/inv/_QSQL840.DBF;_QSQL840.DBF;30;DATAT;D;дата;8;0;
ARXIV/INVEN/inv/_QSQL840.DBF;_QSQL840.DBF;31;DTIK;N;числовой;4;0;
ARXIV/INVEN/inv/_QSQL876.DBF;_QSQL876.DBF;1;NOMKV;N;числовой;10;0;
ARXIV/INVEN/inv/_QSQL876.DBF;_QSQL876.DBF;2;KITAB;C;символьный;10;0;
ARXIV/INVEN/inv/_QSQL876.DBF;_QSQL876.DBF;3;SAHIFA;C;символьный;10;0;
ARXIV/INVEN/inv/_QSQL876.DBF;_QSQL876.DBF;4;RAYON;C;символьный;10;0;
ARXIV/INVEN/inv/_QSQL876.DBF;_QSQL876.DBF;5;DATA;D;дата;8;0;
ARXIV/INVEN/inv/_QSQL876.DBF;_QSQL876.DBF;6;TIPM;C;символьный;20;0;
ARXIV/INVEN/inv/_QSQL876.DBF;_QSQL876.DBF;7;QIYM;N;числовой;12;0;
ARXIV/INVEN/inv/_QSQL876.DBF;_QSQL876.DBF;8;ORDER;C;символьный;12;0;
ARXIV/INVEN/inv/_QSQL876.DBF;_QSQL876.DBF;9;SARAN;C;символьный;12;0;
ARXIV/INVEN/inv/_QSQL876.DBF;_QSQL876.DBF;10;FIO;C;символьный;35;0;
ARXIV/INVEN/inv/_QSQL876.DBF;_QSQL876.DBF;11;DATAR;D;дата;8;0;
ARXIV/INVEN/inv/_QSQL876.DBF;_QSQL876.DBF;12;ADRES;C;символьный;45;0;
ARXIV/INVEN/inv/_QSQL876.DBF;_QSQL876.DBF;13;NAZAR;N;числовой;4;0;
ARXIV/INVEN/inv/_QSQL876.DBF;_QSQL876.DBF;14;OZAL;N;числовой;4;0;
ARXIV/INVEN/inv/_QSQL876.DBF;_QSQL876.DBF;15;ASASOZ;C;символьный;10;0;
ARXIV/INVEN/inv/_QSQL876.DBF;_QSQL876.DBF;16;DATAOZ;D;дата;8;0;
ARXIV/INVEN/inv/_QSQL876.DBF;_QSQL876.DBF;17;OTAG;N;числовой;4;0;
ARXIV/INVEN/inv/_QSQL876.DBF;_QSQL876.DBF;18;PLOS;N;числовой;7;2;
ARXIV/INVEN/inv/_QSQL876.DBF;_QSQL876.DBF;19;PLUM;N;числовой;7;2;
ARXIV/INVEN/inv/_QSQL876.DBF;_QSQL876.DBF;20;PLTR;N;числовой;8;2;
ARXIV/INVEN/inv/_QSQL876.DBF;_QSQL876.DBF;21;KIMN;C;символьный;15;0;
ARXIV/INVEN/inv/_QSQL876.DBF;_QSQL876.DBF;22;ASAS;C;символьный;10;0;
ARXIV/INVEN/inv/_QSQL876.DBF;_QSQL876.DBF;23;DATAN;D;дата;8;0;
ARXIV/INVEN/inv/_QSQL876.DBF;_QSQL876.DBF;24;IDAR;C;символьный;20;0;
ARXIV/INVEN/inv/_QSQL876.DBF;_QSQL876.DBF;25;DATAL;D;дата;8;0;
ARXIV/INVEN/inv/_QSQL876.DBF;_QSQL876.DBF;26;ALNOV;C;символьный;20;0;
ARXIV/INVEN/inv/_QSQL876.DBF;_QSQL876.DBF;27;DATAF;D;дата;8;0;
ARXIV/INVEN/inv/_QSQL876.DBF;_QSQL876.DBF;28;TEX1;N;числовой;4;0;
ARXIV/INVEN/inv/_QSQL876.DBF;_QSQL876.DBF;29;TEX2;N;числовой;6;0;
ARXIV/INVEN/inv/_QSQL876.DBF;_QSQL876.DBF;30;DATAT;D;дата;8;0;
ARXIV/INVEN/inv/_QSQL876.DBF;_QSQL876.DBF;31;DTIK;N;числовой;4;0;
ARXIV/INVEN/inv/_QSQL973.DBF;_QSQL973.DBF;1;NOMKV;N;числовой;10;0;
ARXIV/INVEN/inv/_QSQL973.DBF;_QSQL973.DBF;2;KITAB;C;символьный;10;0;
ARXIV/INVEN/inv/_QSQL973.DBF;_QSQL973.DBF;3;SAHIFA;C;символьный;10;0;
ARXIV/INVEN/inv/_QSQL973.DBF;_QSQL973.DBF;4;RAYON;C;символьный;10;0;
ARXIV/INVEN/inv/_QSQL973.DBF;_QSQL973.DBF;5;DATA;D;дата;8;0;
ARXIV/INVEN/inv/_QSQL973.DBF;_QSQL973.DBF;6;TIPM;C;символьный;20;0;
ARXIV/INVEN/inv/_QSQL973.DBF;_QSQL973.DBF;7;QIYM;N;числовой;12;0;
ARXIV/INVEN/inv/_QSQL973.DBF;_QSQL973.DBF;8;ORDER;C;символьный;12;0;
ARXIV/INVEN/inv/_QSQL973.DBF;_QSQL973.DBF;9;SARAN;C;символьный;12;0;
ARXIV/INVEN/inv/_QSQL973.DBF;_QSQL973.DBF;10;FIO;C;символьный;35;0;
ARXIV/INVEN/inv/_QSQL973.DBF;_QSQL973.DBF;11;DATAR;D;дата;8;0;
ARXIV/INVEN/inv/_QSQL973.DBF;_QSQL973.DBF;12;ADRES;C;символьный;45;0;
ARXIV/INVEN/inv/_QSQL973.DBF;_QSQL973.DBF;13;NAZAR;N;числовой;4;0;
ARXIV/INVEN/inv/_QSQL973.DBF;_QSQL973.DBF;14;OZAL;N;числовой;4;0;
ARXIV/INVEN/inv/_QSQL973.DBF;_QSQL973.DBF;15;ASASOZ;C;символьный;10;0;
ARXIV/INVEN/inv/_QSQL973.DBF;_QSQL973.DBF;16;DATAOZ;D;дата;8;0;
ARXIV/INVEN/inv/_QSQL973.DBF;_QSQL973.DBF;17;OTAG;N;числовой;4;0;
ARXIV/INVEN/inv/_QSQL973.DBF;_QSQL973.DBF;18;PLOS;N;числовой;7;2;
ARXIV/INVEN/inv/_QSQL973.DBF;_QSQL973.DBF;19;PLUM;N;числовой;7;2;
ARXIV/INVEN/inv/_QSQL973.DBF;_QSQL973.DBF;20;PLTR;N;числовой;8;2;
ARXIV/INVEN/inv/_QSQL973.DBF;_QSQL973.DBF;21;KIMN;C;символьный;15;0;
ARXIV/INVEN/inv/_QSQL973.DBF;_QSQL973.DBF;22;ASAS;C;символьный;10;0;
ARXIV/INVEN/inv/_QSQL973.DBF;_QSQL973.DBF;23;DATAN;D;дата;8;0;
ARXIV/INVEN/inv/_QSQL973.DBF;_QSQL973.DBF;24;IDAR;C;символьный;20;0;
ARXIV/INVEN/inv/_QSQL973.DBF;_QSQL973.DBF;25;DATAL;D;дата;8;0;
ARXIV/INVEN/inv/_QSQL973.DBF;_QSQL973.DBF;26;ALNOV;C;символьный;20;0;
ARXIV/INVEN/inv/_QSQL973.DBF;_QSQL973.DBF;27;DATAF;D;дата;8;0;
ARXIV/INVEN/inv/_QSQL973.DBF;_QSQL973.DBF;28;TEX1;N;числовой;4;0;
ARXIV/INVEN/inv/_QSQL973.DBF;_QSQL973.DBF;29;TEX2;N;числовой;6;0;
ARXIV/INVEN/inv/_QSQL973.DBF;_QSQL973.DBF;30;DATAT;D;дата;8;0;
ARXIV/INVEN/inv/_QSQL973.DBF;_QSQL973.DBF;31;DTIK;N;числовой;4;0;
ARXIV/INVEN/inv/__KYT982.DBF;__KYT982.DBF;1;KEYREC;C;символьный;4;0;
ARXIV/INVEN/inv/__KYT982.DBF;__KYT982.DBF;2;KEYFLD;C;символьный;20;0;
ARXIV/INVEN/inv/mulk.BAK;mulk.BAK;1;NOMKV;N;числовой;10;0;
ARXIV/INVEN/inv/mulk.BAK;mulk.BAK;2;KITAB;C;символьный;10;0;
ARXIV/INVEN/inv/mulk.BAK;mulk.BAK;3;SAHIFA;C;символьный;10;0;
ARXIV/INVEN/inv/mulk.BAK;mulk.BAK;4;RAYON;C;символьный;10;0;
ARXIV/INVEN/inv/mulk.BAK;mulk.BAK;5;DATA;D;дата;8;0;
ARXIV/INVEN/inv/mulk.BAK;mulk.BAK;6;TIPM;C;символьный;20;0;
ARXIV/INVEN/inv/mulk.BAK;mulk.BAK;7;QIYM;N;числовой;12;0;
ARXIV/INVEN/inv/mulk.BAK;mulk.BAK;8;ORDER;C;символьный;12;0;
ARXIV/INVEN/inv/mulk.BAK;mulk.BAK;9;SARAN;C;символьный;12;0;
ARXIV/INVEN/inv/mulk.BAK;mulk.BAK;10;FIO;C;символьный;35;0;
ARXIV/INVEN/inv/mulk.BAK;mulk.BAK;11;DATAR;D;дата;8;0;
ARXIV/INVEN/inv/mulk.BAK;mulk.BAK;12;ADRES;C;символьный;45;0;
ARXIV/INVEN/inv/mulk.BAK;mulk.BAK;13;NAZAR;N;числовой;1;0;
ARXIV/INVEN/inv/mulk.BAK;mulk.BAK;14;OZAL;N;числовой;1;0;
ARXIV/INVEN/inv/mulk.BAK;mulk.BAK;15;ASASOZ;C;символьный;10;0;
ARXIV/INVEN/inv/mulk.BAK;mulk.BAK;16;DATAOZ;D;дата;8;0;
ARXIV/INVEN/inv/mulk.BAK;mulk.BAK;17;OTAG;N;числовой;2;0;
ARXIV/INVEN/inv/mulk.BAK;mulk.BAK;18;PLOS;N;числовой;7;2;
ARXIV/INVEN/inv/mulk.BAK;mulk.BAK;19;PLUM;N;числовой;7;2;
ARXIV/INVEN/inv/mulk.BAK;mulk.BAK;20;PLTR;N;числовой;8;2;
ARXIV/INVEN/inv/mulk.BAK;mulk.BAK;21;KIMN;C;символьный;15;0;
ARXIV/INVEN/inv/mulk.BAK;mulk.BAK;22;ASAS;C;символьный;10;0;
ARXIV/INVEN/inv/mulk.BAK;mulk.BAK;23;DATAN;D;дата;8;0;
ARXIV/INVEN/inv/mulk.BAK;mulk.BAK;24;IDAR;C;символьный;20;0;
ARXIV/INVEN/inv/mulk.BAK;mulk.BAK;25;DATAL;D;дата;8;0;
ARXIV/INVEN/inv/mulk.BAK;mulk.BAK;26;ALNOV;C;символьный;20;0;
ARXIV/INVEN/inv/mulk.BAK;mulk.BAK;27;DATAF;D;дата;8;0;
ARXIV/INVEN/inv/mulk.BAK;mulk.BAK;28;TEX1;N;числовой;2;0;
ARXIV/INVEN/inv/mulk.BAK;mulk.BAK;29;TEX2;N;числовой;6;0;
ARXIV/INVEN/inv/mulk.BAK;mulk.BAK;30;DATAT;D;дата;8;0;
ARXIV/INVEN/inv/mulk.BAK;mulk.BAK;31;DTIK;N;числовой;4;0;
ARXIV/INVEN/inv/mulk.DBF;mulk.DBF;1;NOMKV;N;числовой;10;0;
ARXIV/INVEN/inv/mulk.DBF;mulk.DBF;2;KITAB;C;символьный;10;0;
ARXIV/INVEN/inv/mulk.DBF;mulk.DBF;3;SAHIFA;C;символьный;10;0;
ARXIV/INVEN/inv/mulk.DBF;mulk.DBF;4;KITABT;C;символьный;10;0;
ARXIV/INVEN/inv/mulk.DBF;mulk.DBF;5;SAHIFAT;C;символьный;10;0;
ARXIV/INVEN/inv/mulk.DBF;mulk.DBF;6;RAYON;C;символьный;10;0;
ARXIV/INVEN/inv/mulk.DBF;mulk.DBF;7;DATA;D;дата;8;0;
ARXIV/INVEN/inv/mulk.DBF;mulk.DBF;8;TIPM;C;символьный;20;0;
ARXIV/INVEN/inv/mulk.DBF;mulk.DBF;9;QIYM;N;числовой;12;0;
ARXIV/INVEN/inv/mulk.DBF;mulk.DBF;10;ORDER;C;символьный;12;0;
ARXIV/INVEN/inv/mulk.DBF;mulk.DBF;11;SARAN;C;символьный;12;0;
ARXIV/INVEN/inv/mulk.DBF;mulk.DBF;12;FIO;C;символьный;35;0;
ARXIV/INVEN/inv/mulk.DBF;mulk.DBF;13;DATAR;D;дата;8;0;
ARXIV/INVEN/inv/mulk.DBF;mulk.DBF;14;ADRES;C;символьный;45;0;
ARXIV/INVEN/inv/mulk.DBF;mulk.DBF;15;NAZAR;N;числовой;1;0;
ARXIV/INVEN/inv/mulk.DBF;mulk.DBF;16;OZAL;N;числовой;1;0;
ARXIV/INVEN/inv/mulk.DBF;mulk.DBF;17;ASASOZ;C;символьный;10;0;
ARXIV/INVEN/inv/mulk.DBF;mulk.DBF;18;DATAOZ;D;дата;8;0;
ARXIV/INVEN/inv/mulk.DBF;mulk.DBF;19;OTAG;N;числовой;2;0;
ARXIV/INVEN/inv/mulk.DBF;mulk.DBF;20;PLOS;N;числовой;7;2;
ARXIV/INVEN/inv/mulk.DBF;mulk.DBF;21;PLUM;N;числовой;7;2;
ARXIV/INVEN/inv/mulk.DBF;mulk.DBF;22;PLTR;N;числовой;8;2;
ARXIV/INVEN/inv/mulk.DBF;mulk.DBF;23;KIMN;C;символьный;15;0;
ARXIV/INVEN/inv/mulk.DBF;mulk.DBF;24;ASAS;C;символьный;10;0;
ARXIV/INVEN/inv/mulk.DBF;mulk.DBF;25;DATAN;D;дата;8;0;
ARXIV/INVEN/inv/mulk.DBF;mulk.DBF;26;IDAR;C;символьный;20;0;
ARXIV/INVEN/inv/mulk.DBF;mulk.DBF;27;DATAL;D;дата;8;0;
ARXIV/INVEN/inv/mulk.DBF;mulk.DBF;28;ALNOV;C;символьный;20;0;
ARXIV/INVEN/inv/mulk.DBF;mulk.DBF;29;DATAF;D;дата;8;0;
ARXIV/INVEN/inv/mulk.DBF;mulk.DBF;30;TEX1;N;числовой;2;0;
ARXIV/INVEN/inv/mulk.DBF;mulk.DBF;31;TEX2;N;числовой;6;0;
ARXIV/INVEN/inv/mulk.DBF;mulk.DBF;32;DATAT;D;дата;8;0;
ARXIV/INVEN/inv/mulk.DBF;mulk.DBF;33;DTIK;N;числовой;4;0;
ARXIV/INVEN/inv/tarix.BAK;tarix.BAK;1;NOMKV;N;числовой;10;0;
ARXIV/INVEN/inv/tarix.BAK;tarix.BAK;2;DATAP;D;дата;8;0;
ARXIV/INVEN/inv/tarix.BAK;tarix.BAK;3;FIO;C;символьный;35;0;
ARXIV/INVEN/inv/tarix.BAK;tarix.BAK;4;NAZAR;N;числовой;1;0;
ARXIV/INVEN/inv/tarix.BAK;tarix.BAK;5;KIMN;C;символьный;15;0;
ARXIV/INVEN/inv/tarix.BAK;tarix.BAK;6;ASAS;C;символьный;10;0;
ARXIV/INVEN/inv/tarix.BAK;tarix.BAK;7;ALNOV;C;символьный;20;0;
ARXIV/INVEN/inv/tarix.BAK;tarix.BAK;8;DATAN;D;дата;8;0;
ARXIV/INVEN/inv/tarix.DBF;tarix.DBF;1;NOMKV;N;числовой;10;0;
ARXIV/INVEN/inv/tarix.DBF;tarix.DBF;2;DATAP;D;дата;8;0;
ARXIV/INVEN/inv/tarix.DBF;tarix.DBF;3;FIO;C;символьный;35;0;
ARXIV/INVEN/inv/tarix.DBF;tarix.DBF;4;DATAR;D;дата;8;0;
ARXIV/INVEN/inv/tarix.DBF;tarix.DBF;5;NAZAR;N;числовой;1;0;
ARXIV/INVEN/inv/tarix.DBF;tarix.DBF;6;KIMN;C;символьный;15;0;
ARXIV/INVEN/inv/tarix.DBF;tarix.DBF;7;ASAS;C;символьный;10;0;
ARXIV/INVEN/inv/tarix.DBF;tarix.DBF;8;ALNOV;C;символьный;20;0;
ARXIV/INVEN/inv/tarix.DBF;tarix.DBF;9;DATAN;D;дата;8;0;
ARXIV/INVEN/inv/ulk.DBF;ulk.DBF;1;NOMKV;N;числовой;10;0;
ARXIV/INVEN/inv/ulk.DBF;ulk.DBF;2;KITAB;C;символьный;10;0;
ARXIV/INVEN/inv/ulk.DBF;ulk.DBF;3;SAHIFA;C;символьный;10;0;
ARXIV/INVEN/inv/ulk.DBF;ulk.DBF;4;RAYON;C;символьный;10;0;
ARXIV/INVEN/inv/ulk.DBF;ulk.DBF;5;DATA;D;дата;8;0;
ARXIV/INVEN/inv/ulk.DBF;ulk.DBF;6;TIPM;C;символьный;20;0;
ARXIV/INVEN/inv/ulk.DBF;ulk.DBF;7;QIYM;N;числовой;12;0;
ARXIV/INVEN/inv/ulk.DBF;ulk.DBF;8;ORDER;C;символьный;12;0;
ARXIV/INVEN/inv/ulk.DBF;ulk.DBF;9;SARAN;C;символьный;12;0;
ARXIV/INVEN/inv/ulk.DBF;ulk.DBF;10;FIO;C;символьный;35;0;
ARXIV/INVEN/inv/ulk.DBF;ulk.DBF;11;DATAR;D;дата;8;0;
ARXIV/INVEN/inv/ulk.DBF;ulk.DBF;12;ADRES;C;символьный;45;0;
ARXIV/INVEN/inv/ulk.DBF;ulk.DBF;13;NAZAR;N;числовой;1;0;
ARXIV/INVEN/inv/ulk.DBF;ulk.DBF;14;OZAL;N;числовой;1;0;
ARXIV/INVEN/inv/ulk.DBF;ulk.DBF;15;ASASOZ;C;символьный;10;0;
ARXIV/INVEN/inv/ulk.DBF;ulk.DBF;16;DATAOZ;D;дата;8;0;
ARXIV/INVEN/inv/ulk.DBF;ulk.DBF;17;OTAG;N;числовой;2;0;
ARXIV/INVEN/inv/ulk.DBF;ulk.DBF;18;PLOS;N;числовой;7;2;
ARXIV/INVEN/inv/ulk.DBF;ulk.DBF;19;PLUM;N;числовой;7;2;
ARXIV/INVEN/inv/ulk.DBF;ulk.DBF;20;PLTR;N;числовой;8;2;
ARXIV/INVEN/inv/ulk.DBF;ulk.DBF;21;KIMN;C;символьный;15;0;
ARXIV/INVEN/inv/ulk.DBF;ulk.DBF;22;ASAS;C;символьный;10;0;
ARXIV/INVEN/inv/ulk.DBF;ulk.DBF;23;DATAN;D;дата;8;0;
ARXIV/INVEN/inv/ulk.DBF;ulk.DBF;24;IDAR;C;символьный;20;0;
ARXIV/INVEN/inv/ulk.DBF;ulk.DBF;25;DATAL;D;дата;8;0;
ARXIV/INVEN/inv/ulk.DBF;ulk.DBF;26;ALNOV;C;символьный;20;0;
ARXIV/INVEN/inv/ulk.DBF;ulk.DBF;27;DATAF;D;дата;8;0;
ARXIV/INVEN/inv/ulk.DBF;ulk.DBF;28;TEX1;N;числовой;2;0;
ARXIV/INVEN/inv/ulk.DBF;ulk.DBF;29;TEX2;N;числовой;6;0;
ARXIV/INVEN/inv/ulk.DBF;ulk.DBF;30;DATAT;D;дата;8;0;
ARXIV/INVEN/inv/ulk.DBF;ulk.DBF;31;DTIK;N;числовой;4;0;
ARXIV/INVEN/inv/ARXIV/FIO.DBF;FIO.DBF;1;USER;C;символьный;10;0;
ARXIV/INVEN/inv/ARXIV/FIO.DBF;FIO.DBF;2;SERVIS;C;символьный;40;0;
ARXIV/INVEN/inv/BDE/FIO.DBF;FIO.DBF;1;DIREK;C;символьный;25;0;
ARXIV/INVEN/inv/BDE/FIO.DBF;FIO.DBF;2;PAROL;C;символьный;10;0;
ARXIV/UDH3/UDH3/FOXUSER.DBF;FOXUSER.DBF;1;TYPE;C;символьный;12;0;
ARXIV/UDH3/UDH3/FOXUSER.DBF;FOXUSER.DBF;2;ID;C;символьный;12;0;
ARXIV/UDH3/UDH3/FOXUSER.DBF;FOXUSER.DBF;3;NAME;M;memo (текст);4;0;
ARXIV/UDH3/UDH3/FOXUSER.DBF;FOXUSER.DBF;4;READONLY;L;логический;1;0;
ARXIV/UDH3/UDH3/FOXUSER.DBF;FOXUSER.DBF;5;CKVAL;N;числовой;6;0;
ARXIV/UDH3/UDH3/FOXUSER.DBF;FOXUSER.DBF;6;DATA;M;memo (текст);4;0;
ARXIV/UDH3/UDH3/FOXUSER.DBF;FOXUSER.DBF;7;UPDATED;D;дата;8;0;
ARXIV/UDH3/UDH3/RAYON.DBF;RAYON.DBF;1;RAYON;C;символьный;30;0;
ARXIV/UDH3/UDH3/RAYON.DBF;RAYON.DBF;2;N;N;числовой;2;0;
ARXIV/UDH3/UDH3/UKAZ.DBF;UKAZ.DBF;1;UKAZANIE;C;символьный;100;0;
ARXIV/UDH3/UDH3/UKAZ.DBF;UKAZ.DBF;2;NU;N;числовой;2;0;
ARXIV/UDH3/UDH3/buh.BAK;buh.BAK;1;IDENT_COD;N;числовой;7;0;
ARXIV/UDH3/UDH3/buh.BAK;buh.BAK;2;YEARS;N;числовой;4;0;
ARXIV/UDH3/UDH3/buh.BAK;buh.BAK;3;SKIDKA;N;числовой;2;0;
ARXIV/UDH3/UDH3/buh.BAK;buh.BAK;4;ZACHEM;C;символьный;15;0;
ARXIV/UDH3/UDH3/buh.BAK;buh.BAK;5;S_GILOY;N;числовой;7;3;
ARXIV/UDH3/UDH3/buh.BAK;buh.BAK;6;ST1M;N;числовой;10;0;
ARXIV/UDH3/UDH3/buh.BAK;buh.BAK;7;DTG;N;числовой;10;0;
ARXIV/UDH3/UDH3/buh.BAK;buh.BAK;8;KRG;N;числовой;10;0;
ARXIV/UDH3/UDH3/buh.BAK;buh.BAK;9;NACHIS;N;числовой;10;0;
ARXIV/UDH3/UDH3/buh.BAK;buh.BAK;10;M1;N;числовой;10;0;
ARXIV/UDH3/UDH3/buh.BAK;buh.BAK;11;M2;N;числовой;10;0;
ARXIV/UDH3/UDH3/buh.BAK;buh.BAK;12;M3;N;числовой;10;0;
ARXIV/UDH3/UDH3/buh.BAK;buh.BAK;13;NDS1;N;числовой;10;0;
ARXIV/UDH3/UDH3/buh.BAK;buh.BAK;14;HF1;N;числовой;10;0;
ARXIV/UDH3/UDH3/buh.BAK;buh.BAK;15;SKID1;N;числовой;10;0;
ARXIV/UDH3/UDH3/buh.BAK;buh.BAK;16;DT1;N;числовой;10;0;
ARXIV/UDH3/UDH3/buh.BAK;buh.BAK;17;KR1;N;числовой;10;0;
ARXIV/UDH3/UDH3/buh.BAK;buh.BAK;18;M4;N;числовой;10;0;
ARXIV/UDH3/UDH3/buh.BAK;buh.BAK;19;M5;N;числовой;10;0;
ARXIV/UDH3/UDH3/buh.BAK;buh.BAK;20;M6;N;числовой;10;0;
ARXIV/UDH3/UDH3/buh.BAK;buh.BAK;21;NDS2;N;числовой;10;0;
ARXIV/UDH3/UDH3/buh.BAK;buh.BAK;22;HF2;N;числовой;10;0;
ARXIV/UDH3/UDH3/buh.BAK;buh.BAK;23;SKID2;N;числовой;10;0;
ARXIV/UDH3/UDH3/buh.BAK;buh.BAK;24;DT2;N;числовой;10;0;
ARXIV/UDH3/UDH3/buh.BAK;buh.BAK;25;KR2;N;числовой;10;0;
ARXIV/UDH3/UDH3/buh.BAK;buh.BAK;26;M7;N;числовой;10;0;
ARXIV/UDH3/UDH3/buh.BAK;buh.BAK;27;M8;N;числовой;10;0;
ARXIV/UDH3/UDH3/buh.BAK;buh.BAK;28;M9;N;числовой;10;0;
ARXIV/UDH3/UDH3/buh.BAK;buh.BAK;29;NDS3;N;числовой;10;0;
ARXIV/UDH3/UDH3/buh.BAK;buh.BAK;30;HF3;N;числовой;10;0;
ARXIV/UDH3/UDH3/buh.BAK;buh.BAK;31;SKID3;N;числовой;10;0;
ARXIV/UDH3/UDH3/buh.BAK;buh.BAK;32;DT3;N;числовой;10;0;
ARXIV/UDH3/UDH3/buh.BAK;buh.BAK;33;KR3;N;числовой;10;0;
ARXIV/UDH3/UDH3/buh.BAK;buh.BAK;34;M10;N;числовой;10;0;
ARXIV/UDH3/UDH3/buh.BAK;buh.BAK;35;M11;N;числовой;10;0;
ARXIV/UDH3/UDH3/buh.BAK;buh.BAK;36;M12;N;числовой;10;0;
ARXIV/UDH3/UDH3/buh.BAK;buh.BAK;37;NDS4;N;числовой;10;0;
ARXIV/UDH3/UDH3/buh.BAK;buh.BAK;38;HF;N;числовой;10;0;
ARXIV/UDH3/UDH3/buh.BAK;buh.BAK;39;SKID4;N;числовой;10;0;
ARXIV/UDH3/UDH3/buh.BAK;buh.BAK;40;DT4;N;числовой;10;0;
ARXIV/UDH3/UDH3/buh.BAK;buh.BAK;41;KR4;N;числовой;10;0;
ARXIV/UDH3/UDH3/buh.dbf;buh.dbf;1;IDENT_COD;N;числовой;7;0;
ARXIV/UDH3/UDH3/buh.dbf;buh.dbf;2;YEARS;N;числовой;4;0;
ARXIV/UDH3/UDH3/buh.dbf;buh.dbf;3;SKIDKA;N;числовой;2;0;
ARXIV/UDH3/UDH3/buh.dbf;buh.dbf;4;ZACHEM;C;символьный;15;0;
ARXIV/UDH3/UDH3/buh.dbf;buh.dbf;5;S_GILOY;N;числовой;7;3;
ARXIV/UDH3/UDH3/buh.dbf;buh.dbf;6;ST1M;N;числовой;10;0;
ARXIV/UDH3/UDH3/buh.dbf;buh.dbf;7;DTG;N;числовой;10;0;
ARXIV/UDH3/UDH3/buh.dbf;buh.dbf;8;KRG;N;числовой;10;0;
ARXIV/UDH3/UDH3/buh.dbf;buh.dbf;9;NACHIS;N;числовой;10;0;
ARXIV/UDH3/UDH3/buh.dbf;buh.dbf;10;M1;N;числовой;10;0;
ARXIV/UDH3/UDH3/buh.dbf;buh.dbf;11;M2;N;числовой;10;0;
ARXIV/UDH3/UDH3/buh.dbf;buh.dbf;12;M3;N;числовой;10;0;
ARXIV/UDH3/UDH3/buh.dbf;buh.dbf;13;NDS1;N;числовой;10;0;
ARXIV/UDH3/UDH3/buh.dbf;buh.dbf;14;HF1;N;числовой;10;0;
ARXIV/UDH3/UDH3/buh.dbf;buh.dbf;15;SKID1;N;числовой;10;0;
ARXIV/UDH3/UDH3/buh.dbf;buh.dbf;16;DT1;N;числовой;10;0;
ARXIV/UDH3/UDH3/buh.dbf;buh.dbf;17;KR1;N;числовой;10;0;
ARXIV/UDH3/UDH3/buh.dbf;buh.dbf;18;M4;N;числовой;10;0;
ARXIV/UDH3/UDH3/buh.dbf;buh.dbf;19;M5;N;числовой;10;0;
ARXIV/UDH3/UDH3/buh.dbf;buh.dbf;20;M6;N;числовой;10;0;
ARXIV/UDH3/UDH3/buh.dbf;buh.dbf;21;NDS2;N;числовой;10;0;
ARXIV/UDH3/UDH3/buh.dbf;buh.dbf;22;HF2;N;числовой;10;0;
ARXIV/UDH3/UDH3/buh.dbf;buh.dbf;23;SKID2;N;числовой;10;0;
ARXIV/UDH3/UDH3/buh.dbf;buh.dbf;24;DT2;N;числовой;10;0;
ARXIV/UDH3/UDH3/buh.dbf;buh.dbf;25;KR2;N;числовой;10;0;
ARXIV/UDH3/UDH3/buh.dbf;buh.dbf;26;M7;N;числовой;10;0;
ARXIV/UDH3/UDH3/buh.dbf;buh.dbf;27;M8;N;числовой;10;0;
ARXIV/UDH3/UDH3/buh.dbf;buh.dbf;28;M9;N;числовой;10;0;
ARXIV/UDH3/UDH3/buh.dbf;buh.dbf;29;NDS3;N;числовой;10;0;
ARXIV/UDH3/UDH3/buh.dbf;buh.dbf;30;HF3;N;числовой;10;0;
ARXIV/UDH3/UDH3/buh.dbf;buh.dbf;31;SKID3;N;числовой;10;0;
ARXIV/UDH3/UDH3/buh.dbf;buh.dbf;32;DT3;N;числовой;10;0;
ARXIV/UDH3/UDH3/buh.dbf;buh.dbf;33;KR3;N;числовой;10;0;
ARXIV/UDH3/UDH3/buh.dbf;buh.dbf;34;M10;N;числовой;10;0;
ARXIV/UDH3/UDH3/buh.dbf;buh.dbf;35;M11;N;числовой;10;0;
ARXIV/UDH3/UDH3/buh.dbf;buh.dbf;36;M12;N;числовой;10;0;
ARXIV/UDH3/UDH3/buh.dbf;buh.dbf;37;NDS4;N;числовой;10;0;
ARXIV/UDH3/UDH3/buh.dbf;buh.dbf;38;HF4;N;числовой;10;0;
ARXIV/UDH3/UDH3/buh.dbf;buh.dbf;39;SKID4;N;числовой;10;0;
ARXIV/UDH3/UDH3/buh.dbf;buh.dbf;40;DT4;N;числовой;10;0;
ARXIV/UDH3/UDH3/buh.dbf;buh.dbf;41;KR4;N;числовой;10;0;
ARXIV/UDH3/UDH3/buh.dbf;buh.dbf;42;DTI;N;числовой;10;0;
ARXIV/UDH3/UDH3/buh.dbf;buh.dbf;43;KRI;N;числовой;10;0;
ARXIV/UDH3/UDH3/buhtmp.dbf;buhtmp.dbf;1;IDENT_COD;N;числовой;7;0;
ARXIV/UDH3/UDH3/buhtmp.dbf;buhtmp.dbf;2;N_DOGOVOR;N;числовой;10;0;допускает NULL
ARXIV/UDH3/UDH3/buhtmp.dbf;buhtmp.dbf;3;N_DACH;C;символьный;15;0;допускает NULL
ARXIV/UDH3/UDH3/buhtmp.dbf;buhtmp.dbf;4;EXP_4;C;символьный;67;0;допускает NULL
ARXIV/UDH3/UDH3/buhtmp.dbf;buhtmp.dbf;5;EXP_5;C;символьный;82;0;допускает NULL
ARXIV/UDH3/UDH3/buhtmp.dbf;buhtmp.dbf;6;TELEFON;C;символьный;20;0;допускает NULL
ARXIV/UDH3/UDH3/buhtmp.dbf;buhtmp.dbf;7;S_GILOY;N;числовой;7;3;
ARXIV/UDH3/UDH3/buhtmp.dbf;buhtmp.dbf;8;ST1M;N;числовой;10;0;
ARXIV/UDH3/UDH3/buhtmp.dbf;buhtmp.dbf;9;DTG;N;числовой;10;0;
ARXIV/UDH3/UDH3/buhtmp.dbf;buhtmp.dbf;10;KRG;N;числовой;10;0;
ARXIV/UDH3/UDH3/buhtmp.dbf;buhtmp.dbf;11;NACHIS;N;числовой;10;0;
ARXIV/UDH3/UDH3/buhtmp.dbf;buhtmp.dbf;12;M1;N;числовой;10;0;
ARXIV/UDH3/UDH3/buhtmp.dbf;buhtmp.dbf;13;M2;N;числовой;10;0;
ARXIV/UDH3/UDH3/buhtmp.dbf;buhtmp.dbf;14;M3;N;числовой;10;0;
ARXIV/UDH3/UDH3/buhtmp.dbf;buhtmp.dbf;15;NDS1;N;числовой;2;0;
ARXIV/UDH3/UDH3/buhtmp.dbf;buhtmp.dbf;16;HF1;N;числовой;10;0;
ARXIV/UDH3/UDH3/buhtmp.dbf;buhtmp.dbf;17;DT1;N;числовой;10;0;
ARXIV/UDH3/UDH3/buhtmp.dbf;buhtmp.dbf;18;KR1;N;числовой;10;0;
ARXIV/UDH3/UDH3/buhtmp.dbf;buhtmp.dbf;19;M4;N;числовой;10;0;
ARXIV/UDH3/UDH3/buhtmp.dbf;buhtmp.dbf;20;M5;N;числовой;10;0;
ARXIV/UDH3/UDH3/buhtmp.dbf;buhtmp.dbf;21;M6;N;числовой;10;0;
ARXIV/UDH3/UDH3/buhtmp.dbf;buhtmp.dbf;22;NDS2;N;числовой;2;0;
ARXIV/UDH3/UDH3/buhtmp.dbf;buhtmp.dbf;23;HF2;N;числовой;10;0;
ARXIV/UDH3/UDH3/buhtmp.dbf;buhtmp.dbf;24;DT2;N;числовой;10;0;
ARXIV/UDH3/UDH3/buhtmp.dbf;buhtmp.dbf;25;KR2;N;числовой;10;0;
ARXIV/UDH3/UDH3/buhtmp.dbf;buhtmp.dbf;26;M7;N;числовой;10;0;
ARXIV/UDH3/UDH3/buhtmp.dbf;buhtmp.dbf;27;M8;N;числовой;10;0;
ARXIV/UDH3/UDH3/buhtmp.dbf;buhtmp.dbf;28;M9;N;числовой;10;0;
ARXIV/UDH3/UDH3/buhtmp.dbf;buhtmp.dbf;29;NDS3;N;числовой;2;0;
ARXIV/UDH3/UDH3/buhtmp.dbf;buhtmp.dbf;30;HF3;N;числовой;10;0;
ARXIV/UDH3/UDH3/buhtmp.dbf;buhtmp.dbf;31;DT3;N;числовой;10;0;
ARXIV/UDH3/UDH3/buhtmp.dbf;buhtmp.dbf;32;KR3;N;числовой;10;0;
ARXIV/UDH3/UDH3/buhtmp.dbf;buhtmp.dbf;33;M10;N;числовой;10;0;
ARXIV/UDH3/UDH3/buhtmp.dbf;buhtmp.dbf;34;M11;N;числовой;10;0;
ARXIV/UDH3/UDH3/buhtmp.dbf;buhtmp.dbf;35;M12;N;числовой;10;0;
ARXIV/UDH3/UDH3/buhtmp.dbf;buhtmp.dbf;36;NDS4;N;числовой;10;0;
ARXIV/UDH3/UDH3/buhtmp.dbf;buhtmp.dbf;37;HF;N;числовой;10;0;
ARXIV/UDH3/UDH3/buhtmp.dbf;buhtmp.dbf;38;DT4;N;числовой;10;0;
ARXIV/UDH3/UDH3/buhtmp.dbf;buhtmp.dbf;39;KR4;N;числовой;10;0;
ARXIV/UDH3/UDH3/buhtmp.dbf;buhtmp.dbf;40;_NullFlags;0;системный (_NullFlags);1;0;системное, двоичное
ARXIV/UDH3/UDH3/ident3.BAK;ident3.BAK;1;IDENT_COD;N;числовой;7;0;
ARXIV/UDH3/UDH3/ident3.BAK;ident3.BAK;2;N_DACH;C;символьный;15;0;
ARXIV/UDH3/UDH3/ident3.BAK;ident3.BAK;3;N_DOGOVOR;N;числовой;10;0;
ARXIV/UDH3/UDH3/ident3.BAK;ident3.BAK;4;RAYON;C;символьный;20;0;
ARXIV/UDH3/UDH3/ident3.BAK;ident3.BAK;5;NAME_OF_ME;C;символьный;20;0;
ARXIV/UDH3/UDH3/ident3.BAK;ident3.BAK;6;TIP_DACHI;C;символьный;10;0;
ARXIV/UDH3/UDH3/ident3.BAK;ident3.BAK;7;F_NAME;C;символьный;20;0;
ARXIV/UDH3/UDH3/ident3.BAK;ident3.BAK;8;L_NAME;C;символьный;20;0;
ARXIV/UDH3/UDH3/ident3.BAK;ident3.BAK;9;FAMILY;C;символьный;25;0;
ARXIV/UDH3/UDH3/ident3.BAK;ident3.BAK;10;CITY_1;C;символьный;20;0;
ARXIV/UDH3/UDH3/ident3.BAK;ident3.BAK;11;POCT_INDEX;N;числовой;6;0;
ARXIV/UDH3/UDH3/ident3.BAK;ident3.BAK;12;ADRESS;C;символьный;60;0;
ARXIV/UDH3/UDH3/ident3.BAK;ident3.BAK;13;TELEFON;C;символьный;20;0;
ARXIV/UDH3/UDH3/ident3.BAK;ident3.BAK;14;N_RESH;C;символьный;10;0;
ARXIV/UDH3/UDH3/ident3.BAK;ident3.BAK;15;DAT_RESH;D;дата;8;0;
ARXIV/UDH3/UDH3/ident3.BAK;ident3.BAK;16;S_OBSH;N;числовой;7;3;
ARXIV/UDH3/UDH3/ident3.BAK;ident3.BAK;17;S_GILOY;N;числовой;7;3;
ARXIV/UDH3/UDH3/ident3.BAK;ident3.BAK;18;DAT_DOG;D;дата;8;0;
ARXIV/UDH3/UDH3/ident3.BAK;ident3.BAK;19;DAT_PRIV;D;дата;8;0;
ARXIV/UDH3/UDH3/ident3.BAK;ident3.BAK;20;NU;N;числовой;2;0;
ARXIV/UDH3/UDH3/ident3.BAK;ident3.BAK;21;PEREHOD;C;символьный;15;0;
ARXIV/UDH3/UDH3/ident3.BAK;ident3.BAK;22;CHERT_1;C;символьный;25;0;
ARXIV/UDH3/UDH3/ident3.BAK;ident3.BAK;23;CHERT_2;C;символьный;25;0;
ARXIV/UDH3/UDH3/ident3.BAK;ident3.BAK;24;PRIM;C;символьный;30;0;
ARXIV/UDH3/UDH3/ident3.dbf;ident3.dbf;1;IDENT_COD;N;числовой;7;0;
ARXIV/UDH3/UDH3/ident3.dbf;ident3.dbf;2;N_DACH;C;символьный;15;0;
ARXIV/UDH3/UDH3/ident3.dbf;ident3.dbf;3;N_DOGOVOR;N;числовой;10;0;
ARXIV/UDH3/UDH3/ident3.dbf;ident3.dbf;4;RAYON;C;символьный;20;0;
ARXIV/UDH3/UDH3/ident3.dbf;ident3.dbf;5;NAME_OF_ME;C;символьный;20;0;
ARXIV/UDH3/UDH3/ident3.dbf;ident3.dbf;6;TIP_DACHI;C;символьный;10;0;
ARXIV/UDH3/UDH3/ident3.dbf;ident3.dbf;7;F_NAME;C;символьный;20;0;
ARXIV/UDH3/UDH3/ident3.dbf;ident3.dbf;8;L_NAME;C;символьный;20;0;
ARXIV/UDH3/UDH3/ident3.dbf;ident3.dbf;9;FAMILY;C;символьный;25;0;
ARXIV/UDH3/UDH3/ident3.dbf;ident3.dbf;10;CITY_1;C;символьный;20;0;
ARXIV/UDH3/UDH3/ident3.dbf;ident3.dbf;11;POCT_INDEX;N;числовой;6;0;
ARXIV/UDH3/UDH3/ident3.dbf;ident3.dbf;12;ADRESS;C;символьный;60;0;
ARXIV/UDH3/UDH3/ident3.dbf;ident3.dbf;13;TELEFON;C;символьный;20;0;
ARXIV/UDH3/UDH3/ident3.dbf;ident3.dbf;14;N_RESH;C;символьный;10;0;
ARXIV/UDH3/UDH3/ident3.dbf;ident3.dbf;15;DAT_RESH;D;дата;8;0;
ARXIV/UDH3/UDH3/ident3.dbf;ident3.dbf;16;S_OBSH;N;числовой;7;3;
ARXIV/UDH3/UDH3/ident3.dbf;ident3.dbf;17;S_GILOY;N;числовой;7;3;
ARXIV/UDH3/UDH3/ident3.dbf;ident3.dbf;18;DAT_DOG;D;дата;8;0;
ARXIV/UDH3/UDH3/ident3.dbf;ident3.dbf;19;DAT_PRIV;D;дата;8;0;
ARXIV/UDH3/UDH3/ident3.dbf;ident3.dbf;20;NU;N;числовой;2;0;
ARXIV/UDH3/UDH3/ident3.dbf;ident3.dbf;21;PEREHOD;C;символьный;15;0;
ARXIV/UDH3/UDH3/ident3.dbf;ident3.dbf;22;CHERT_1;C;символьный;25;0;
ARXIV/UDH3/UDH3/ident3.dbf;ident3.dbf;23;CHERT_2;C;символьный;25;0;
ARXIV/UDH3/UDH3/ident3.dbf;ident3.dbf;24;PRIM;C;символьный;30;0;
ARXIV/UDH3/UDH3/ident3.dbf;ident3.dbf;25;CHANGE;D;дата;8;0;
ARXIV/UDH3/UDH3/local!buhtmp.dbf;local!buhtmp.dbf;1;IDENT_COD;N;числовой;7;0;
ARXIV/UDH3/UDH3/local!buhtmp.dbf;local!buhtmp.dbf;2;N_DOGOVOR;N;числовой;10;0;допускает NULL
ARXIV/UDH3/UDH3/local!buhtmp.dbf;local!buhtmp.dbf;3;N_DACH;C;символьный;15;0;допускает NULL
ARXIV/UDH3/UDH3/local!buhtmp.dbf;local!buhtmp.dbf;4;EXP_4;C;символьный;67;0;допускает NULL
ARXIV/UDH3/UDH3/local!buhtmp.dbf;local!buhtmp.dbf;5;EXP_5;C;символьный;82;0;допускает NULL
ARXIV/UDH3/UDH3/local!buhtmp.dbf;local!buhtmp.dbf;6;TELEFON;C;символьный;20;0;допускает NULL
ARXIV/UDH3/UDH3/local!buhtmp.dbf;local!buhtmp.dbf;7;SKIDKA;N;числовой;2;0;
ARXIV/UDH3/UDH3/local!buhtmp.dbf;local!buhtmp.dbf;8;ZACHEM;C;символьный;15;0;
ARXIV/UDH3/UDH3/local!buhtmp.dbf;local!buhtmp.dbf;9;S_GILOY;N;числовой;7;3;
ARXIV/UDH3/UDH3/local!buhtmp.dbf;local!buhtmp.dbf;10;ST1M;N;числовой;10;0;
ARXIV/UDH3/UDH3/local!buhtmp.dbf;local!buhtmp.dbf;11;DTG;N;числовой;10;0;
ARXIV/UDH3/UDH3/local!buhtmp.dbf;local!buhtmp.dbf;12;KRG;N;числовой;10;0;
ARXIV/UDH3/UDH3/local!buhtmp.dbf;local!buhtmp.dbf;13;NACHIS;N;числовой;10;0;
ARXIV/UDH3/UDH3/local!buhtmp.dbf;local!buhtmp.dbf;14;M1;N;числовой;10;0;
ARXIV/UDH3/UDH3/local!buhtmp.dbf;local!buhtmp.dbf;15;M2;N;числовой;10;0;
ARXIV/UDH3/UDH3/local!buhtmp.dbf;local!buhtmp.dbf;16;M3;N;числовой;10;0;
ARXIV/UDH3/UDH3/local!buhtmp.dbf;local!buhtmp.dbf;17;NDS1;N;числовой;10;0;
ARXIV/UDH3/UDH3/local!buhtmp.dbf;local!buhtmp.dbf;18;HF1;N;числовой;10;0;
ARXIV/UDH3/UDH3/local!buhtmp.dbf;local!buhtmp.dbf;19;SKID1;N;числовой;10;0;
ARXIV/UDH3/UDH3/local!buhtmp.dbf;local!buhtmp.dbf;20;DT1;N;числовой;10;0;
ARXIV/UDH3/UDH3/local!buhtmp.dbf;local!buhtmp.dbf;21;KR1;N;числовой;10;0;
ARXIV/UDH3/UDH3/local!buhtmp.dbf;local!buhtmp.dbf;22;M4;N;числовой;10;0;
ARXIV/UDH3/UDH3/local!buhtmp.dbf;local!buhtmp.dbf;23;M5;N;числовой;10;0;
ARXIV/UDH3/UDH3/local!buhtmp.dbf;local!buhtmp.dbf;24;M6;N;числовой;10;0;
ARXIV/UDH3/UDH3/local!buhtmp.dbf;local!buhtmp.dbf;25;NDS2;N;числовой;10;0;
ARXIV/UDH3/UDH3/local!buhtmp.dbf;local!buhtmp.dbf;26;HF2;N;числовой;10;0;
ARXIV/UDH3/UDH3/local!buhtmp.dbf;local!buhtmp.dbf;27;SKID2;N;числовой;10;0;
ARXIV/UDH3/UDH3/local!buhtmp.dbf;local!buhtmp.dbf;28;DT2;N;числовой;10;0;
ARXIV/UDH3/UDH3/local!buhtmp.dbf;local!buhtmp.dbf;29;KR2;N;числовой;10;0;
ARXIV/UDH3/UDH3/local!buhtmp.dbf;local!buhtmp.dbf;30;M7;N;числовой;10;0;
ARXIV/UDH3/UDH3/local!buhtmp.dbf;local!buhtmp.dbf;31;M8;N;числовой;10;0;
ARXIV/UDH3/UDH3/local!buhtmp.dbf;local!buhtmp.dbf;32;M9;N;числовой;10;0;
ARXIV/UDH3/UDH3/local!buhtmp.dbf;local!buhtmp.dbf;33;NDS3;N;числовой;10;0;
ARXIV/UDH3/UDH3/local!buhtmp.dbf;local!buhtmp.dbf;34;HF3;N;числовой;10;0;
ARXIV/UDH3/UDH3/local!buhtmp.dbf;local!buhtmp.dbf;35;SKID3;N;числовой;10;0;
ARXIV/UDH3/UDH3/local!buhtmp.dbf;local!buhtmp.dbf;36;DT3;N;числовой;10;0;
ARXIV/UDH3/UDH3/local!buhtmp.dbf;local!buhtmp.dbf;37;KR3;N;числовой;10;0;
ARXIV/UDH3/UDH3/local!buhtmp.dbf;local!buhtmp.dbf;38;M10;N;числовой;10;0;
ARXIV/UDH3/UDH3/local!buhtmp.dbf;local!buhtmp.dbf;39;M11;N;числовой;10;0;
ARXIV/UDH3/UDH3/local!buhtmp.dbf;local!buhtmp.dbf;40;M12;N;числовой;10;0;
ARXIV/UDH3/UDH3/local!buhtmp.dbf;local!buhtmp.dbf;41;NDS4;N;числовой;10;0;
ARXIV/UDH3/UDH3/local!buhtmp.dbf;local!buhtmp.dbf;42;HF4;N;числовой;10;0;
ARXIV/UDH3/UDH3/local!buhtmp.dbf;local!buhtmp.dbf;43;SKID4;N;числовой;10;0;
ARXIV/UDH3/UDH3/local!buhtmp.dbf;local!buhtmp.dbf;44;DT4;N;числовой;10;0;
ARXIV/UDH3/UDH3/local!buhtmp.dbf;local!buhtmp.dbf;45;KR4;N;числовой;10;0;
ARXIV/UDH3/UDH3/local!buhtmp.dbf;local!buhtmp.dbf;46;DTI;N;числовой;10;0;
ARXIV/UDH3/UDH3/local!buhtmp.dbf;local!buhtmp.dbf;47;KRI;N;числовой;10;0;
ARXIV/UDH3/UDH3/local!buhtmp.dbf;local!buhtmp.dbf;48;_NullFlags;0;системный (_NullFlags);1;0;системное, двоичное
ARXIV/UDH3/UDH3/nameofmest.dbf;nameofmest.dbf;1;RAYON;C;символьный;20;0;
ARXIV/UDH3/UDH3/nameofmest.dbf;nameofmest.dbf;2;NAMEOFMEST;C;символьный;20;0;
ARXIV/UDH3/UDH3/nameofmest.dbf;nameofmest.dbf;3;N;N;числовой;2;0;
ARXIV/UDH3/UDH3/otchet.dbf;otchet.dbf;1;NN;N;числовой;2;0;
ARXIV/UDH3/UDH3/otchet.dbf;otchet.dbf;2;NAME_OF_ME;C;символьный;20;0;
ARXIV/UDH3/UDH3/otchet.dbf;otchet.dbf;3;PRIV_ZEM;C;символьный;5;0;
ARXIV/UDH3/UDH3/otchet.dbf;otchet.dbf;4;PRIV_GIL;C;символьный;5;0;
ARXIV/UDH3/UDH3/otchet.dbf;otchet.dbf;5;PEREHOD;C;символьный;5;0;
ARXIV/UDH3/UDH3/otchet.dbf;otchet.dbf;6;ZAKRITO;C;символьный;5;0;
ARXIV/UDH3/UDH3/otchet.dbf;otchet.dbf;7;DACH;C;символьный;5;0;
ARXIV/UDH3/UDH3/otchet.dbf;otchet.dbf;8;BSIH;C;символьный;5;0;
ARXIV/UDH3/UDH3/otchet.dbf;otchet.dbf;9;BTI;C;символьный;5;0;
ARXIV/UDH3/UDH3/otchet.dbf;otchet.dbf;10;DOKUM;C;символьный;5;0;
ARXIV/UDH3/UDH3/otchet.dbf;otchet.dbf;11;BTK;C;символьный;5;0;
ARXIV/UDH3/UDH3/otchet.dbf;otchet.dbf;12;DSK;C;символьный;5;0;
ARXIV/UDH3/UDH3/otchet.dbf;otchet.dbf;13;PODPIS;C;символьный;5;0;
ARXIV/UDH3/UDH3/otchet.dbf;otchet.dbf;14;REP;L;логический;1;0;
ARXIV/UDH3/UDH3/pict1.dbf;pict1.dbf;1;NAM;G;general (OLE);4;0;
ARXIV/UDH3/UDH3/pict1.dbf;pict1.dbf;2;RAYON;C;символьный;20;0;
ARXIV/UDH3/UDH3/pict1.dbf;pict1.dbf;3;NAMEOFMEST;C;символьный;20;0;
ARXIV/UDH3/UDH3/pict1.dbf;pict1.dbf;4;IND;C;символьный;50;0;
ARXIV/UDH3/UDH3/pict1.dbf;pict1.dbf;5;N_DACH;C;символьный;15;0;
ARXIV/UDH3/UDH3/pict1.dbf;pict1.dbf;6;N_DOGOVOR;N;числовой;10;0;
ARXIV/UDH3/UDH3/pict1.dbf;pict1.dbf;7;FL;C;символьный;30;0;
ARXIV/UDH3/UDH3/prim.dbf;prim.dbf;1;PRIM;C;символьный;30;0;
ARXIV/UDH3/UDH3/search.dbf;search.dbf;1;NN;N;числовой;4;0;
ARXIV/UDH3/UDH3/search.dbf;search.dbf;2;SDAT;D;дата;8;0;
ARXIV/UDH3/UDH3/search.dbf;search.dbf;3;V1S;C;символьный;254;0;
ARXIV/UDH3/UDH3/search.dbf;search.dbf;4;V2S;C;символьный;254;0;
ARXIV/UDH3/UDH3/search.dbf;search.dbf;5;PRIM;C;символьный;100;0;
ARXIV/UDH3/UDH3/sss2.DBF;sss2.DBF;1;IDENT_COD;N;числовой;7;0;
ARXIV/UDH3/UDH3/sss2.DBF;sss2.DBF;2;N_DACH;C;символьный;15;0;
ARXIV/UDH3/UDH3/sss2.DBF;sss2.DBF;3;N_DOGOVOR;N;числовой;10;0;
ARXIV/UDH3/UDH3/sss2.DBF;sss2.DBF;4;RAYON;C;символьный;20;0;
ARXIV/UDH3/UDH3/sss2.DBF;sss2.DBF;5;NAME_OF_ME;C;символьный;20;0;
ARXIV/UDH3/UDH3/sss2.DBF;sss2.DBF;6;TIP_DACHI;C;символьный;10;0;
ARXIV/UDH3/UDH3/sss2.DBF;sss2.DBF;7;F_NAME;C;символьный;20;0;
ARXIV/UDH3/UDH3/sss2.DBF;sss2.DBF;8;L_NAME;C;символьный;20;0;
ARXIV/UDH3/UDH3/sss2.DBF;sss2.DBF;9;FAMILY;C;символьный;25;0;
ARXIV/UDH3/UDH3/sss2.DBF;sss2.DBF;10;CITY_1;C;символьный;20;0;
ARXIV/UDH3/UDH3/sss2.DBF;sss2.DBF;11;POCT_INDEX;N;числовой;6;0;
ARXIV/UDH3/UDH3/sss2.DBF;sss2.DBF;12;ADRESS;C;символьный;60;0;
ARXIV/UDH3/UDH3/sss2.DBF;sss2.DBF;13;TELEFON;C;символьный;20;0;
ARXIV/UDH3/UDH3/sss2.DBF;sss2.DBF;14;N_RESH;C;символьный;10;0;
ARXIV/UDH3/UDH3/sss2.DBF;sss2.DBF;15;DAT_RESH;D;дата;8;0;
ARXIV/UDH3/UDH3/sss2.DBF;sss2.DBF;16;S_OBSH;N;числовой;7;3;
ARXIV/UDH3/UDH3/sss2.DBF;sss2.DBF;17;S_GILOY;N;числовой;7;3;
ARXIV/UDH3/UDH3/sss2.DBF;sss2.DBF;18;DAT_DOG;D;дата;8;0;
ARXIV/UDH3/UDH3/sss2.DBF;sss2.DBF;19;DAT_PRIV;D;дата;8;0;
ARXIV/UDH3/UDH3/sss2.DBF;sss2.DBF;20;NU;N;числовой;2;0;
ARXIV/UDH3/UDH3/sss2.DBF;sss2.DBF;21;PEREHOD;C;символьный;15;0;
ARXIV/UDH3/UDH3/sss2.DBF;sss2.DBF;22;CHERT_1;C;символьный;25;0;
ARXIV/UDH3/UDH3/sss2.DBF;sss2.DBF;23;CHERT_2;C;символьный;25;0;
ARXIV/UDH3/UDH3/sss2.DBF;sss2.DBF;24;PRIM;C;символьный;30;0;
ARXIV/UDH3/UDH3/sss2.DBF;sss2.DBF;25;CHANGE;D;дата;8;0;
ARXIV/UDH3/UDH3/user.BAK;user.BAK;1;USER;C;символьный;15;0;
ARXIV/UDH3/UDH3/user.BAK;user.BAK;2;PASSW;C;символьный;10;0;
ARXIV/UDH3/UDH3/user.BAK;user.BAK;3;LEVEL;N;числовой;1;0;
ARXIV/UDH3/UDH3/user.BAK;user.BAK;4;ACCES;N;числовой;1;0;
ARXIV/UDH3/UDH3/user.dbf;user.dbf;1;USER;C;символьный;15;0;
ARXIV/UDH3/UDH3/user.dbf;user.dbf;2;PASSW;C;символьный;10;0;
ARXIV/UDH3/UDH3/user.dbf;user.dbf;3;LEVEL;N;числовой;1;0;
ARXIV/UDH3/UDH3/user.dbf;user.dbf;4;ACCES;N;числовой;1;0;
ARXIV/UDH3/UDH3/uslsearch.dbf;uslsearch.dbf;1;NN;N;числовой;2;0;
ARXIV/UDH3/UDH3/uslsearch.dbf;uslsearch.dbf;2;FPOLE;C;символьный;20;0;
ARXIV/UDH3/UDH3/uslsearch.dbf;uslsearch.dbf;3;POLE;C;символьный;30;0;
ARXIV/UDH3/UDH3/uslsearch.dbf;uslsearch.dbf;4;COMBO2;N;числовой;1;0;
ARXIV/UDH3/UDH3/uslsearch.dbf;uslsearch.dbf;5;TEXT1;L;логический;1;0;
ARXIV/UDH3/UDH3/uslsearch.dbf;uslsearch.dbf;6;COMBO3;L;логический;1;0;
ARXIV/UDH3/UDH3/uslsearch.dbf;uslsearch.dbf;7;COMM5;L;логический;1;0;
ARXIV/UDH3/UDH3/uslsearch.dbf;uslsearch.dbf;8;RTCOMBO3;N;числовой;1;0;
ARXIV/UDH3/UDH3/uslsearch.dbf;uslsearch.dbf;9;RSCOMBO3;C;символьный;50;0;
ARXIV/UDH3/UDH3/uslsearch.dbf;uslsearch.dbf;10;USLOV;C;символьный;100;0;
ARXIV/UDH3/UDH3/uslsearch.dbf;uslsearch.dbf;11;RES;N;числовой;1;0;
ARXIV/UDH3/UDH3/none/FOXUSER.DBF;FOXUSER.DBF;1;TYPE;C;символьный;12;0;
ARXIV/UDH3/UDH3/none/FOXUSER.DBF;FOXUSER.DBF;2;ID;C;символьный;12;0;
ARXIV/UDH3/UDH3/none/FOXUSER.DBF;FOXUSER.DBF;3;NAME;M;memo (текст);4;0;
ARXIV/UDH3/UDH3/none/FOXUSER.DBF;FOXUSER.DBF;4;READONLY;L;логический;1;0;
ARXIV/UDH3/UDH3/none/FOXUSER.DBF;FOXUSER.DBF;5;CKVAL;N;числовой;6;0;
ARXIV/UDH3/UDH3/none/FOXUSER.DBF;FOXUSER.DBF;6;DATA;M;memo (текст);4;0;
ARXIV/UDH3/UDH3/none/FOXUSER.DBF;FOXUSER.DBF;7;UPDATED;D;дата;8;0;
ARXIV/UDH3/UDH3/none/RAYON.DBF;RAYON.DBF;1;RAYON;C;символьный;30;0;
ARXIV/UDH3/UDH3/none/RAYON.DBF;RAYON.DBF;2;N;N;числовой;2;0;
ARXIV/UDH3/UDH3/none/UKAZ.DBF;UKAZ.DBF;1;UKAZANIE;C;символьный;100;0;
ARXIV/UDH3/UDH3/none/UKAZ.DBF;UKAZ.DBF;2;NU;N;числовой;2;0;
ARXIV/UDH3/UDH3/none/buh.BAK;buh.BAK;1;IDENT_COD;N;числовой;7;0;
ARXIV/UDH3/UDH3/none/buh.BAK;buh.BAK;2;YEARS;N;числовой;4;0;
ARXIV/UDH3/UDH3/none/buh.BAK;buh.BAK;3;SKIDKA;N;числовой;2;0;
ARXIV/UDH3/UDH3/none/buh.BAK;buh.BAK;4;ZACHEM;C;символьный;15;0;
ARXIV/UDH3/UDH3/none/buh.BAK;buh.BAK;5;S_GILOY;N;числовой;7;3;
ARXIV/UDH3/UDH3/none/buh.BAK;buh.BAK;6;ST1M;N;числовой;10;0;
ARXIV/UDH3/UDH3/none/buh.BAK;buh.BAK;7;DTG;N;числовой;10;0;
ARXIV/UDH3/UDH3/none/buh.BAK;buh.BAK;8;KRG;N;числовой;10;0;
ARXIV/UDH3/UDH3/none/buh.BAK;buh.BAK;9;NACHIS;N;числовой;10;0;
ARXIV/UDH3/UDH3/none/buh.BAK;buh.BAK;10;M1;N;числовой;10;0;
ARXIV/UDH3/UDH3/none/buh.BAK;buh.BAK;11;M2;N;числовой;10;0;
ARXIV/UDH3/UDH3/none/buh.BAK;buh.BAK;12;M3;N;числовой;10;0;
ARXIV/UDH3/UDH3/none/buh.BAK;buh.BAK;13;NDS1;N;числовой;10;0;
ARXIV/UDH3/UDH3/none/buh.BAK;buh.BAK;14;HF1;N;числовой;10;0;
ARXIV/UDH3/UDH3/none/buh.BAK;buh.BAK;15;SKID1;N;числовой;10;0;
ARXIV/UDH3/UDH3/none/buh.BAK;buh.BAK;16;DT1;N;числовой;10;0;
ARXIV/UDH3/UDH3/none/buh.BAK;buh.BAK;17;KR1;N;числовой;10;0;
ARXIV/UDH3/UDH3/none/buh.BAK;buh.BAK;18;M4;N;числовой;10;0;
ARXIV/UDH3/UDH3/none/buh.BAK;buh.BAK;19;M5;N;числовой;10;0;
ARXIV/UDH3/UDH3/none/buh.BAK;buh.BAK;20;M6;N;числовой;10;0;
ARXIV/UDH3/UDH3/none/buh.BAK;buh.BAK;21;NDS2;N;числовой;10;0;
ARXIV/UDH3/UDH3/none/buh.BAK;buh.BAK;22;HF2;N;числовой;10;0;
ARXIV/UDH3/UDH3/none/buh.BAK;buh.BAK;23;SKID2;N;числовой;10;0;
ARXIV/UDH3/UDH3/none/buh.BAK;buh.BAK;24;DT2;N;числовой;10;0;
ARXIV/UDH3/UDH3/none/buh.BAK;buh.BAK;25;KR2;N;числовой;10;0;
ARXIV/UDH3/UDH3/none/buh.BAK;buh.BAK;26;M7;N;числовой;10;0;
ARXIV/UDH3/UDH3/none/buh.BAK;buh.BAK;27;M8;N;числовой;10;0;
ARXIV/UDH3/UDH3/none/buh.BAK;buh.BAK;28;M9;N;числовой;10;0;
ARXIV/UDH3/UDH3/none/buh.BAK;buh.BAK;29;NDS3;N;числовой;10;0;
ARXIV/UDH3/UDH3/none/buh.BAK;buh.BAK;30;HF3;N;числовой;10;0;
ARXIV/UDH3/UDH3/none/buh.BAK;buh.BAK;31;SKID3;N;числовой;10;0;
ARXIV/UDH3/UDH3/none/buh.BAK;buh.BAK;32;DT3;N;числовой;10;0;
ARXIV/UDH3/UDH3/none/buh.BAK;buh.BAK;33;KR3;N;числовой;10;0;
ARXIV/UDH3/UDH3/none/buh.BAK;buh.BAK;34;M10;N;числовой;10;0;
ARXIV/UDH3/UDH3/none/buh.BAK;buh.BAK;35;M11;N;числовой;10;0;
ARXIV/UDH3/UDH3/none/buh.BAK;buh.BAK;36;M12;N;числовой;10;0;
ARXIV/UDH3/UDH3/none/buh.BAK;buh.BAK;37;NDS4;N;числовой;10;0;
ARXIV/UDH3/UDH3/none/buh.BAK;buh.BAK;38;HF;N;числовой;10;0;
ARXIV/UDH3/UDH3/none/buh.BAK;buh.BAK;39;SKID4;N;числовой;10;0;
ARXIV/UDH3/UDH3/none/buh.BAK;buh.BAK;40;DT4;N;числовой;10;0;
ARXIV/UDH3/UDH3/none/buh.BAK;buh.BAK;41;KR4;N;числовой;10;0;
ARXIV/UDH3/UDH3/none/buh.dbf;buh.dbf;1;IDENT_COD;N;числовой;7;0;
ARXIV/UDH3/UDH3/none/buh.dbf;buh.dbf;2;YEARS;N;числовой;4;0;
ARXIV/UDH3/UDH3/none/buh.dbf;buh.dbf;3;SKIDKA;N;числовой;2;0;
ARXIV/UDH3/UDH3/none/buh.dbf;buh.dbf;4;ZACHEM;C;символьный;15;0;
ARXIV/UDH3/UDH3/none/buh.dbf;buh.dbf;5;S_GILOY;N;числовой;7;3;
ARXIV/UDH3/UDH3/none/buh.dbf;buh.dbf;6;ST1M;N;числовой;10;0;
ARXIV/UDH3/UDH3/none/buh.dbf;buh.dbf;7;DTG;N;числовой;10;0;
ARXIV/UDH3/UDH3/none/buh.dbf;buh.dbf;8;KRG;N;числовой;10;0;
ARXIV/UDH3/UDH3/none/buh.dbf;buh.dbf;9;NACHIS;N;числовой;10;0;
ARXIV/UDH3/UDH3/none/buh.dbf;buh.dbf;10;M1;N;числовой;10;0;
ARXIV/UDH3/UDH3/none/buh.dbf;buh.dbf;11;M2;N;числовой;10;0;
ARXIV/UDH3/UDH3/none/buh.dbf;buh.dbf;12;M3;N;числовой;10;0;
ARXIV/UDH3/UDH3/none/buh.dbf;buh.dbf;13;NDS1;N;числовой;10;0;
ARXIV/UDH3/UDH3/none/buh.dbf;buh.dbf;14;HF1;N;числовой;10;0;
ARXIV/UDH3/UDH3/none/buh.dbf;buh.dbf;15;SKID1;N;числовой;10;0;
ARXIV/UDH3/UDH3/none/buh.dbf;buh.dbf;16;DT1;N;числовой;10;0;
ARXIV/UDH3/UDH3/none/buh.dbf;buh.dbf;17;KR1;N;числовой;10;0;
ARXIV/UDH3/UDH3/none/buh.dbf;buh.dbf;18;M4;N;числовой;10;0;
ARXIV/UDH3/UDH3/none/buh.dbf;buh.dbf;19;M5;N;числовой;10;0;
ARXIV/UDH3/UDH3/none/buh.dbf;buh.dbf;20;M6;N;числовой;10;0;
ARXIV/UDH3/UDH3/none/buh.dbf;buh.dbf;21;NDS2;N;числовой;10;0;
ARXIV/UDH3/UDH3/none/buh.dbf;buh.dbf;22;HF2;N;числовой;10;0;
ARXIV/UDH3/UDH3/none/buh.dbf;buh.dbf;23;SKID2;N;числовой;10;0;
ARXIV/UDH3/UDH3/none/buh.dbf;buh.dbf;24;DT2;N;числовой;10;0;
ARXIV/UDH3/UDH3/none/buh.dbf;buh.dbf;25;KR2;N;числовой;10;0;
ARXIV/UDH3/UDH3/none/buh.dbf;buh.dbf;26;M7;N;числовой;10;0;
ARXIV/UDH3/UDH3/none/buh.dbf;buh.dbf;27;M8;N;числовой;10;0;
ARXIV/UDH3/UDH3/none/buh.dbf;buh.dbf;28;M9;N;числовой;10;0;
ARXIV/UDH3/UDH3/none/buh.dbf;buh.dbf;29;NDS3;N;числовой;10;0;
ARXIV/UDH3/UDH3/none/buh.dbf;buh.dbf;30;HF3;N;числовой;10;0;
ARXIV/UDH3/UDH3/none/buh.dbf;buh.dbf;31;SKID3;N;числовой;10;0;
ARXIV/UDH3/UDH3/none/buh.dbf;buh.dbf;32;DT3;N;числовой;10;0;
ARXIV/UDH3/UDH3/none/buh.dbf;buh.dbf;33;KR3;N;числовой;10;0;
ARXIV/UDH3/UDH3/none/buh.dbf;buh.dbf;34;M10;N;числовой;10;0;
ARXIV/UDH3/UDH3/none/buh.dbf;buh.dbf;35;M11;N;числовой;10;0;
ARXIV/UDH3/UDH3/none/buh.dbf;buh.dbf;36;M12;N;числовой;10;0;
ARXIV/UDH3/UDH3/none/buh.dbf;buh.dbf;37;NDS4;N;числовой;10;0;
ARXIV/UDH3/UDH3/none/buh.dbf;buh.dbf;38;HF4;N;числовой;10;0;
ARXIV/UDH3/UDH3/none/buh.dbf;buh.dbf;39;SKID4;N;числовой;10;0;
ARXIV/UDH3/UDH3/none/buh.dbf;buh.dbf;40;DT4;N;числовой;10;0;
ARXIV/UDH3/UDH3/none/buh.dbf;buh.dbf;41;KR4;N;числовой;10;0;
ARXIV/UDH3/UDH3/none/buh.dbf;buh.dbf;42;DTI;N;числовой;10;0;
ARXIV/UDH3/UDH3/none/buh.dbf;buh.dbf;43;KRI;N;числовой;10;0;
ARXIV/UDH3/UDH3/none/buhtmp.dbf;buhtmp.dbf;1;IDENT_COD;N;числовой;7;0;
ARXIV/UDH3/UDH3/none/buhtmp.dbf;buhtmp.dbf;2;N_DOGOVOR;N;числовой;10;0;допускает NULL
ARXIV/UDH3/UDH3/none/buhtmp.dbf;buhtmp.dbf;3;N_DACH;C;символьный;15;0;допускает NULL
ARXIV/UDH3/UDH3/none/buhtmp.dbf;buhtmp.dbf;4;EXP_4;C;символьный;67;0;допускает NULL
ARXIV/UDH3/UDH3/none/buhtmp.dbf;buhtmp.dbf;5;EXP_5;C;символьный;82;0;допускает NULL
ARXIV/UDH3/UDH3/none/buhtmp.dbf;buhtmp.dbf;6;TELEFON;C;символьный;20;0;допускает NULL
ARXIV/UDH3/UDH3/none/buhtmp.dbf;buhtmp.dbf;7;S_GILOY;N;числовой;7;3;
ARXIV/UDH3/UDH3/none/buhtmp.dbf;buhtmp.dbf;8;ST1M;N;числовой;10;0;
ARXIV/UDH3/UDH3/none/buhtmp.dbf;buhtmp.dbf;9;DTG;N;числовой;10;0;
ARXIV/UDH3/UDH3/none/buhtmp.dbf;buhtmp.dbf;10;KRG;N;числовой;10;0;
ARXIV/UDH3/UDH3/none/buhtmp.dbf;buhtmp.dbf;11;NACHIS;N;числовой;10;0;
ARXIV/UDH3/UDH3/none/buhtmp.dbf;buhtmp.dbf;12;M1;N;числовой;10;0;
ARXIV/UDH3/UDH3/none/buhtmp.dbf;buhtmp.dbf;13;M2;N;числовой;10;0;
ARXIV/UDH3/UDH3/none/buhtmp.dbf;buhtmp.dbf;14;M3;N;числовой;10;0;
ARXIV/UDH3/UDH3/none/buhtmp.dbf;buhtmp.dbf;15;NDS1;N;числовой;2;0;
ARXIV/UDH3/UDH3/none/buhtmp.dbf;buhtmp.dbf;16;HF1;N;числовой;10;0;
ARXIV/UDH3/UDH3/none/buhtmp.dbf;buhtmp.dbf;17;DT1;N;числовой;10;0;
ARXIV/UDH3/UDH3/none/buhtmp.dbf;buhtmp.dbf;18;KR1;N;числовой;10;0;
ARXIV/UDH3/UDH3/none/buhtmp.dbf;buhtmp.dbf;19;M4;N;числовой;10;0;
ARXIV/UDH3/UDH3/none/buhtmp.dbf;buhtmp.dbf;20;M5;N;числовой;10;0;
ARXIV/UDH3/UDH3/none/buhtmp.dbf;buhtmp.dbf;21;M6;N;числовой;10;0;
ARXIV/UDH3/UDH3/none/buhtmp.dbf;buhtmp.dbf;22;NDS2;N;числовой;2;0;
ARXIV/UDH3/UDH3/none/buhtmp.dbf;buhtmp.dbf;23;HF2;N;числовой;10;0;
ARXIV/UDH3/UDH3/none/buhtmp.dbf;buhtmp.dbf;24;DT2;N;числовой;10;0;
ARXIV/UDH3/UDH3/none/buhtmp.dbf;buhtmp.dbf;25;KR2;N;числовой;10;0;
ARXIV/UDH3/UDH3/none/buhtmp.dbf;buhtmp.dbf;26;M7;N;числовой;10;0;
ARXIV/UDH3/UDH3/none/buhtmp.dbf;buhtmp.dbf;27;M8;N;числовой;10;0;
ARXIV/UDH3/UDH3/none/buhtmp.dbf;buhtmp.dbf;28;M9;N;числовой;10;0;
ARXIV/UDH3/UDH3/none/buhtmp.dbf;buhtmp.dbf;29;NDS3;N;числовой;2;0;
ARXIV/UDH3/UDH3/none/buhtmp.dbf;buhtmp.dbf;30;HF3;N;числовой;10;0;
ARXIV/UDH3/UDH3/none/buhtmp.dbf;buhtmp.dbf;31;DT3;N;числовой;10;0;
ARXIV/UDH3/UDH3/none/buhtmp.dbf;buhtmp.dbf;32;KR3;N;числовой;10;0;
ARXIV/UDH3/UDH3/none/buhtmp.dbf;buhtmp.dbf;33;M10;N;числовой;10;0;
ARXIV/UDH3/UDH3/none/buhtmp.dbf;buhtmp.dbf;34;M11;N;числовой;10;0;
ARXIV/UDH3/UDH3/none/buhtmp.dbf;buhtmp.dbf;35;M12;N;числовой;10;0;
ARXIV/UDH3/UDH3/none/buhtmp.dbf;buhtmp.dbf;36;NDS4;N;числовой;10;0;
ARXIV/UDH3/UDH3/none/buhtmp.dbf;buhtmp.dbf;37;HF;N;числовой;10;0;
ARXIV/UDH3/UDH3/none/buhtmp.dbf;buhtmp.dbf;38;DT4;N;числовой;10;0;
ARXIV/UDH3/UDH3/none/buhtmp.dbf;buhtmp.dbf;39;KR4;N;числовой;10;0;
ARXIV/UDH3/UDH3/none/buhtmp.dbf;buhtmp.dbf;40;_NullFlags;0;системный (_NullFlags);1;0;системное, двоичное
ARXIV/UDH3/UDH3/none/ident3.BAK;ident3.BAK;1;IDENT_COD;N;числовой;7;0;
ARXIV/UDH3/UDH3/none/ident3.BAK;ident3.BAK;2;N_DACH;C;символьный;15;0;
ARXIV/UDH3/UDH3/none/ident3.BAK;ident3.BAK;3;N_DOGOVOR;N;числовой;10;0;
ARXIV/UDH3/UDH3/none/ident3.BAK;ident3.BAK;4;RAYON;C;символьный;20;0;
ARXIV/UDH3/UDH3/none/ident3.BAK;ident3.BAK;5;NAME_OF_ME;C;символьный;20;0;
ARXIV/UDH3/UDH3/none/ident3.BAK;ident3.BAK;6;TIP_DACHI;C;символьный;10;0;
ARXIV/UDH3/UDH3/none/ident3.BAK;ident3.BAK;7;F_NAME;C;символьный;20;0;
ARXIV/UDH3/UDH3/none/ident3.BAK;ident3.BAK;8;L_NAME;C;символьный;20;0;
ARXIV/UDH3/UDH3/none/ident3.BAK;ident3.BAK;9;FAMILY;C;символьный;25;0;
ARXIV/UDH3/UDH3/none/ident3.BAK;ident3.BAK;10;CITY_1;C;символьный;20;0;
ARXIV/UDH3/UDH3/none/ident3.BAK;ident3.BAK;11;POCT_INDEX;N;числовой;6;0;
ARXIV/UDH3/UDH3/none/ident3.BAK;ident3.BAK;12;ADRESS;C;символьный;60;0;
ARXIV/UDH3/UDH3/none/ident3.BAK;ident3.BAK;13;TELEFON;C;символьный;20;0;
ARXIV/UDH3/UDH3/none/ident3.BAK;ident3.BAK;14;N_RESH;C;символьный;10;0;
ARXIV/UDH3/UDH3/none/ident3.BAK;ident3.BAK;15;DAT_RESH;D;дата;8;0;
ARXIV/UDH3/UDH3/none/ident3.BAK;ident3.BAK;16;S_OBSH;N;числовой;7;3;
ARXIV/UDH3/UDH3/none/ident3.BAK;ident3.BAK;17;S_GILOY;N;числовой;7;3;
ARXIV/UDH3/UDH3/none/ident3.BAK;ident3.BAK;18;DAT_DOG;D;дата;8;0;
ARXIV/UDH3/UDH3/none/ident3.BAK;ident3.BAK;19;DAT_PRIV;D;дата;8;0;
ARXIV/UDH3/UDH3/none/ident3.BAK;ident3.BAK;20;NU;N;числовой;2;0;
ARXIV/UDH3/UDH3/none/ident3.BAK;ident3.BAK;21;PEREHOD;C;символьный;15;0;
ARXIV/UDH3/UDH3/none/ident3.BAK;ident3.BAK;22;CHERT_1;C;символьный;25;0;
ARXIV/UDH3/UDH3/none/ident3.BAK;ident3.BAK;23;CHERT_2;C;символьный;25;0;
ARXIV/UDH3/UDH3/none/ident3.BAK;ident3.BAK;24;PRIM;C;символьный;30;0;
ARXIV/UDH3/UDH3/none/ident3.dbf;ident3.dbf;1;IDENT_COD;N;числовой;7;0;
ARXIV/UDH3/UDH3/none/ident3.dbf;ident3.dbf;2;N_DACH;C;символьный;15;0;
ARXIV/UDH3/UDH3/none/ident3.dbf;ident3.dbf;3;N_DOGOVOR;N;числовой;10;0;
ARXIV/UDH3/UDH3/none/ident3.dbf;ident3.dbf;4;RAYON;C;символьный;20;0;
ARXIV/UDH3/UDH3/none/ident3.dbf;ident3.dbf;5;NAME_OF_ME;C;символьный;20;0;
ARXIV/UDH3/UDH3/none/ident3.dbf;ident3.dbf;6;TIP_DACHI;C;символьный;10;0;
ARXIV/UDH3/UDH3/none/ident3.dbf;ident3.dbf;7;F_NAME;C;символьный;20;0;
ARXIV/UDH3/UDH3/none/ident3.dbf;ident3.dbf;8;L_NAME;C;символьный;20;0;
ARXIV/UDH3/UDH3/none/ident3.dbf;ident3.dbf;9;FAMILY;C;символьный;25;0;
ARXIV/UDH3/UDH3/none/ident3.dbf;ident3.dbf;10;CITY_1;C;символьный;20;0;
ARXIV/UDH3/UDH3/none/ident3.dbf;ident3.dbf;11;POCT_INDEX;N;числовой;6;0;
ARXIV/UDH3/UDH3/none/ident3.dbf;ident3.dbf;12;ADRESS;C;символьный;60;0;
ARXIV/UDH3/UDH3/none/ident3.dbf;ident3.dbf;13;TELEFON;C;символьный;20;0;
ARXIV/UDH3/UDH3/none/ident3.dbf;ident3.dbf;14;N_RESH;C;символьный;10;0;
ARXIV/UDH3/UDH3/none/ident3.dbf;ident3.dbf;15;DAT_RESH;D;дата;8;0;
ARXIV/UDH3/UDH3/none/ident3.dbf;ident3.dbf;16;S_OBSH;N;числовой;7;3;
ARXIV/UDH3/UDH3/none/ident3.dbf;ident3.dbf;17;S_GILOY;N;числовой;7;3;
ARXIV/UDH3/UDH3/none/ident3.dbf;ident3.dbf;18;DAT_DOG;D;дата;8;0;
ARXIV/UDH3/UDH3/none/ident3.dbf;ident3.dbf;19;DAT_PRIV;D;дата;8;0;
ARXIV/UDH3/UDH3/none/ident3.dbf;ident3.dbf;20;NU;N;числовой;2;0;
ARXIV/UDH3/UDH3/none/ident3.dbf;ident3.dbf;21;PEREHOD;C;символьный;15;0;
ARXIV/UDH3/UDH3/none/ident3.dbf;ident3.dbf;22;CHERT_1;C;символьный;25;0;
ARXIV/UDH3/UDH3/none/ident3.dbf;ident3.dbf;23;CHERT_2;C;символьный;25;0;
ARXIV/UDH3/UDH3/none/ident3.dbf;ident3.dbf;24;PRIM;C;символьный;30;0;
ARXIV/UDH3/UDH3/none/ident3.dbf;ident3.dbf;25;CHANGE;D;дата;8;0;
ARXIV/UDH3/UDH3/none/local!buhtmp.dbf;local!buhtmp.dbf;1;IDENT_COD;N;числовой;7;0;
ARXIV/UDH3/UDH3/none/local!buhtmp.dbf;local!buhtmp.dbf;2;N_DOGOVOR;N;числовой;10;0;допускает NULL
ARXIV/UDH3/UDH3/none/local!buhtmp.dbf;local!buhtmp.dbf;3;N_DACH;C;символьный;15;0;допускает NULL
ARXIV/UDH3/UDH3/none/local!buhtmp.dbf;local!buhtmp.dbf;4;EXP_4;C;символьный;67;0;допускает NULL
ARXIV/UDH3/UDH3/none/local!buhtmp.dbf;local!buhtmp.dbf;5;EXP_5;C;символьный;82;0;допускает NULL
ARXIV/UDH3/UDH3/none/local!buhtmp.dbf;local!buhtmp.dbf;6;TELEFON;C;символьный;20;0;допускает NULL
ARXIV/UDH3/UDH3/none/local!buhtmp.dbf;local!buhtmp.dbf;7;SKIDKA;N;числовой;2;0;
ARXIV/UDH3/UDH3/none/local!buhtmp.dbf;local!buhtmp.dbf;8;ZACHEM;C;символьный;15;0;
ARXIV/UDH3/UDH3/none/local!buhtmp.dbf;local!buhtmp.dbf;9;S_GILOY;N;числовой;7;3;
ARXIV/UDH3/UDH3/none/local!buhtmp.dbf;local!buhtmp.dbf;10;ST1M;N;числовой;10;0;
ARXIV/UDH3/UDH3/none/local!buhtmp.dbf;local!buhtmp.dbf;11;DTG;N;числовой;10;0;
ARXIV/UDH3/UDH3/none/local!buhtmp.dbf;local!buhtmp.dbf;12;KRG;N;числовой;10;0;
ARXIV/UDH3/UDH3/none/local!buhtmp.dbf;local!buhtmp.dbf;13;NACHIS;N;числовой;10;0;
ARXIV/UDH3/UDH3/none/local!buhtmp.dbf;local!buhtmp.dbf;14;M1;N;числовой;10;0;
ARXIV/UDH3/UDH3/none/local!buhtmp.dbf;local!buhtmp.dbf;15;M2;N;числовой;10;0;
ARXIV/UDH3/UDH3/none/local!buhtmp.dbf;local!buhtmp.dbf;16;M3;N;числовой;10;0;
ARXIV/UDH3/UDH3/none/local!buhtmp.dbf;local!buhtmp.dbf;17;NDS1;N;числовой;10;0;
ARXIV/UDH3/UDH3/none/local!buhtmp.dbf;local!buhtmp.dbf;18;HF1;N;числовой;10;0;
ARXIV/UDH3/UDH3/none/local!buhtmp.dbf;local!buhtmp.dbf;19;SKID1;N;числовой;10;0;
ARXIV/UDH3/UDH3/none/local!buhtmp.dbf;local!buhtmp.dbf;20;DT1;N;числовой;10;0;
ARXIV/UDH3/UDH3/none/local!buhtmp.dbf;local!buhtmp.dbf;21;KR1;N;числовой;10;0;
ARXIV/UDH3/UDH3/none/local!buhtmp.dbf;local!buhtmp.dbf;22;M4;N;числовой;10;0;
ARXIV/UDH3/UDH3/none/local!buhtmp.dbf;local!buhtmp.dbf;23;M5;N;числовой;10;0;
ARXIV/UDH3/UDH3/none/local!buhtmp.dbf;local!buhtmp.dbf;24;M6;N;числовой;10;0;
ARXIV/UDH3/UDH3/none/local!buhtmp.dbf;local!buhtmp.dbf;25;NDS2;N;числовой;10;0;
ARXIV/UDH3/UDH3/none/local!buhtmp.dbf;local!buhtmp.dbf;26;HF2;N;числовой;10;0;
ARXIV/UDH3/UDH3/none/local!buhtmp.dbf;local!buhtmp.dbf;27;SKID2;N;числовой;10;0;
ARXIV/UDH3/UDH3/none/local!buhtmp.dbf;local!buhtmp.dbf;28;DT2;N;числовой;10;0;
ARXIV/UDH3/UDH3/none/local!buhtmp.dbf;local!buhtmp.dbf;29;KR2;N;числовой;10;0;
ARXIV/UDH3/UDH3/none/local!buhtmp.dbf;local!buhtmp.dbf;30;M7;N;числовой;10;0;
ARXIV/UDH3/UDH3/none/local!buhtmp.dbf;local!buhtmp.dbf;31;M8;N;числовой;10;0;
ARXIV/UDH3/UDH3/none/local!buhtmp.dbf;local!buhtmp.dbf;32;M9;N;числовой;10;0;
ARXIV/UDH3/UDH3/none/local!buhtmp.dbf;local!buhtmp.dbf;33;NDS3;N;числовой;10;0;
ARXIV/UDH3/UDH3/none/local!buhtmp.dbf;local!buhtmp.dbf;34;HF3;N;числовой;10;0;
ARXIV/UDH3/UDH3/none/local!buhtmp.dbf;local!buhtmp.dbf;35;SKID3;N;числовой;10;0;
ARXIV/UDH3/UDH3/none/local!buhtmp.dbf;local!buhtmp.dbf;36;DT3;N;числовой;10;0;
ARXIV/UDH3/UDH3/none/local!buhtmp.dbf;local!buhtmp.dbf;37;KR3;N;числовой;10;0;
ARXIV/UDH3/UDH3/none/local!buhtmp.dbf;local!buhtmp.dbf;38;M10;N;числовой;10;0;
ARXIV/UDH3/UDH3/none/local!buhtmp.dbf;local!buhtmp.dbf;39;M11;N;числовой;10;0;
ARXIV/UDH3/UDH3/none/local!buhtmp.dbf;local!buhtmp.dbf;40;M12;N;числовой;10;0;
ARXIV/UDH3/UDH3/none/local!buhtmp.dbf;local!buhtmp.dbf;41;NDS4;N;числовой;10;0;
ARXIV/UDH3/UDH3/none/local!buhtmp.dbf;local!buhtmp.dbf;42;HF4;N;числовой;10;0;
ARXIV/UDH3/UDH3/none/local!buhtmp.dbf;local!buhtmp.dbf;43;SKID4;N;числовой;10;0;
ARXIV/UDH3/UDH3/none/local!buhtmp.dbf;local!buhtmp.dbf;44;DT4;N;числовой;10;0;
ARXIV/UDH3/UDH3/none/local!buhtmp.dbf;local!buhtmp.dbf;45;KR4;N;числовой;10;0;
ARXIV/UDH3/UDH3/none/local!buhtmp.dbf;local!buhtmp.dbf;46;DTI;N;числовой;10;0;
ARXIV/UDH3/UDH3/none/local!buhtmp.dbf;local!buhtmp.dbf;47;KRI;N;числовой;10;0;
ARXIV/UDH3/UDH3/none/local!buhtmp.dbf;local!buhtmp.dbf;48;_NullFlags;0;системный (_NullFlags);1;0;системное, двоичное
ARXIV/UDH3/UDH3/none/nameofmest.dbf;nameofmest.dbf;1;RAYON;C;символьный;20;0;
ARXIV/UDH3/UDH3/none/nameofmest.dbf;nameofmest.dbf;2;NAMEOFMEST;C;символьный;20;0;
ARXIV/UDH3/UDH3/none/nameofmest.dbf;nameofmest.dbf;3;N;N;числовой;2;0;
ARXIV/UDH3/UDH3/none/otchet.dbf;otchet.dbf;1;NN;N;числовой;2;0;
ARXIV/UDH3/UDH3/none/otchet.dbf;otchet.dbf;2;NAME_OF_ME;C;символьный;20;0;
ARXIV/UDH3/UDH3/none/otchet.dbf;otchet.dbf;3;PRIV_ZEM;C;символьный;5;0;
ARXIV/UDH3/UDH3/none/otchet.dbf;otchet.dbf;4;PRIV_GIL;C;символьный;5;0;
ARXIV/UDH3/UDH3/none/otchet.dbf;otchet.dbf;5;PEREHOD;C;символьный;5;0;
ARXIV/UDH3/UDH3/none/otchet.dbf;otchet.dbf;6;ZAKRITO;C;символьный;5;0;
ARXIV/UDH3/UDH3/none/otchet.dbf;otchet.dbf;7;DACH;C;символьный;5;0;
ARXIV/UDH3/UDH3/none/otchet.dbf;otchet.dbf;8;BSIH;C;символьный;5;0;
ARXIV/UDH3/UDH3/none/otchet.dbf;otchet.dbf;9;BTI;C;символьный;5;0;
ARXIV/UDH3/UDH3/none/otchet.dbf;otchet.dbf;10;DOKUM;C;символьный;5;0;
ARXIV/UDH3/UDH3/none/otchet.dbf;otchet.dbf;11;BTK;C;символьный;5;0;
ARXIV/UDH3/UDH3/none/otchet.dbf;otchet.dbf;12;DSK;C;символьный;5;0;
ARXIV/UDH3/UDH3/none/otchet.dbf;otchet.dbf;13;PODPIS;C;символьный;5;0;
ARXIV/UDH3/UDH3/none/otchet.dbf;otchet.dbf;14;REP;L;логический;1;0;
ARXIV/UDH3/UDH3/none/pict1.dbf;pict1.dbf;1;NAM;G;general (OLE);4;0;
ARXIV/UDH3/UDH3/none/pict1.dbf;pict1.dbf;2;RAYON;C;символьный;20;0;
ARXIV/UDH3/UDH3/none/pict1.dbf;pict1.dbf;3;NAMEOFMEST;C;символьный;20;0;
ARXIV/UDH3/UDH3/none/pict1.dbf;pict1.dbf;4;IND;C;символьный;50;0;
ARXIV/UDH3/UDH3/none/pict1.dbf;pict1.dbf;5;N_DACH;C;символьный;15;0;
ARXIV/UDH3/UDH3/none/pict1.dbf;pict1.dbf;6;N_DOGOVOR;N;числовой;10;0;
ARXIV/UDH3/UDH3/none/pict1.dbf;pict1.dbf;7;FL;C;символьный;30;0;
ARXIV/UDH3/UDH3/none/prim.dbf;prim.dbf;1;PRIM;C;символьный;30;0;
ARXIV/UDH3/UDH3/none/search.dbf;search.dbf;1;NN;N;числовой;4;0;
ARXIV/UDH3/UDH3/none/search.dbf;search.dbf;2;SDAT;D;дата;8;0;
ARXIV/UDH3/UDH3/none/search.dbf;search.dbf;3;V1S;C;символьный;254;0;
ARXIV/UDH3/UDH3/none/search.dbf;search.dbf;4;V2S;C;символьный;254;0;
ARXIV/UDH3/UDH3/none/search.dbf;search.dbf;5;PRIM;C;символьный;100;0;
ARXIV/UDH3/UDH3/none/sss2.DBF;sss2.DBF;1;IDENT_COD;N;числовой;7;0;
ARXIV/UDH3/UDH3/none/sss2.DBF;sss2.DBF;2;N_DACH;C;символьный;15;0;
ARXIV/UDH3/UDH3/none/sss2.DBF;sss2.DBF;3;N_DOGOVOR;N;числовой;10;0;
ARXIV/UDH3/UDH3/none/sss2.DBF;sss2.DBF;4;RAYON;C;символьный;20;0;
ARXIV/UDH3/UDH3/none/sss2.DBF;sss2.DBF;5;NAME_OF_ME;C;символьный;20;0;
ARXIV/UDH3/UDH3/none/sss2.DBF;sss2.DBF;6;TIP_DACHI;C;символьный;10;0;
ARXIV/UDH3/UDH3/none/sss2.DBF;sss2.DBF;7;F_NAME;C;символьный;20;0;
ARXIV/UDH3/UDH3/none/sss2.DBF;sss2.DBF;8;L_NAME;C;символьный;20;0;
ARXIV/UDH3/UDH3/none/sss2.DBF;sss2.DBF;9;FAMILY;C;символьный;25;0;
ARXIV/UDH3/UDH3/none/sss2.DBF;sss2.DBF;10;CITY_1;C;символьный;20;0;
ARXIV/UDH3/UDH3/none/sss2.DBF;sss2.DBF;11;POCT_INDEX;N;числовой;6;0;
ARXIV/UDH3/UDH3/none/sss2.DBF;sss2.DBF;12;ADRESS;C;символьный;60;0;
ARXIV/UDH3/UDH3/none/sss2.DBF;sss2.DBF;13;TELEFON;C;символьный;20;0;
ARXIV/UDH3/UDH3/none/sss2.DBF;sss2.DBF;14;N_RESH;C;символьный;10;0;
ARXIV/UDH3/UDH3/none/sss2.DBF;sss2.DBF;15;DAT_RESH;D;дата;8;0;
ARXIV/UDH3/UDH3/none/sss2.DBF;sss2.DBF;16;S_OBSH;N;числовой;7;3;
ARXIV/UDH3/UDH3/none/sss2.DBF;sss2.DBF;17;S_GILOY;N;числовой;7;3;
ARXIV/UDH3/UDH3/none/sss2.DBF;sss2.DBF;18;DAT_DOG;D;дата;8;0;
ARXIV/UDH3/UDH3/none/sss2.DBF;sss2.DBF;19;DAT_PRIV;D;дата;8;0;
ARXIV/UDH3/UDH3/none/sss2.DBF;sss2.DBF;20;NU;N;числовой;2;0;
ARXIV/UDH3/UDH3/none/sss2.DBF;sss2.DBF;21;PEREHOD;C;символьный;15;0;
ARXIV/UDH3/UDH3/none/sss2.DBF;sss2.DBF;22;CHERT_1;C;символьный;25;0;
ARXIV/UDH3/UDH3/none/sss2.DBF;sss2.DBF;23;CHERT_2;C;символьный;25;0;
ARXIV/UDH3/UDH3/none/sss2.DBF;sss2.DBF;24;PRIM;C;символьный;30;0;
ARXIV/UDH3/UDH3/none/sss2.DBF;sss2.DBF;25;CHANGE;D;дата;8;0;
ARXIV/UDH3/UDH3/none/user.BAK;user.BAK;1;USER;C;символьный;15;0;
ARXIV/UDH3/UDH3/none/user.BAK;user.BAK;2;PASSW;C;символьный;10;0;
ARXIV/UDH3/UDH3/none/user.BAK;user.BAK;3;LEVEL;N;числовой;1;0;
ARXIV/UDH3/UDH3/none/user.BAK;user.BAK;4;ACCES;N;числовой;1;0;
ARXIV/UDH3/UDH3/none/user.dbf;user.dbf;1;USER;C;символьный;15;0;
ARXIV/UDH3/UDH3/none/user.dbf;user.dbf;2;PASSW;C;символьный;10;0;
ARXIV/UDH3/UDH3/none/user.dbf;user.dbf;3;LEVEL;N;числовой;1;0;
ARXIV/UDH3/UDH3/none/user.dbf;user.dbf;4;ACCES;N;числовой;1;0;
ARXIV/UDH3/UDH3/none/uslsearch.dbf;uslsearch.dbf;1;NN;N;числовой;2;0;
ARXIV/UDH3/UDH3/none/uslsearch.dbf;uslsearch.dbf;2;FPOLE;C;символьный;20;0;
ARXIV/UDH3/UDH3/none/uslsearch.dbf;uslsearch.dbf;3;POLE;C;символьный;30;0;
ARXIV/UDH3/UDH3/none/uslsearch.dbf;uslsearch.dbf;4;COMBO2;N;числовой;1;0;
ARXIV/UDH3/UDH3/none/uslsearch.dbf;uslsearch.dbf;5;TEXT1;L;логический;1;0;
ARXIV/UDH3/UDH3/none/uslsearch.dbf;uslsearch.dbf;6;COMBO3;L;логический;1;0;
ARXIV/UDH3/UDH3/none/uslsearch.dbf;uslsearch.dbf;7;COMM5;L;логический;1;0;
ARXIV/UDH3/UDH3/none/uslsearch.dbf;uslsearch.dbf;8;RTCOMBO3;N;числовой;1;0;
ARXIV/UDH3/UDH3/none/uslsearch.dbf;uslsearch.dbf;9;RSCOMBO3;C;символьный;50;0;
ARXIV/UDH3/UDH3/none/uslsearch.dbf;uslsearch.dbf;10;USLOV;C;символьный;100;0;
ARXIV/UDH3/UDH3/none/uslsearch.dbf;uslsearch.dbf;11;RES;N;числовой;1;0;
ARXIV/UDH3/Vfp98/FOXUSER.DBF;FOXUSER.DBF;1;TYPE;C;символьный;12;0;
ARXIV/UDH3/Vfp98/FOXUSER.DBF;FOXUSER.DBF;2;ID;C;символьный;12;0;
ARXIV/UDH3/Vfp98/FOXUSER.DBF;FOXUSER.DBF;3;NAME;M;memo (текст);4;0;
ARXIV/UDH3/Vfp98/FOXUSER.DBF;FOXUSER.DBF;4;READONLY;L;логический;1;0;
ARXIV/UDH3/Vfp98/FOXUSER.DBF;FOXUSER.DBF;5;CKVAL;N;числовой;6;0;
ARXIV/UDH3/Vfp98/FOXUSER.DBF;FOXUSER.DBF;6;DATA;M;memo (текст);4;0;
ARXIV/UDH3/Vfp98/FOXUSER.DBF;FOXUSER.DBF;7;UPDATED;D;дата;8;0;
ARXIV/UDH3/Vfp98/LABELS.DBF;LABELS.DBF;1;TYPE;C;символьный;12;0;
ARXIV/UDH3/Vfp98/LABELS.DBF;LABELS.DBF;2;ID;C;символьный;12;0;
ARXIV/UDH3/Vfp98/LABELS.DBF;LABELS.DBF;3;NAME;C;символьный;24;0;
ARXIV/UDH3/Vfp98/LABELS.DBF;LABELS.DBF;4;READONLY;L;логический;1;0;
ARXIV/UDH3/Vfp98/LABELS.DBF;LABELS.DBF;5;CKVAL;N;числовой;6;0;
ARXIV/UDH3/Vfp98/LABELS.DBF;LABELS.DBF;6;DATA;M;memo (текст);10;0;
ARXIV/UDH3/Vfp98/LABELS.DBF;LABELS.DBF;7;UPDATED;D;дата;8;0;
ARXIV/UDH3/Vfp98/ccc2.dbf;ccc2.dbf;1;IDENT_COD;N;числовой;7;0;
ARXIV/UDH3/Vfp98/ccc2.dbf;ccc2.dbf;2;EXP_2;C;символьный;67;0;
ARXIV/UDH3/Vfp98/ccc2.dbf;ccc2.dbf;3;N_DACH;C;символьный;15;0;
ARXIV/UDH3/Vfp98/ccc2.dbf;ccc2.dbf;4;NAME_OF_ME;C;символьный;20;0;
ARXIV/UDH3/Vfp98/ccc2.dbf;ccc2.dbf;5;S_OBSH;N;числовой;7;3;
ARXIV/UDH3/Vfp98/ccc3.dbf;ccc3.dbf;1;IDENT_COD;N;числовой;7;0;
ARXIV/UDH3/Vfp98/ccc3.dbf;ccc3.dbf;2;EXP_2;C;символьный;67;0;
ARXIV/UDH3/Vfp98/ccc3.dbf;ccc3.dbf;3;N_DACH;C;символьный;15;0;
ARXIV/UDH3/Vfp98/ccc3.dbf;ccc3.dbf;4;NAME_OF_ME;C;символьный;20;0;
ARXIV/UDH3/Vfp98/ccc3.dbf;ccc3.dbf;5;S_OBSH;N;числовой;7;3;
ARXIV/UDH3/Vfp98/ssf2.DBF;ssf2.DBF;1;IDENT_COD;N;числовой;7;0;
ARXIV/UDH3/Vfp98/ssf2.DBF;ssf2.DBF;2;N_DACH;C;символьный;15;0;
ARXIV/UDH3/Vfp98/ssf2.DBF;ssf2.DBF;3;N_DOGOVOR;N;числовой;10;0;
ARXIV/UDH3/Vfp98/ssf2.DBF;ssf2.DBF;4;RAYON;C;символьный;20;0;
ARXIV/UDH3/Vfp98/ssf2.DBF;ssf2.DBF;5;NAME_OF_ME;C;символьный;20;0;
ARXIV/UDH3/Vfp98/ssf2.DBF;ssf2.DBF;6;TIP_DACHI;C;символьный;10;0;
ARXIV/UDH3/Vfp98/ssf2.DBF;ssf2.DBF;7;F_NAME;C;символьный;20;0;
ARXIV/UDH3/Vfp98/ssf2.DBF;ssf2.DBF;8;L_NAME;C;символьный;20;0;
ARXIV/UDH3/Vfp98/ssf2.DBF;ssf2.DBF;9;FAMILY;C;символьный;25;0;
ARXIV/UDH3/Vfp98/ssf2.DBF;ssf2.DBF;10;CITY_1;C;символьный;20;0;
ARXIV/UDH3/Vfp98/ssf2.DBF;ssf2.DBF;11;POCT_INDEX;N;числовой;6;0;
ARXIV/UDH3/Vfp98/ssf2.DBF;ssf2.DBF;12;ADRESS;C;символьный;60;0;
ARXIV/UDH3/Vfp98/ssf2.DBF;ssf2.DBF;13;TELEFON;C;символьный;20;0;
ARXIV/UDH3/Vfp98/ssf2.DBF;ssf2.DBF;14;N_RESH;C;символьный;10;0;
ARXIV/UDH3/Vfp98/ssf2.DBF;ssf2.DBF;15;DAT_RESH;D;дата;8;0;
ARXIV/UDH3/Vfp98/ssf2.DBF;ssf2.DBF;16;S_OBSH;N;числовой;7;3;
ARXIV/UDH3/Vfp98/ssf2.DBF;ssf2.DBF;17;S_GILOY;N;числовой;7;3;
ARXIV/UDH3/Vfp98/ssf2.DBF;ssf2.DBF;18;DAT_DOG;D;дата;8;0;
ARXIV/UDH3/Vfp98/ssf2.DBF;ssf2.DBF;19;DAT_PRIV;D;дата;8;0;
ARXIV/UDH3/Vfp98/ssf2.DBF;ssf2.DBF;20;NU;N;числовой;2;0;
ARXIV/UDH3/Vfp98/ssf2.DBF;ssf2.DBF;21;PEREHOD;C;символьный;15;0;
ARXIV/UDH3/Vfp98/ssf2.DBF;ssf2.DBF;22;CHERT_1;C;символьный;25;0;
ARXIV/UDH3/Vfp98/ssf2.DBF;ssf2.DBF;23;CHERT_2;C;символьный;25;0;
ARXIV/UDH3/Vfp98/ssf2.DBF;ssf2.DBF;24;PRIM;C;символьный;30;0;
ARXIV/UDH3/Vfp98/ssf2.DBF;ssf2.DBF;25;CHANGE;D;дата;8;0;
ARXIV/UDH3/Vfp98/ssf4.dbf;ssf4.dbf;1;IDENT_COD;N;числовой;7;0;
ARXIV/UDH3/Vfp98/ssf4.dbf;ssf4.dbf;2;N_DACH;C;символьный;15;0;
ARXIV/UDH3/Vfp98/ssf4.dbf;ssf4.dbf;3;N_DOGOVOR;N;числовой;10;0;
ARXIV/UDH3/Vfp98/ssf4.dbf;ssf4.dbf;4;RAYON;C;символьный;20;0;
ARXIV/UDH3/Vfp98/ssf4.dbf;ssf4.dbf;5;NAME_OF_ME;C;символьный;20;0;
ARXIV/UDH3/Vfp98/ssf4.dbf;ssf4.dbf;6;TIP_DACHI;C;символьный;10;0;
ARXIV/UDH3/Vfp98/ssf4.dbf;ssf4.dbf;7;F_NAME;C;символьный;20;0;
ARXIV/UDH3/Vfp98/ssf4.dbf;ssf4.dbf;8;L_NAME;C;символьный;20;0;
ARXIV/UDH3/Vfp98/ssf4.dbf;ssf4.dbf;9;FAMILY;C;символьный;25;0;
ARXIV/UDH3/Vfp98/ssf4.dbf;ssf4.dbf;10;CITY_1;C;символьный;20;0;
ARXIV/UDH3/Vfp98/ssf4.dbf;ssf4.dbf;11;POCT_INDEX;N;числовой;6;0;
ARXIV/UDH3/Vfp98/ssf4.dbf;ssf4.dbf;12;ADRESS;C;символьный;60;0;
ARXIV/UDH3/Vfp98/ssf4.dbf;ssf4.dbf;13;TELEFON;C;символьный;20;0;
ARXIV/UDH3/Vfp98/ssf4.dbf;ssf4.dbf;14;N_RESH;C;символьный;10;0;
ARXIV/UDH3/Vfp98/ssf4.dbf;ssf4.dbf;15;DAT_RESH;D;дата;8;0;
ARXIV/UDH3/Vfp98/ssf4.dbf;ssf4.dbf;16;S_OBSH;N;числовой;7;3;
ARXIV/UDH3/Vfp98/ssf4.dbf;ssf4.dbf;17;S_GILOY;N;числовой;7;3;
ARXIV/UDH3/Vfp98/ssf4.dbf;ssf4.dbf;18;DAT_DOG;D;дата;8;0;
ARXIV/UDH3/Vfp98/ssf4.dbf;ssf4.dbf;19;DAT_PRIV;D;дата;8;0;
ARXIV/UDH3/Vfp98/ssf4.dbf;ssf4.dbf;20;NU;N;числовой;2;0;
ARXIV/UDH3/Vfp98/ssf4.dbf;ssf4.dbf;21;PEREHOD;C;символьный;15;0;
ARXIV/UDH3/Vfp98/ssf4.dbf;ssf4.dbf;22;CHERT_1;C;символьный;25;0;
ARXIV/UDH3/Vfp98/ssf4.dbf;ssf4.dbf;23;CHERT_2;C;символьный;25;0;
ARXIV/UDH3/Vfp98/ssf4.dbf;ssf4.dbf;24;PRIM;C;символьный;30;0;
ARXIV/UDH3/Vfp98/ssf4.dbf;ssf4.dbf;25;CHANGE;D;дата;8;0;
ARXIV/UDH3/Vfp98/sss2.dbf;sss2.dbf;1;IDENT_COD;N;числовой;7;0;
ARXIV/UDH3/Vfp98/sss2.dbf;sss2.dbf;2;N_DACH;C;символьный;15;0;
ARXIV/UDH3/Vfp98/sss2.dbf;sss2.dbf;3;N_DOGOVOR;N;числовой;10;0;
ARXIV/UDH3/Vfp98/sss2.dbf;sss2.dbf;4;RAYON;C;символьный;20;0;
ARXIV/UDH3/Vfp98/sss2.dbf;sss2.dbf;5;NAME_OF_ME;C;символьный;20;0;
ARXIV/UDH3/Vfp98/sss2.dbf;sss2.dbf;6;TIP_DACHI;C;символьный;10;0;
ARXIV/UDH3/Vfp98/sss2.dbf;sss2.dbf;7;F_NAME;C;символьный;20;0;
ARXIV/UDH3/Vfp98/sss2.dbf;sss2.dbf;8;L_NAME;C;символьный;20;0;
ARXIV/UDH3/Vfp98/sss2.dbf;sss2.dbf;9;FAMILY;C;символьный;25;0;
ARXIV/UDH3/Vfp98/sss2.dbf;sss2.dbf;10;CITY_1;C;символьный;20;0;
ARXIV/UDH3/Vfp98/sss2.dbf;sss2.dbf;11;POCT_INDEX;N;числовой;6;0;
ARXIV/UDH3/Vfp98/sss2.dbf;sss2.dbf;12;ADRESS;C;символьный;60;0;
ARXIV/UDH3/Vfp98/sss2.dbf;sss2.dbf;13;TELEFON;C;символьный;20;0;
ARXIV/UDH3/Vfp98/sss2.dbf;sss2.dbf;14;N_RESH;C;символьный;10;0;
ARXIV/UDH3/Vfp98/sss2.dbf;sss2.dbf;15;DAT_RESH;D;дата;8;0;
ARXIV/UDH3/Vfp98/sss2.dbf;sss2.dbf;16;S_OBSH;N;числовой;7;3;
ARXIV/UDH3/Vfp98/sss2.dbf;sss2.dbf;17;S_GILOY;N;числовой;7;3;
ARXIV/UDH3/Vfp98/sss2.dbf;sss2.dbf;18;DAT_DOG;D;дата;8;0;
ARXIV/UDH3/Vfp98/sss2.dbf;sss2.dbf;19;DAT_PRIV;D;дата;8;0;
ARXIV/UDH3/Vfp98/sss2.dbf;sss2.dbf;20;NU;N;числовой;2;0;
ARXIV/UDH3/Vfp98/sss2.dbf;sss2.dbf;21;PEREHOD;C;символьный;15;0;
ARXIV/UDH3/Vfp98/sss2.dbf;sss2.dbf;22;CHERT_1;C;символьный;25;0;
ARXIV/UDH3/Vfp98/sss2.dbf;sss2.dbf;23;CHERT_2;C;символьный;25;0;
ARXIV/UDH3/Vfp98/sss2.dbf;sss2.dbf;24;PRIM;C;символьный;30;0;
ARXIV/UDH3/Vfp98/sss2.dbf;sss2.dbf;25;CHANGE;D;дата;8;0;
ARXIV/UDH3/Vfp98/sss4.dbf;sss4.dbf;1;IDENT_COD;N;числовой;7;0;
ARXIV/UDH3/Vfp98/sss4.dbf;sss4.dbf;2;N_DACH;C;символьный;15;0;
ARXIV/UDH3/Vfp98/sss4.dbf;sss4.dbf;3;N_DOGOVOR;N;числовой;10;0;
ARXIV/UDH3/Vfp98/sss4.dbf;sss4.dbf;4;RAYON;C;символьный;20;0;
ARXIV/UDH3/Vfp98/sss4.dbf;sss4.dbf;5;NAME_OF_ME;C;символьный;20;0;
ARXIV/UDH3/Vfp98/sss4.dbf;sss4.dbf;6;TIP_DACHI;C;символьный;10;0;
ARXIV/UDH3/Vfp98/sss4.dbf;sss4.dbf;7;F_NAME;C;символьный;20;0;
ARXIV/UDH3/Vfp98/sss4.dbf;sss4.dbf;8;L_NAME;C;символьный;20;0;
ARXIV/UDH3/Vfp98/sss4.dbf;sss4.dbf;9;FAMILY;C;символьный;25;0;
ARXIV/UDH3/Vfp98/sss4.dbf;sss4.dbf;10;CITY_1;C;символьный;20;0;
ARXIV/UDH3/Vfp98/sss4.dbf;sss4.dbf;11;POCT_INDEX;N;числовой;6;0;
ARXIV/UDH3/Vfp98/sss4.dbf;sss4.dbf;12;ADRESS;C;символьный;60;0;
ARXIV/UDH3/Vfp98/sss4.dbf;sss4.dbf;13;TELEFON;C;символьный;20;0;
ARXIV/UDH3/Vfp98/sss4.dbf;sss4.dbf;14;N_RESH;C;символьный;10;0;
ARXIV/UDH3/Vfp98/sss4.dbf;sss4.dbf;15;DAT_RESH;D;дата;8;0;
ARXIV/UDH3/Vfp98/sss4.dbf;sss4.dbf;16;S_OBSH;N;числовой;7;3;
ARXIV/UDH3/Vfp98/sss4.dbf;sss4.dbf;17;S_GILOY;N;числовой;7;3;
ARXIV/UDH3/Vfp98/sss4.dbf;sss4.dbf;18;DAT_DOG;D;дата;8;0;
ARXIV/UDH3/Vfp98/sss4.dbf;sss4.dbf;19;DAT_PRIV;D;дата;8;0;
ARXIV/UDH3/Vfp98/sss4.dbf;sss4.dbf;20;NU;N;числовой;2;0;
ARXIV/UDH3/Vfp98/sss4.dbf;sss4.dbf;21;PEREHOD;C;символьный;15;0;
ARXIV/UDH3/Vfp98/sss4.dbf;sss4.dbf;22;CHERT_1;C;символьный;25;0;
ARXIV/UDH3/Vfp98/sss4.dbf;sss4.dbf;23;CHERT_2;C;символьный;25;0;
ARXIV/UDH3/Vfp98/sss4.dbf;sss4.dbf;24;PRIM;C;символьный;30;0;
ARXIV/UDH3/Vfp98/sss4.dbf;sss4.dbf;25;CHANGE;D;дата;8;0;
ARXIV/UDH3/Vfp98/Api/Samples/EXAMPLES.DBF;EXAMPLES.DBF;1;XNAME;C;символьный;8;0;
ARXIV/UDH3/Vfp98/Api/Samples/EXAMPLES.DBF;EXAMPLES.DBF;2;DESCRIPTIO;M;memo (текст);4;0;
ARXIV/UDH3/Vfp98/Api/Samples/EXAMPLES.DBF;EXAMPLES.DBF;3;C_CODE;M;memo (текст);4;0;
ARXIV/UDH3/Vfp98/Api/Samples/EXAMPLES.DBF;EXAMPLES.DBF;4;X_CODE;M;memo (текст);4;0;
ARXIV/UDH3/Vfp98/Api/Samples/EXAMPLES.DBF;EXAMPLES.DBF;5;WIN;L;логический;1;0;
ARXIV/UDH3/Vfp98/Api/Samples/EXAMPLES.DBF;EXAMPLES.DBF;6;DOS;L;логический;1;0;
ARXIV/UDH3/Vfp98/Api/Samples/EXAMPLES.DBF;EXAMPLES.DBF;7;BUILD;M;memo (текст);4;0;двоичное
ARXIV/UDH3/Vfp98/Distrib.src/COMPRESS.DBF;COMPRESS.DBF;1;SOURCE;C;символьный;100;0;
ARXIV/UDH3/Vfp98/Distrib.src/COMPRESS.DBF;COMPRESS.DBF;2;DEST;C;символьный;100;0;
ARXIV/UDH3/Vfp98/Distrib.src/COMPRESS.DBF;COMPRESS.DBF;3;COMPRESS;L;логический;1;0;
ARXIV/UDH3/Vfp98/Distrib.src/COMPRESS.DBF;COMPRESS.DBF;4;REQUIRED;L;логический;1;0;
ARXIV/UDH3/Vfp98/Distrib.src/COMPRESS.DBF;COMPRESS.DBF;5;CLASS;N;числовой;2;0;
ARXIV/UDH3/Vfp98/Distrib.src/COMPRESS.DBF;COMPRESS.DBF;6;REFKEY;C;символьный;20;0;
ARXIV/UDH3/Vfp98/Distrib.src/COMPRESS.DBF;COMPRESS.DBF;7;FOUND;L;логический;1;0;
ARXIV/UDH3/Vfp98/Distrib.src/COMPRESS.DBF;COMPRESS.DBF;8;SOURCEDIR;C;символьный;50;0;
ARXIV/UDH3/Vfp98/Distrib.src/COMPRESS.DBF;COMPRESS.DBF;9;VERSION;C;символьный;12;0;
ARXIV/UDH3/Vfp98/Distrib.src/COMPRESS.DBF;COMPRESS.DBF;10;LANGUAGE;C;символьный;12;0;
ARXIV/UDH3/Vfp98/Distrib.src/COMPRESS.DBF;COMPRESS.DBF;11;SETUPFILE;L;логический;1;0;
ARXIV/UDH3/Vfp98/Distrib.src/COMPRESS.DBF;COMPRESS.DBF;12;CPRSFLAG;L;логический;1;0;
ARXIV/UDH3/Vfp98/Distrib.src/COMPRESS.DBF;COMPRESS.DBF;13;VITAL;L;логический;1;0;
ARXIV/UDH3/Vfp98/Distrib.src/COMPRESS.DBF;COMPRESS.DBF;14;READONLY;L;логический;1;0;
ARXIV/UDH3/Vfp98/Distrib.src/COMPRESS.DBF;COMPRESS.DBF;15;SHARED;L;логический;1;0;
ARXIV/UDH3/Vfp98/Distrib.src/COMPRESS.DBF;COMPRESS.DBF;16;SYSTEM;L;логический;1;0;
ARXIV/UDH3/Vfp98/Filespec/26FRX.DBF;26FRX.DBF;1;FIELDS;C;символьный;10;0;
ARXIV/UDH3/Vfp98/Filespec/26FRX.DBF;26FRX.DBF;2;TYPE;C;символьный;4;0;
ARXIV/UDH3/Vfp98/Filespec/26FRX.DBF;26FRX.DBF;3;REPORT;C;символьный;13;0;
ARXIV/UDH3/Vfp98/Filespec/26FRX.DBF;26FRX.DBF;4;BANDINFO;C;символьный;15;0;
ARXIV/UDH3/Vfp98/Filespec/26FRX.DBF;26FRX.DBF;5;PICTURE;C;символьный;12;0;
ARXIV/UDH3/Vfp98/Filespec/26FRX.DBF;26FRX.DBF;6;REPFIELD;C;символьный;13;0;
ARXIV/UDH3/Vfp98/Filespec/26FRX.DBF;26FRX.DBF;7;TEXT;C;символьный;13;0;
ARXIV/UDH3/Vfp98/Filespec/26FRX.DBF;26FRX.DBF;8;BOX;C;символьный;12;0;
ARXIV/UDH3/Vfp98/Filespec/26FRX.DBF;26FRX.DBF;9;LINE;C;символьный;12;0;
ARXIV/UDH3/Vfp98/Filespec/26FRX.DBF;26FRX.DBF;10;WORKAREA;C;символьный;12;0;
ARXIV/UDH3/Vfp98/Filespec/26FRX.DBF;26FRX.DBF;11;INDEX;C;символьный;14;0;
ARXIV/UDH3/Vfp98/Filespec/26FRX.DBF;26FRX.DBF;12;RELATION;C;символьный;14;0;
ARXIV/UDH3/Vfp98/Filespec/26FRX.DBF;26FRX.DBF;13;GROUP;C;символьный;13;0;
ARXIV/UDH3/Vfp98/Filespec/26FRX.DBF;26FRX.DBF;14;PDSETUP;C;символьный;8;0;
ARXIV/UDH3/Vfp98/Filespec/26FRX.DBF;26FRX.DBF;15;VARIABLE;C;символьный;14;0;
ARXIV/UDH3/Vfp98/Filespec/26MNX.DBF;26MNX.DBF;1;FIELDS;C;символьный;10;0;
ARXIV/UDH3/Vfp98/Filespec/26MNX.DBF;26MNX.DBF;2;TYPE;C;символьный;4;0;
ARXIV/UDH3/Vfp98/Filespec/26MNX.DBF;26MNX.DBF;3;MENUSYSTEM;C;символьный;16;0;
ARXIV/UDH3/Vfp98/Filespec/26MNX.DBF;26MNX.DBF;4;SUBMENU;C;символьный;15;0;
ARXIV/UDH3/Vfp98/Filespec/26MNX.DBF;26MNX.DBF;5;ITEM;C;символьный;15;0;
ARXIV/UDH3/Vfp98/Filespec/26PJX.DBF;26PJX.DBF;1;FIELDS;C;символьный;10;0;
ARXIV/UDH3/Vfp98/Filespec/26PJX.DBF;26PJX.DBF;2;TYPE;C;символьный;4;0;
ARXIV/UDH3/Vfp98/Filespec/26PJX.DBF;26PJX.DBF;3;HEADER;C;символьный;14;0;
ARXIV/UDH3/Vfp98/Filespec/26PJX.DBF;26PJX.DBF;4;SCREEN_SET;C;символьный;20;0;
ARXIV/UDH3/Vfp98/Filespec/26PJX.DBF;26PJX.DBF;5;SCREEN;C;символьный;12;0;
ARXIV/UDH3/Vfp98/Filespec/26PJX.DBF;26PJX.DBF;6;PROGRAM;C;символьный;12;0;
ARXIV/UDH3/Vfp98/Filespec/26PJX.DBF;26PJX.DBF;7;MENU;C;символьный;12;0;
ARXIV/UDH3/Vfp98/Filespec/26PJX.DBF;26PJX.DBF;8;QUERY;C;символьный;12;0;
ARXIV/UDH3/Vfp98/Filespec/26PJX.DBF;26PJX.DBF;9;REPORT;C;символьный;12;0;
ARXIV/UDH3/Vfp98/Filespec/26PJX.DBF;26PJX.DBF;10;LABEL;C;символьный;12;0;
ARXIV/UDH3/Vfp98/Filespec/26PJX.DBF;26PJX.DBF;11;LIBRARY;C;символьный;12;0;
ARXIV/UDH3/Vfp98/Filespec/26PJX.DBF;26PJX.DBF;12;FORMAT;C;символьный;12;0;
ARXIV/UDH3/Vfp98/Filespec/26PJX.DBF;26PJX.DBF;13;TABLE;C;символьный;10;0;
ARXIV/UDH3/Vfp98/Filespec/26PJX.DBF;26PJX.DBF;14;INDEX;C;символьный;10;0;
ARXIV/UDH3/Vfp98/Filespec/26PJX.DBF;26PJX.DBF;15;FILE;C;символьный;10;0;
ARXIV/UDH3/Vfp98/Filespec/26PJX.DBF;26PJX.DBF;16;APPLICATIO;C;символьный;11;0;
ARXIV/UDH3/Vfp98/Filespec/26SCX.DBF;26SCX.DBF;1;FIELDS;C;символьный;10;0;
ARXIV/UDH3/Vfp98/Filespec/26SCX.DBF;26SCX.DBF;2;TYPE;C;символьный;4;0;
ARXIV/UDH3/Vfp98/Filespec/26SCX.DBF;26SCX.DBF;3;SCREEN;C;символьный;12;0;
ARXIV/UDH3/Vfp98/Filespec/26SCX.DBF;26SCX.DBF;4;WORKAREA;C;символьный;13;0;
ARXIV/UDH3/Vfp98/Filespec/26SCX.DBF;26SCX.DBF;5;INDEX;C;символьный;12;0;
ARXIV/UDH3/Vfp98/Filespec/26SCX.DBF;26SCX.DBF;6;RELATION;C;символьный;14;0;
ARXIV/UDH3/Vfp98/Filespec/26SCX.DBF;26SCX.DBF;7;TEXT;C;символьный;8;0;
ARXIV/UDH3/Vfp98/Filespec/26SCX.DBF;26SCX.DBF;8;BOX;C;символьный;10;0;
ARXIV/UDH3/Vfp98/Filespec/26SCX.DBF;26SCX.DBF;9;LINE;C;символьный;9;0;
ARXIV/UDH3/Vfp98/Filespec/26SCX.DBF;26SCX.DBF;10;GROUP;C;символьный;10;0;
ARXIV/UDH3/Vfp98/Filespec/26SCX.DBF;26SCX.DBF;11;LIST;C;символьный;12;0;
ARXIV/UDH3/Vfp98/Filespec/26SCX.DBF;26SCX.DBF;12;TEXTBUTN;C;символьный;12;0;
ARXIV/UDH3/Vfp98/Filespec/26SCX.DBF;26SCX.DBF;13;RADIOBUTN;C;символьный;12;0;
ARXIV/UDH3/Vfp98/Filespec/26SCX.DBF;26SCX.DBF;14;CHECKBOX;C;символьный;12;0;
ARXIV/UDH3/Vfp98/Filespec/26SCX.DBF;26SCX.DBF;15;GETFIELD;C;символьный;12;0;
ARXIV/UDH3/Vfp98/Filespec/26SCX.DBF;26SCX.DBF;16;TEXTRGN;C;символьный;12;0;
ARXIV/UDH3/Vfp98/Filespec/26SCX.DBF;26SCX.DBF;17;POPUP;C;символьный;12;0;
ARXIV/UDH3/Vfp98/Filespec/26SCX.DBF;26SCX.DBF;18;PICTURE;C;символьный;13;0;
ARXIV/UDH3/Vfp98/Filespec/26SCX.DBF;26SCX.DBF;19;SPINNER;C;символьный;12;0;
ARXIV/UDH3/Vfp98/Filespec/26SCX.DBF;26SCX.DBF;20;INVISIBLBT;C;символьный;12;0;
ARXIV/UDH3/Vfp98/Filespec/60DBC.DBF;60DBC.DBF;1;FIELDNAME;C;символьный;10;0;
ARXIV/UDH3/Vfp98/Filespec/60DBC.DBF;60DBC.DBF;2;TYPE;C;символьный;1;0;
ARXIV/UDH3/Vfp98/Filespec/60DBC.DBF;60DBC.DBF;3;WIDTH;N;числовой;3;0;
ARXIV/UDH3/Vfp98/Filespec/60DBC.DBF;60DBC.DBF;4;DESCRIPTIO;M;memo (текст);4;0;
ARXIV/UDH3/Vfp98/Filespec/60DBC.DBF;60DBC.DBF;5;DATABASE;C;символьный;13;0;
ARXIV/UDH3/Vfp98/Filespec/60DBC.DBF;60DBC.DBF;6;TABLE;C;символьный;13;0;
ARXIV/UDH3/Vfp98/Filespec/60DBC.DBF;60DBC.DBF;7;FIELD;C;символьный;13;0;
ARXIV/UDH3/Vfp98/Filespec/60DBC.DBF;60DBC.DBF;8;INDEX;C;символьный;13;0;
ARXIV/UDH3/Vfp98/Filespec/60DBC.DBF;60DBC.DBF;9;RELATION;C;символьный;13;0;
ARXIV/UDH3/Vfp98/Filespec/60DBC.DBF;60DBC.DBF;10;CONNECTION;C;символьный;13;0;
ARXIV/UDH3/Vfp98/Filespec/60DBC.DBF;60DBC.DBF;11;VIEW;C;символьный;13;0;
ARXIV/UDH3/Vfp98/Filespec/60DBCPRO.DBF;60DBCPRO.DBF;1;PROPERTY;C;символьный;30;0;
ARXIV/UDH3/Vfp98/Filespec/60DBCPRO.DBF;60DBCPRO.DBF;2;CODE;N;числовой;3;0;
ARXIV/UDH3/Vfp98/Filespec/60DBCPRO.DBF;60DBCPRO.DBF;3;DATABASE;C;символьный;1;0;
ARXIV/UDH3/Vfp98/Filespec/60DBCPRO.DBF;60DBCPRO.DBF;4;TABLE;C;символьный;1;0;
ARXIV/UDH3/Vfp98/Filespec/60DBCPRO.DBF;60DBCPRO.DBF;5;FIELD;C;символьный;1;0;
ARXIV/UDH3/Vfp98/Filespec/60DBCPRO.DBF;60DBCPRO.DBF;6;INDEX;C;символьный;1;0;
ARXIV/UDH3/Vfp98/Filespec/60DBCPRO.DBF;60DBCPRO.DBF;7;RELATION;C;символьный;1;0;
ARXIV/UDH3/Vfp98/Filespec/60DBCPRO.DBF;60DBCPRO.DBF;8;CONNECTION;C;символьный;1;0;
ARXIV/UDH3/Vfp98/Filespec/60DBCPRO.DBF;60DBCPRO.DBF;9;VIEW;C;символьный;1;0;
ARXIV/UDH3/Vfp98/Filespec/60FRX.DBF;60FRX.DBF;1;FIELDS;C;символьный;10;0;
ARXIV/UDH3/Vfp98/Filespec/60FRX.DBF;60FRX.DBF;2;TYPE;C;символьный;1;0;
ARXIV/UDH3/Vfp98/Filespec/60FRX.DBF;60FRX.DBF;3;LENGTH;N;числовой;3;0;
ARXIV/UDH3/Vfp98/Filespec/60FRX.DBF;60FRX.DBF;4;DESCRIPTIO;M;memo (текст);4;0;
ARXIV/UDH3/Vfp98/Filespec/60FRX.DBF;60FRX.DBF;5;REPORT;C;символьный;60;0;
ARXIV/UDH3/Vfp98/Filespec/60FRX.DBF;60FRX.DBF;6;BANDINFO;C;символьный;14;0;
ARXIV/UDH3/Vfp98/Filespec/60FRX.DBF;60FRX.DBF;7;PICTURE;C;символьный;40;0;
ARXIV/UDH3/Vfp98/Filespec/60FRX.DBF;60FRX.DBF;8;REPFIELD;C;символьный;13;0;
ARXIV/UDH3/Vfp98/Filespec/60FRX.DBF;60FRX.DBF;9;TEXT;C;символьный;13;0;
ARXIV/UDH3/Vfp98/Filespec/60FRX.DBF;60FRX.DBF;10;BOX;C;символьный;13;0;
ARXIV/UDH3/Vfp98/Filespec/60FRX.DBF;60FRX.DBF;11;LINE;C;символьный;13;0;
ARXIV/UDH3/Vfp98/Filespec/60FRX.DBF;60FRX.DBF;12;WORKAREA;C;символьный;13;0;
ARXIV/UDH3/Vfp98/Filespec/60FRX.DBF;60FRX.DBF;13;INDEX;C;символьный;13;0;
ARXIV/UDH3/Vfp98/Filespec/60FRX.DBF;60FRX.DBF;14;RELATION;C;символьный;14;0;
ARXIV/UDH3/Vfp98/Filespec/60FRX.DBF;60FRX.DBF;15;GROUP;C;символьный;13;0;
ARXIV/UDH3/Vfp98/Filespec/60FRX.DBF;60FRX.DBF;16;PRTDRV_SET;C;символьный;40;0;
ARXIV/UDH3/Vfp98/Filespec/60FRX.DBF;60FRX.DBF;17;VARIABLE;C;символьный;60;0;
ARXIV/UDH3/Vfp98/Filespec/60FRX.DBF;60FRX.DBF;18;DATA_ENV;C;символьный;40;0;
ARXIV/UDH3/Vfp98/Filespec/60FRX.DBF;60FRX.DBF;19;CURSOR_OBJ;C;символьный;40;0;
ARXIV/UDH3/Vfp98/Filespec/60FRX.DBF;60FRX.DBF;20;RELATION_O;C;символьный;40;0;
ARXIV/UDH3/Vfp98/Filespec/60FRX.DBF;60FRX.DBF;21;EXPRESSION;C;символьный;13;0;
ARXIV/UDH3/Vfp98/Filespec/60MNX.DBF;60MNX.DBF;1;FIELD;C;символьный;10;0;
ARXIV/UDH3/Vfp98/Filespec/60MNX.DBF;60MNX.DBF;2;TYPE;C;символьный;1;0;
ARXIV/UDH3/Vfp98/Filespec/60MNX.DBF;60MNX.DBF;3;WIDTH;N;числовой;3;0;
ARXIV/UDH3/Vfp98/Filespec/60MNX.DBF;60MNX.DBF;4;DESCRIPTIO;M;memo (текст);4;0;
ARXIV/UDH3/Vfp98/Filespec/60MNX.DBF;60MNX.DBF;5;MENU_FILE_;C;символьный;40;0;
ARXIV/UDH3/Vfp98/Filespec/60MNX.DBF;60MNX.DBF;6;POPUP;C;символьный;40;0;
ARXIV/UDH3/Vfp98/Filespec/60MNX.DBF;60MNX.DBF;7;OPTION;C;символьный;100;0;
ARXIV/UDH3/Vfp98/Filespec/60PJX.DBF;60PJX.DBF;1;FIELD;C;символьный;10;0;
ARXIV/UDH3/Vfp98/Filespec/60PJX.DBF;60PJX.DBF;2;TYPE;C;символьный;1;0;
ARXIV/UDH3/Vfp98/Filespec/60PJX.DBF;60PJX.DBF;3;WIDTH;N;числовой;2;0;
ARXIV/UDH3/Vfp98/Filespec/60PJX.DBF;60PJX.DBF;4;DESCRIPTIO;M;memo (текст);4;0;
ARXIV/UDH3/Vfp98/Filespec/60PJX.DBF;60PJX.DBF;5;HEADER;C;символьный;20;0;
ARXIV/UDH3/Vfp98/Filespec/60PJX.DBF;60PJX.DBF;6;FORM;C;символьный;14;0;
ARXIV/UDH3/Vfp98/Filespec/60PJX.DBF;60PJX.DBF;7;VISUAL_CLA;C;символьный;13;0;
ARXIV/UDH3/Vfp98/Filespec/60PJX.DBF;60PJX.DBF;8;PROGRAM;C;символьный;13;0;
ARXIV/UDH3/Vfp98/Filespec/60PJX.DBF;60PJX.DBF;9;MENU;C;символьный;14;0;
ARXIV/UDH3/Vfp98/Filespec/60PJX.DBF;60PJX.DBF;10;QUERY;C;символьный;13;0;
ARXIV/UDH3/Vfp98/Filespec/60PJX.DBF;60PJX.DBF;11;REPORT;C;символьный;13;0;
ARXIV/UDH3/Vfp98/Filespec/60PJX.DBF;60PJX.DBF;12;LABEL;C;символьный;13;0;
ARXIV/UDH3/Vfp98/Filespec/60PJX.DBF;60PJX.DBF;13;LIBRARY;C;символьный;13;0;
ARXIV/UDH3/Vfp98/Filespec/60PJX.DBF;60PJX.DBF;14;FORMAT;C;символьный;13;0;
ARXIV/UDH3/Vfp98/Filespec/60PJX.DBF;60PJX.DBF;15;DATABASE;C;символьный;13;0;
ARXIV/UDH3/Vfp98/Filespec/60PJX.DBF;60PJX.DBF;16;FREE_TABLE;C;символьный;13;0;
ARXIV/UDH3/Vfp98/Filespec/60PJX.DBF;60PJX.DBF;17;ASSOC_TABL;C;символьный;13;0;
ARXIV/UDH3/Vfp98/Filespec/60PJX.DBF;60PJX.DBF;18;INDEX;C;символьный;13;0;
ARXIV/UDH3/Vfp98/Filespec/60PJX.DBF;60PJX.DBF;19;FILE;C;символьный;13;0;
ARXIV/UDH3/Vfp98/Filespec/60PJX.DBF;60PJX.DBF;20;TEXT_FILE;C;символьный;13;0;
ARXIV/UDH3/Vfp98/Filespec/60PJX.DBF;60PJX.DBF;21;APPLICATIO;C;символьный;40;0;
ARXIV/UDH3/Vfp98/Filespec/60PJX.DBF;60PJX.DBF;22;ICON;C;символьный;13;0;
ARXIV/UDH3/Vfp98/Filespec/60SCX.DBF;60SCX.DBF;1;FIELD;C;символьный;10;0;
ARXIV/UDH3/Vfp98/Filespec/60SCX.DBF;60SCX.DBF;2;TYPE;C;символьный;1;0;
ARXIV/UDH3/Vfp98/Filespec/60SCX.DBF;60SCX.DBF;3;WIDTH;N;числовой;3;0;
ARXIV/UDH3/Vfp98/Filespec/60SCX.DBF;60SCX.DBF;4;DESCRIPTIO;M;memo (текст);4;0;
ARXIV/UDH3/Vfp98/Filespec/60SCX.DBF;60SCX.DBF;5;CHECKBOX;C;символьный;10;0;
ARXIV/UDH3/Vfp98/Filespec/60SCX.DBF;60SCX.DBF;6;COMMANDBUT;C;символьный;10;0;
ARXIV/UDH3/Vfp98/Filespec/60SCX.DBF;60SCX.DBF;7;COMMANDGRO;C;символьный;10;0;
ARXIV/UDH3/Vfp98/Filespec/60SCX.DBF;60SCX.DBF;8;COMBOBOX;C;символьный;10;0;
ARXIV/UDH3/Vfp98/Filespec/60SCX.DBF;60SCX.DBF;9;CONTAINER;C;символьный;10;0;
ARXIV/UDH3/Vfp98/Filespec/60SCX.DBF;60SCX.DBF;10;CONTROL;C;символьный;10;0;
ARXIV/UDH3/Vfp98/Filespec/60SCX.DBF;60SCX.DBF;11;CUSTOM;C;символьный;10;0;
ARXIV/UDH3/Vfp98/Filespec/60SCX.DBF;60SCX.DBF;12;EDITBOX;C;символьный;10;0;
ARXIV/UDH3/Vfp98/Filespec/60SCX.DBF;60SCX.DBF;13;FORM;C;символьный;10;0;
ARXIV/UDH3/Vfp98/Filespec/60SCX.DBF;60SCX.DBF;14;FORMSET;C;символьный;10;0;
ARXIV/UDH3/Vfp98/Filespec/60SCX.DBF;60SCX.DBF;15;GRID;C;символьный;10;0;
ARXIV/UDH3/Vfp98/Filespec/60SCX.DBF;60SCX.DBF;16;IMAGE;C;символьный;10;0;
ARXIV/UDH3/Vfp98/Filespec/60SCX.DBF;60SCX.DBF;17;LABEL;C;символьный;10;0;
ARXIV/UDH3/Vfp98/Filespec/60SCX.DBF;60SCX.DBF;18;LINE;C;символьный;10;0;
ARXIV/UDH3/Vfp98/Filespec/60SCX.DBF;60SCX.DBF;19;LISTBOX;C;символьный;10;0;
ARXIV/UDH3/Vfp98/Filespec/60SCX.DBF;60SCX.DBF;20;OLEBOUNDCO;C;символьный;10;0;
ARXIV/UDH3/Vfp98/Filespec/60SCX.DBF;60SCX.DBF;21;OLECONTAIN;C;символьный;10;0;
ARXIV/UDH3/Vfp98/Filespec/60SCX.DBF;60SCX.DBF;22;OPTIONGROU;C;символьный;10;0;
ARXIV/UDH3/Vfp98/Filespec/60SCX.DBF;60SCX.DBF;23;PAGEFRAME;C;символьный;10;0;
ARXIV/UDH3/Vfp98/Filespec/60SCX.DBF;60SCX.DBF;24;SHAPE;C;символьный;10;0;
ARXIV/UDH3/Vfp98/Filespec/60SCX.DBF;60SCX.DBF;25;SPINNER;C;символьный;10;0;
ARXIV/UDH3/Vfp98/Filespec/60SCX.DBF;60SCX.DBF;26;TEXTBOX;C;символьный;10;0;
ARXIV/UDH3/Vfp98/Filespec/60SCX.DBF;60SCX.DBF;27;TIMER;C;символьный;10;0;
ARXIV/UDH3/Vfp98/Filespec/60SCX.DBF;60SCX.DBF;28;TOOLBAR;C;символьный;10;0;
ARXIV/UDH3/Vfp98/Gallery/KEYWORDS.DBF;KEYWORDS.DBF;1;KEYWORD;C;символьный;30;0;
ARXIV/UDH3/Vfp98/Gallery/VFPGLRY.DBF;VFPGLRY.DBF;1;TYPE;C;символьный;12;0;
ARXIV/UDH3/Vfp98/Gallery/VFPGLRY.DBF;VFPGLRY.DBF;2;ID;C;символьный;12;0;
ARXIV/UDH3/Vfp98/Gallery/VFPGLRY.DBF;VFPGLRY.DBF;3;PARENT;M;memo (текст);4;0;
ARXIV/UDH3/Vfp98/Gallery/VFPGLRY.DBF;VFPGLRY.DBF;4;LINK;M;memo (текст);4;0;
ARXIV/UDH3/Vfp98/Gallery/VFPGLRY.DBF;VFPGLRY.DBF;5;TEXT;M;memo (текст);4;0;
ARXIV/UDH3/Vfp98/Gallery/VFPGLRY.DBF;VFPGLRY.DBF;6;TYPEDESC;M;memo (текст);4;0;
ARXIV/UDH3/Vfp98/Gallery/VFPGLRY.DBF;VFPGLRY.DBF;7;DESC;M;memo (текст);4;0;
ARXIV/UDH3/Vfp98/Gallery/VFPGLRY.DBF;VFPGLRY.DBF;8;PROPERTIES;M;memo (текст);4;0;
ARXIV/UDH3/Vfp98/Gallery/VFPGLRY.DBF;VFPGLRY.DBF;9;FILENAME;M;memo (текст);4;0;
ARXIV/UDH3/Vfp98/Gallery/VFPGLRY.DBF;VFPGLRY.DBF;10;CLASS;M;memo (текст);4;0;
ARXIV/UDH3/Vfp98/Gallery/VFPGLRY.DBF;VFPGLRY.DBF;11;PICTURE;M;memo (текст);4;0;
ARXIV/UDH3/Vfp98/Gallery/VFPGLRY.DBF;VFPGLRY.DBF;12;FOLDERPICT;M;memo (текст);4;0;
ARXIV/UDH3/Vfp98/Gallery/VFPGLRY.DBF;VFPGLRY.DBF;13;SCRIPT;M;memo (текст);4;0;
ARXIV/UDH3/Vfp98/Gallery/VFPGLRY.DBF;VFPGLRY.DBF;14;CLASSLIB;M;memo (текст);4;0;
ARXIV/UDH3/Vfp98/Gallery/VFPGLRY.DBF;VFPGLRY.DBF;15;CLASSNAME;M;memo (текст);4;0;
ARXIV/UDH3/Vfp98/Gallery/VFPGLRY.DBF;VFPGLRY.DBF;16;ITEMCLASS;M;memo (текст);4;0;
ARXIV/UDH3/Vfp98/Gallery/VFPGLRY.DBF;VFPGLRY.DBF;17;ITEMTPDESC;M;memo (текст);4;0;
ARXIV/UDH3/Vfp98/Gallery/VFPGLRY.DBF;VFPGLRY.DBF;18;VIEWS;M;memo (текст);4;0;
ARXIV/UDH3/Vfp98/Gallery/VFPGLRY.DBF;VFPGLRY.DBF;19;KEYWORDS;M;memo (текст);4;0;
ARXIV/UDH3/Vfp98/Gallery/VFPGLRY.DBF;VFPGLRY.DBF;20;SRCALIAS;M;memo (текст);4;0;
ARXIV/UDH3/Vfp98/Gallery/VFPGLRY.DBF;VFPGLRY.DBF;21;SRCRECNO;N;числовой;6;0;
ARXIV/UDH3/Vfp98/Gallery/VFPGLRY.DBF;VFPGLRY.DBF;22;UPDATED;T;дата-время;8;0;двоичное
ARXIV/UDH3/Vfp98/Gallery/VFPGLRY.DBF;VFPGLRY.DBF;23;COMMENT;M;memo (текст);4;0;
ARXIV/UDH3/Vfp98/Gallery/VFPGLRY.DBF;VFPGLRY.DBF;24;USER;M;memo (текст);4;0;
ARXIV/UDH3/Vfp98/Gallery/activex catalog.dbf;activex catalog.dbf;1;TYPE;C;символьный;12;0;
ARXIV/UDH3/Vfp98/Gallery/activex catalog.dbf;activex catalog.dbf;2;ID;C;символьный;12;0;
ARXIV/UDH3/Vfp98/Gallery/activex catalog.dbf;activex catalog.dbf;3;PARENT;M;memo (текст);4;0;
ARXIV/UDH3/Vfp98/Gallery/activex catalog.dbf;activex catalog.dbf;4;LINK;M;memo (текст);4;0;
ARXIV/UDH3/Vfp98/Gallery/activex catalog.dbf;activex catalog.dbf;5;TEXT;M;memo (текст);4;0;
ARXIV/UDH3/Vfp98/Gallery/activex catalog.dbf;activex catalog.dbf;6;TYPEDESC;M;memo (текст);4;0;
ARXIV/UDH3/Vfp98/Gallery/activex catalog.dbf;activex catalog.dbf;7;DESC;M;memo (текст);4;0;
ARXIV/UDH3/Vfp98/Gallery/activex catalog.dbf;activex catalog.dbf;8;PROPERTIES;M;memo (текст);4;0;
ARXIV/UDH3/Vfp98/Gallery/activex catalog.dbf;activex catalog.dbf;9;FILENAME;M;memo (текст);4;0;
ARXIV/UDH3/Vfp98/Gallery/activex catalog.dbf;activex catalog.dbf;10;CLASS;M;memo (текст);4;0;
ARXIV/UDH3/Vfp98/Gallery/activex catalog.dbf;activex catalog.dbf;11;PICTURE;M;memo (текст);4;0;
ARXIV/UDH3/Vfp98/Gallery/activex catalog.dbf;activex catalog.dbf;12;FOLDERPICT;M;memo (текст);4;0;
ARXIV/UDH3/Vfp98/Gallery/activex catalog.dbf;activex catalog.dbf;13;SCRIPT;M;memo (текст);4;0;
ARXIV/UDH3/Vfp98/Gallery/activex catalog.dbf;activex catalog.dbf;14;CLASSLIB;M;memo (текст);4;0;
ARXIV/UDH3/Vfp98/Gallery/activex catalog.dbf;activex catalog.dbf;15;CLASSNAME;M;memo (текст);4;0;
ARXIV/UDH3/Vfp98/Gallery/activex catalog.dbf;activex catalog.dbf;16;ITEMCLASS;M;memo (текст);4;0;
ARXIV/UDH3/Vfp98/Gallery/activex catalog.dbf;activex catalog.dbf;17;ITEMTPDESC;M;memo (текст);4;0;
ARXIV/UDH3/Vfp98/Gallery/activex catalog.dbf;activex catalog.dbf;18;VIEWS;M;memo (текст);4;0;
ARXIV/UDH3/Vfp98/Gallery/activex catalog.dbf;activex catalog.dbf;19;KEYWORDS;M;memo (текст);4;0;
ARXIV/UDH3/Vfp98/Gallery/activex catalog.dbf;activex catalog.dbf;20;SRCALIAS;M;memo (текст);4;0;
ARXIV/UDH3/Vfp98/Gallery/activex catalog.dbf;activex catalog.dbf;21;SRCRECNO;N;числовой;6;0;
ARXIV/UDH3/Vfp98/Gallery/activex catalog.dbf;activex catalog.dbf;22;UPDATED;T;дата-время;8;0;двоичное
ARXIV/UDH3/Vfp98/Gallery/activex catalog.dbf;activex catalog.dbf;23;COMMENT;M;memo (текст);4;0;
ARXIV/UDH3/Vfp98/Gallery/activex catalog.dbf;activex catalog.dbf;24;USER;M;memo (текст);4;0;
ARXIV/UDH3/Vfp98/Gallery/favorites.dbf;favorites.dbf;1;TYPE;C;символьный;12;0;
ARXIV/UDH3/Vfp98/Gallery/favorites.dbf;favorites.dbf;2;ID;C;символьный;12;0;
ARXIV/UDH3/Vfp98/Gallery/favorites.dbf;favorites.dbf;3;PARENT;M;memo (текст);4;0;
ARXIV/UDH3/Vfp98/Gallery/favorites.dbf;favorites.dbf;4;LINK;M;memo (текст);4;0;
ARXIV/UDH3/Vfp98/Gallery/favorites.dbf;favorites.dbf;5;TEXT;M;memo (текст);4;0;
ARXIV/UDH3/Vfp98/Gallery/favorites.dbf;favorites.dbf;6;TYPEDESC;M;memo (текст);4;0;
ARXIV/UDH3/Vfp98/Gallery/favorites.dbf;favorites.dbf;7;DESC;M;memo (текст);4;0;
ARXIV/UDH3/Vfp98/Gallery/favorites.dbf;favorites.dbf;8;PROPERTIES;M;memo (текст);4;0;
ARXIV/UDH3/Vfp98/Gallery/favorites.dbf;favorites.dbf;9;FILENAME;M;memo (текст);4;0;
ARXIV/UDH3/Vfp98/Gallery/favorites.dbf;favorites.dbf;10;CLASS;M;memo (текст);4;0;
ARXIV/UDH3/Vfp98/Gallery/favorites.dbf;favorites.dbf;11;PICTURE;M;memo (текст);4;0;
ARXIV/UDH3/Vfp98/Gallery/favorites.dbf;favorites.dbf;12;FOLDERPICT;M;memo (текст);4;0;
ARXIV/UDH3/Vfp98/Gallery/favorites.dbf;favorites.dbf;13;SCRIPT;M;memo (текст);4;0;
ARXIV/UDH3/Vfp98/Gallery/favorites.dbf;favorites.dbf;14;CLASSLIB;M;memo (текст);4;0;
ARXIV/UDH3/Vfp98/Gallery/favorites.dbf;favorites.dbf;15;CLASSNAME;M;memo (текст);4;0;
ARXIV/UDH3/Vfp98/Gallery/favorites.dbf;favorites.dbf;16;ITEMCLASS;M;memo (текст);4;0;
ARXIV/UDH3/Vfp98/Gallery/favorites.dbf;favorites.dbf;17;ITEMTPDESC;M;memo (текст);4;0;
ARXIV/UDH3/Vfp98/Gallery/favorites.dbf;favorites.dbf;18;VIEWS;M;memo (текст);4;0;
ARXIV/UDH3/Vfp98/Gallery/favorites.dbf;favorites.dbf;19;KEYWORDS;M;memo (текст);4;0;
ARXIV/UDH3/Vfp98/Gallery/favorites.dbf;favorites.dbf;20;SRCALIAS;M;memo (текст);4;0;
ARXIV/UDH3/Vfp98/Gallery/favorites.dbf;favorites.dbf;21;SRCRECNO;N;числовой;6;0;
ARXIV/UDH3/Vfp98/Gallery/favorites.dbf;favorites.dbf;22;UPDATED;T;дата-время;8;0;двоичное
ARXIV/UDH3/Vfp98/Gallery/favorites.dbf;favorites.dbf;23;COMMENT;M;memo (текст);4;0;
ARXIV/UDH3/Vfp98/Gallery/favorites.dbf;favorites.dbf;24;USER;M;memo (текст);4;0;
ARXIV/UDH3/Vfp98/Gallery/media catalog.dbf;media catalog.dbf;1;TYPE;C;символьный;12;0;
ARXIV/UDH3/Vfp98/Gallery/media catalog.dbf;media catalog.dbf;2;ID;C;символьный;12;0;
ARXIV/UDH3/Vfp98/Gallery/media catalog.dbf;media catalog.dbf;3;PARENT;M;memo (текст);4;0;
ARXIV/UDH3/Vfp98/Gallery/media catalog.dbf;media catalog.dbf;4;LINK;M;memo (текст);4;0;
ARXIV/UDH3/Vfp98/Gallery/media catalog.dbf;media catalog.dbf;5;TEXT;M;memo (текст);4;0;
ARXIV/UDH3/Vfp98/Gallery/media catalog.dbf;media catalog.dbf;6;TYPEDESC;M;memo (текст);4;0;
ARXIV/UDH3/Vfp98/Gallery/media catalog.dbf;media catalog.dbf;7;DESC;M;memo (текст);4;0;
ARXIV/UDH3/Vfp98/Gallery/media catalog.dbf;media catalog.dbf;8;PROPERTIES;M;memo (текст);4;0;
ARXIV/UDH3/Vfp98/Gallery/media catalog.dbf;media catalog.dbf;9;FILENAME;M;memo (текст);4;0;
ARXIV/UDH3/Vfp98/Gallery/media catalog.dbf;media catalog.dbf;10;CLASS;M;memo (текст);4;0;
ARXIV/UDH3/Vfp98/Gallery/media catalog.dbf;media catalog.dbf;11;PICTURE;M;memo (текст);4;0;
ARXIV/UDH3/Vfp98/Gallery/media catalog.dbf;media catalog.dbf;12;FOLDERPICT;M;memo (текст);4;0;
ARXIV/UDH3/Vfp98/Gallery/media catalog.dbf;media catalog.dbf;13;SCRIPT;M;memo (текст);4;0;
ARXIV/UDH3/Vfp98/Gallery/media catalog.dbf;media catalog.dbf;14;CLASSLIB;M;memo (текст);4;0;
ARXIV/UDH3/Vfp98/Gallery/media catalog.dbf;media catalog.dbf;15;CLASSNAME;M;memo (текст);4;0;
ARXIV/UDH3/Vfp98/Gallery/media catalog.dbf;media catalog.dbf;16;ITEMCLASS;M;memo (текст);4;0;
ARXIV/UDH3/Vfp98/Gallery/media catalog.dbf;media catalog.dbf;17;ITEMTPDESC;M;memo (текст);4;0;
ARXIV/UDH3/Vfp98/Gallery/media catalog.dbf;media catalog.dbf;18;VIEWS;M;memo (текст);4;0;
ARXIV/UDH3/Vfp98/Gallery/media catalog.dbf;media catalog.dbf;19;KEYWORDS;M;memo (текст);4;0;
ARXIV/UDH3/Vfp98/Gallery/media catalog.dbf;media catalog.dbf;20;SRCALIAS;M;memo (текст);4;0;
ARXIV/UDH3/Vfp98/Gallery/media catalog.dbf;media catalog.dbf;21;SRCRECNO;N;числовой;6;0;
ARXIV/UDH3/Vfp98/Gallery/media catalog.dbf;media catalog.dbf;22;UPDATED;T;дата-время;8;0;двоичное
ARXIV/UDH3/Vfp98/Gallery/media catalog.dbf;media catalog.dbf;23;COMMENT;M;memo (текст);4;0;
ARXIV/UDH3/Vfp98/Gallery/media catalog.dbf;media catalog.dbf;24;USER;M;memo (текст);4;0;
ARXIV/UDH3/Vfp98/Gallery/my classes catalog.dbf;my classes catalog.dbf;1;TYPE;C;символьный;12;0;
ARXIV/UDH3/Vfp98/Gallery/my classes catalog.dbf;my classes catalog.dbf;2;ID;C;символьный;12;0;
ARXIV/UDH3/Vfp98/Gallery/my classes catalog.dbf;my classes catalog.dbf;3;PARENT;M;memo (текст);4;0;
ARXIV/UDH3/Vfp98/Gallery/my classes catalog.dbf;my classes catalog.dbf;4;LINK;M;memo (текст);4;0;
ARXIV/UDH3/Vfp98/Gallery/my classes catalog.dbf;my classes catalog.dbf;5;TEXT;M;memo (текст);4;0;
ARXIV/UDH3/Vfp98/Gallery/my classes catalog.dbf;my classes catalog.dbf;6;TYPEDESC;M;memo (текст);4;0;
ARXIV/UDH3/Vfp98/Gallery/my classes catalog.dbf;my classes catalog.dbf;7;DESC;M;memo (текст);4;0;
ARXIV/UDH3/Vfp98/Gallery/my classes catalog.dbf;my classes catalog.dbf;8;PROPERTIES;M;memo (текст);4;0;
ARXIV/UDH3/Vfp98/Gallery/my classes catalog.dbf;my classes catalog.dbf;9;FILENAME;M;memo (текст);4;0;
ARXIV/UDH3/Vfp98/Gallery/my classes catalog.dbf;my classes catalog.dbf;10;CLASS;M;memo (текст);4;0;
ARXIV/UDH3/Vfp98/Gallery/my classes catalog.dbf;my classes catalog.dbf;11;PICTURE;M;memo (текст);4;0;
ARXIV/UDH3/Vfp98/Gallery/my classes catalog.dbf;my classes catalog.dbf;12;FOLDERPICT;M;memo (текст);4;0;
ARXIV/UDH3/Vfp98/Gallery/my classes catalog.dbf;my classes catalog.dbf;13;SCRIPT;M;memo (текст);4;0;
ARXIV/UDH3/Vfp98/Gallery/my classes catalog.dbf;my classes catalog.dbf;14;CLASSLIB;M;memo (текст);4;0;
ARXIV/UDH3/Vfp98/Gallery/my classes catalog.dbf;my classes catalog.dbf;15;CLASSNAME;M;memo (текст);4;0;
ARXIV/UDH3/Vfp98/Gallery/my classes catalog.dbf;my classes catalog.dbf;16;ITEMCLASS;M;memo (текст);4;0;
ARXIV/UDH3/Vfp98/Gallery/my classes catalog.dbf;my classes catalog.dbf;17;ITEMTPDESC;M;memo (текст);4;0;
ARXIV/UDH3/Vfp98/Gallery/my classes catalog.dbf;my classes catalog.dbf;18;VIEWS;M;memo (текст);4;0;
ARXIV/UDH3/Vfp98/Gallery/my classes catalog.dbf;my classes catalog.dbf;19;KEYWORDS;M;memo (текст);4;0;
ARXIV/UDH3/Vfp98/Gallery/my classes catalog.dbf;my classes catalog.dbf;20;SRCALIAS;M;memo (текст);4;0;
ARXIV/UDH3/Vfp98/Gallery/my classes catalog.dbf;my classes catalog.dbf;21;SRCRECNO;N;числовой;6;0;
ARXIV/UDH3/Vfp98/Gallery/my classes catalog.dbf;my classes catalog.dbf;22;UPDATED;T;дата-время;8;0;двоичное
ARXIV/UDH3/Vfp98/Gallery/my classes catalog.dbf;my classes catalog.dbf;23;COMMENT;M;memo (текст);4;0;
ARXIV/UDH3/Vfp98/Gallery/my classes catalog.dbf;my classes catalog.dbf;24;USER;M;memo (текст);4;0;
ARXIV/UDH3/Vfp98/Gallery/samples catalog.dbf;samples catalog.dbf;1;TYPE;C;символьный;12;0;
ARXIV/UDH3/Vfp98/Gallery/samples catalog.dbf;samples catalog.dbf;2;ID;C;символьный;12;0;
ARXIV/UDH3/Vfp98/Gallery/samples catalog.dbf;samples catalog.dbf;3;PARENT;M;memo (текст);4;0;
ARXIV/UDH3/Vfp98/Gallery/samples catalog.dbf;samples catalog.dbf;4;LINK;M;memo (текст);4;0;
ARXIV/UDH3/Vfp98/Gallery/samples catalog.dbf;samples catalog.dbf;5;TEXT;M;memo (текст);4;0;
ARXIV/UDH3/Vfp98/Gallery/samples catalog.dbf;samples catalog.dbf;6;TYPEDESC;M;memo (текст);4;0;
ARXIV/UDH3/Vfp98/Gallery/samples catalog.dbf;samples catalog.dbf;7;DESC;M;memo (текст);4;0;
ARXIV/UDH3/Vfp98/Gallery/samples catalog.dbf;samples catalog.dbf;8;PROPERTIES;M;memo (текст);4;0;
ARXIV/UDH3/Vfp98/Gallery/samples catalog.dbf;samples catalog.dbf;9;FILENAME;M;memo (текст);4;0;
ARXIV/UDH3/Vfp98/Gallery/samples catalog.dbf;samples catalog.dbf;10;CLASS;M;memo (текст);4;0;
ARXIV/UDH3/Vfp98/Gallery/samples catalog.dbf;samples catalog.dbf;11;PICTURE;M;memo (текст);4;0;
ARXIV/UDH3/Vfp98/Gallery/samples catalog.dbf;samples catalog.dbf;12;FOLDERPICT;M;memo (текст);4;0;
ARXIV/UDH3/Vfp98/Gallery/samples catalog.dbf;samples catalog.dbf;13;SCRIPT;M;memo (текст);4;0;
ARXIV/UDH3/Vfp98/Gallery/samples catalog.dbf;samples catalog.dbf;14;CLASSLIB;M;memo (текст);4;0;
ARXIV/UDH3/Vfp98/Gallery/samples catalog.dbf;samples catalog.dbf;15;CLASSNAME;M;memo (текст);4;0;
ARXIV/UDH3/Vfp98/Gallery/samples catalog.dbf;samples catalog.dbf;16;ITEMCLASS;M;memo (текст);4;0;
ARXIV/UDH3/Vfp98/Gallery/samples catalog.dbf;samples catalog.dbf;17;ITEMTPDESC;M;memo (текст);4;0;
ARXIV/UDH3/Vfp98/Gallery/samples catalog.dbf;samples catalog.dbf;18;VIEWS;M;memo (текст);4;0;
ARXIV/UDH3/Vfp98/Gallery/samples catalog.dbf;samples catalog.dbf;19;KEYWORDS;M;memo (текст);4;0;
ARXIV/UDH3/Vfp98/Gallery/samples catalog.dbf;samples catalog.dbf;20;SRCALIAS;M;memo (текст);4;0;
ARXIV/UDH3/Vfp98/Gallery/samples catalog.dbf;samples catalog.dbf;21;SRCRECNO;N;числовой;6;0;
ARXIV/UDH3/Vfp98/Gallery/samples catalog.dbf;samples catalog.dbf;22;UPDATED;T;дата-время;8;0;двоичное
ARXIV/UDH3/Vfp98/Gallery/samples catalog.dbf;samples catalog.dbf;23;COMMENT;M;memo (текст);4;0;
ARXIV/UDH3/Vfp98/Gallery/samples catalog.dbf;samples catalog.dbf;24;USER;M;memo (текст);4;0;
ARXIV/UDH3/Vfp98/Gallery/vfp catalog.dbf;vfp catalog.dbf;1;TYPE;C;символьный;12;0;
ARXIV/UDH3/Vfp98/Gallery/vfp catalog.dbf;vfp catalog.dbf;2;ID;C;символьный;12;0;
ARXIV/UDH3/Vfp98/Gallery/vfp catalog.dbf;vfp catalog.dbf;3;PARENT;M;memo (текст);4;0;
ARXIV/UDH3/Vfp98/Gallery/vfp catalog.dbf;vfp catalog.dbf;4;LINK;M;memo (текст);4;0;
ARXIV/UDH3/Vfp98/Gallery/vfp catalog.dbf;vfp catalog.dbf;5;TEXT;M;memo (текст);4;0;
ARXIV/UDH3/Vfp98/Gallery/vfp catalog.dbf;vfp catalog.dbf;6;TYPEDESC;M;memo (текст);4;0;
ARXIV/UDH3/Vfp98/Gallery/vfp catalog.dbf;vfp catalog.dbf;7;DESC;M;memo (текст);4;0;
ARXIV/UDH3/Vfp98/Gallery/vfp catalog.dbf;vfp catalog.dbf;8;PROPERTIES;M;memo (текст);4;0;
ARXIV/UDH3/Vfp98/Gallery/vfp catalog.dbf;vfp catalog.dbf;9;FILENAME;M;memo (текст);4;0;
ARXIV/UDH3/Vfp98/Gallery/vfp catalog.dbf;vfp catalog.dbf;10;CLASS;M;memo (текст);4;0;
ARXIV/UDH3/Vfp98/Gallery/vfp catalog.dbf;vfp catalog.dbf;11;PICTURE;M;memo (текст);4;0;
ARXIV/UDH3/Vfp98/Gallery/vfp catalog.dbf;vfp catalog.dbf;12;FOLDERPICT;M;memo (текст);4;0;
ARXIV/UDH3/Vfp98/Gallery/vfp catalog.dbf;vfp catalog.dbf;13;SCRIPT;M;memo (текст);4;0;
ARXIV/UDH3/Vfp98/Gallery/vfp catalog.dbf;vfp catalog.dbf;14;CLASSLIB;M;memo (текст);4;0;
ARXIV/UDH3/Vfp98/Gallery/vfp catalog.dbf;vfp catalog.dbf;15;CLASSNAME;M;memo (текст);4;0;
ARXIV/UDH3/Vfp98/Gallery/vfp catalog.dbf;vfp catalog.dbf;16;ITEMCLASS;M;memo (текст);4;0;
ARXIV/UDH3/Vfp98/Gallery/vfp catalog.dbf;vfp catalog.dbf;17;ITEMTPDESC;M;memo (текст);4;0;
ARXIV/UDH3/Vfp98/Gallery/vfp catalog.dbf;vfp catalog.dbf;18;VIEWS;M;memo (текст);4;0;
ARXIV/UDH3/Vfp98/Gallery/vfp catalog.dbf;vfp catalog.dbf;19;KEYWORDS;M;memo (текст);4;0;
ARXIV/UDH3/Vfp98/Gallery/vfp catalog.dbf;vfp catalog.dbf;20;SRCALIAS;M;memo (текст);4;0;
ARXIV/UDH3/Vfp98/Gallery/vfp catalog.dbf;vfp catalog.dbf;21;SRCRECNO;N;числовой;6;0;
ARXIV/UDH3/Vfp98/Gallery/vfp catalog.dbf;vfp catalog.dbf;22;UPDATED;T;дата-время;8;0;двоичное
ARXIV/UDH3/Vfp98/Gallery/vfp catalog.dbf;vfp catalog.dbf;23;COMMENT;M;memo (текст);4;0;
ARXIV/UDH3/Vfp98/Gallery/vfp catalog.dbf;vfp catalog.dbf;24;USER;M;memo (текст);4;0;
ARXIV/UDH3/Vfp98/Gallery/www catalog.dbf;www catalog.dbf;1;TYPE;C;символьный;12;0;
ARXIV/UDH3/Vfp98/Gallery/www catalog.dbf;www catalog.dbf;2;ID;C;символьный;12;0;
ARXIV/UDH3/Vfp98/Gallery/www catalog.dbf;www catalog.dbf;3;PARENT;M;memo (текст);4;0;
ARXIV/UDH3/Vfp98/Gallery/www catalog.dbf;www catalog.dbf;4;LINK;M;memo (текст);4;0;
ARXIV/UDH3/Vfp98/Gallery/www catalog.dbf;www catalog.dbf;5;TEXT;M;memo (текст);4;0;
ARXIV/UDH3/Vfp98/Gallery/www catalog.dbf;www catalog.dbf;6;TYPEDESC;M;memo (текст);4;0;
ARXIV/UDH3/Vfp98/Gallery/www catalog.dbf;www catalog.dbf;7;DESC;M;memo (текст);4;0;
ARXIV/UDH3/Vfp98/Gallery/www catalog.dbf;www catalog.dbf;8;PROPERTIES;M;memo (текст);4;0;
ARXIV/UDH3/Vfp98/Gallery/www catalog.dbf;www catalog.dbf;9;FILENAME;M;memo (текст);4;0;
ARXIV/UDH3/Vfp98/Gallery/www catalog.dbf;www catalog.dbf;10;CLASS;M;memo (текст);4;0;
ARXIV/UDH3/Vfp98/Gallery/www catalog.dbf;www catalog.dbf;11;PICTURE;M;memo (текст);4;0;
ARXIV/UDH3/Vfp98/Gallery/www catalog.dbf;www catalog.dbf;12;FOLDERPICT;M;memo (текст);4;0;
ARXIV/UDH3/Vfp98/Gallery/www catalog.dbf;www catalog.dbf;13;SCRIPT;M;memo (текст);4;0;
ARXIV/UDH3/Vfp98/Gallery/www catalog.dbf;www catalog.dbf;14;CLASSLIB;M;memo (текст);4;0;
ARXIV/UDH3/Vfp98/Gallery/www catalog.dbf;www catalog.dbf;15;CLASSNAME;M;memo (текст);4;0;
ARXIV/UDH3/Vfp98/Gallery/www catalog.dbf;www catalog.dbf;16;ITEMCLASS;M;memo (текст);4;0;
ARXIV/UDH3/Vfp98/Gallery/www catalog.dbf;www catalog.dbf;17;ITEMTPDESC;M;memo (текст);4;0;
ARXIV/UDH3/Vfp98/Gallery/www catalog.dbf;www catalog.dbf;18;VIEWS;M;memo (текст);4;0;
ARXIV/UDH3/Vfp98/Gallery/www catalog.dbf;www catalog.dbf;19;KEYWORDS;M;memo (текст);4;0;
ARXIV/UDH3/Vfp98/Gallery/www catalog.dbf;www catalog.dbf;20;SRCALIAS;M;memo (текст);4;0;
ARXIV/UDH3/Vfp98/Gallery/www catalog.dbf;www catalog.dbf;21;SRCRECNO;N;числовой;6;0;
ARXIV/UDH3/Vfp98/Gallery/www catalog.dbf;www catalog.dbf;22;UPDATED;T;дата-время;8;0;двоичное
ARXIV/UDH3/Vfp98/Gallery/www catalog.dbf;www catalog.dbf;23;COMMENT;M;memo (текст);4;0;
ARXIV/UDH3/Vfp98/Gallery/www catalog.dbf;www catalog.dbf;24;USER;M;memo (текст);4;0;
ARXIV/UDH3/Vfp98/Tools/Addlabel/LABELS.DBF;LABELS.DBF;1;TYPE;C;символьный;12;0;
ARXIV/UDH3/Vfp98/Tools/Addlabel/LABELS.DBF;LABELS.DBF;2;ID;C;символьный;12;0;
ARXIV/UDH3/Vfp98/Tools/Addlabel/LABELS.DBF;LABELS.DBF;3;NAME;C;символьный;24;0;
ARXIV/UDH3/Vfp98/Tools/Addlabel/LABELS.DBF;LABELS.DBF;4;READONLY;L;логический;1;0;
ARXIV/UDH3/Vfp98/Tools/Addlabel/LABELS.DBF;LABELS.DBF;5;CKVAL;N;числовой;6;0;
ARXIV/UDH3/Vfp98/Tools/Addlabel/LABELS.DBF;LABELS.DBF;6;DATA;M;memo (текст);10;0;
ARXIV/UDH3/Vfp98/Tools/Addlabel/LABELS.DBF;LABELS.DBF;7;UPDATED;D;дата;8;0;
ARXIV/UDH3/Vfp98/Tools/Inetwiz/TEMPFLDS.DBF;TEMPFLDS.DBF;1;TEMPID;C;символьный;7;0;
ARXIV/UDH3/Vfp98/Tools/Inetwiz/TEMPFLDS.DBF;TEMPFLDS.DBF;2;FIELDNAME;C;символьный;10;0;
ARXIV/UDH3/Vfp98/Tools/Inetwiz/TEMPFLDS.DBF;TEMPFLDS.DBF;3;FIELDDESC;M;memo (текст);4;0;
ARXIV/UDH3/Vfp98/Tools/Inetwiz/TEMPFLDS.DBF;TEMPFLDS.DBF;4;FIELDREPL;C;символьный;128;0;
ARXIV/UDH3/Vfp98/Tools/Inetwiz/TEMPSTYL.DBF;TEMPSTYL.DBF;1;TEMPID;C;символьный;7;0;
ARXIV/UDH3/Vfp98/Tools/Inetwiz/TEMPSTYL.DBF;TEMPSTYL.DBF;2;TEMPNAME;C;символьный;30;0;
ARXIV/UDH3/Vfp98/Tools/Inetwiz/TEMPSTYL.DBF;TEMPSTYL.DBF;3;TEMPDESC;M;memo (текст);4;0;
ARXIV/UDH3/Vfp98/Tools/Inetwiz/TEMPSTYL.DBF;TEMPSTYL.DBF;4;HTXFILE;M;memo (текст);4;0;
ARXIV/UDH3/Vfp98/Tools/Inetwiz/Server/QUERYLOG.DBF;QUERYLOG.DBF;1;TIMESTAMP;T;дата-время;8;0;двоичное
ARXIV/UDH3/Vfp98/Tools/Inetwiz/Server/QUERYLOG.DBF;QUERYLOG.DBF;2;IDCFILE;C;символьный;32;0;
ARXIV/UDH3/Vfp98/Tools/Inetwiz/Server/QUERYLOG.DBF;QUERYLOG.DBF;3;PARAMETERS;M;memo (текст);4;0;
ARXIV/UDH3/Vfp98/Tools/Transfrm/Samples/FONT2MAC.DBF;FONT2MAC.DBF;1;RULE;C;символьный;254;0;
ARXIV/UDH3/Vfp98/Tools/Transfrm/Samples/FONT2WIN.DBF;FONT2WIN.DBF;1;RULE;C;символьный;254;0;
ARXIV/UDH3/Vfp98/Tools/Transfrm/Samples/REDBTTNS.DBF;REDBTTNS.DBF;1;RULE;C;символьный;254;0;
ARXIV/UDH3/Vfp98/Tools/Transfrm/Samples/ZOOMBOX.DBF;ZOOMBOX.DBF;1;RULE;C;символьный;254;0;
ARXIV/UDH3/Vfp98/Wizards/APPWIZ.DBF;APPWIZ.DBF;1;TYPE;C;символьный;24;0;
ARXIV/UDH3/Vfp98/Wizards/APPWIZ.DBF;APPWIZ.DBF;2;DATA1;M;memo (текст);4;0;
ARXIV/UDH3/Vfp98/Wizards/APPWIZ.DBF;APPWIZ.DBF;3;APPWIZDATA;L;логический;1;0;
ARXIV/UDH3/Vfp98/Wizards/BLDSTRUC.DBF;BLDSTRUC.DBF;1;FIELD_NAME;C;символьный;128;0;
ARXIV/UDH3/Vfp98/Wizards/BLDSTRUC.DBF;BLDSTRUC.DBF;2;FIELD_TYPE;C;символьный;1;0;
ARXIV/UDH3/Vfp98/Wizards/BLDSTRUC.DBF;BLDSTRUC.DBF;3;FIELD_LEN;N;числовой;3;0;
ARXIV/UDH3/Vfp98/Wizards/BLDSTRUC.DBF;BLDSTRUC.DBF;4;FIELD_DEC;N;числовой;3;0;
ARXIV/UDH3/Vfp98/Wizards/BLDSTRUC.DBF;BLDSTRUC.DBF;5;FIELD_NULL;L;логический;1;0;
ARXIV/UDH3/Vfp98/Wizards/BLDSTRUC.DBF;BLDSTRUC.DBF;6;FIELD_NOCP;L;логический;1;0;
ARXIV/UDH3/Vfp98/Wizards/BLDSTRUC.DBF;BLDSTRUC.DBF;7;FIELD_DEFA;M;memo (текст);4;0;
ARXIV/UDH3/Vfp98/Wizards/BLDSTRUC.DBF;BLDSTRUC.DBF;8;FIELD_RULE;M;memo (текст);4;0;
ARXIV/UDH3/Vfp98/Wizards/BLDSTRUC.DBF;BLDSTRUC.DBF;9;FIELD_ERR;M;memo (текст);4;0;
ARXIV/UDH3/Vfp98/Wizards/BLDSTRUC.DBF;BLDSTRUC.DBF;10;TABLE_RULE;M;memo (текст);4;0;
ARXIV/UDH3/Vfp98/Wizards/BLDSTRUC.DBF;BLDSTRUC.DBF;11;TABLE_ERR;M;memo (текст);4;0;
ARXIV/UDH3/Vfp98/Wizards/BLDSTRUC.DBF;BLDSTRUC.DBF;12;TABLE_NAME;C;символьный;128;0;
ARXIV/UDH3/Vfp98/Wizards/BLDSTRUC.DBF;BLDSTRUC.DBF;13;INS_TRIG;M;memo (текст);4;0;
ARXIV/UDH3/Vfp98/Wizards/BLDSTRUC.DBF;BLDSTRUC.DBF;14;UPD_TRIG;M;memo (текст);4;0;
ARXIV/UDH3/Vfp98/Wizards/BLDSTRUC.DBF;BLDSTRUC.DBF;15;DEL_TRIG;M;memo (текст);4;0;
ARXIV/UDH3/Vfp98/Wizards/BLDSTRUC.DBF;BLDSTRUC.DBF;16;TABLE_CMT;M;memo (текст);4;0;
ARXIV/UDH3/Vfp98/Wizards/BUILDER.DBF;BUILDER.DBF;1;NAME;C;символьный;45;0;
ARXIV/UDH3/Vfp98/Wizards/BUILDER.DBF;BUILDER.DBF;2;DESCRIPT;M;memo (текст);4;0;
ARXIV/UDH3/Vfp98/Wizards/BUILDER.DBF;BUILDER.DBF;3;BITMAP;M;memo (текст);4;0;
ARXIV/UDH3/Vfp98/Wizards/BUILDER.DBF;BUILDER.DBF;4;TYPE;C;символьный;20;0;
ARXIV/UDH3/Vfp98/Wizards/BUILDER.DBF;BUILDER.DBF;5;PROGRAM;M;memo (текст);4;0;
ARXIV/UDH3/Vfp98/Wizards/BUILDER.DBF;BUILDER.DBF;6;CLASSLIB;M;memo (текст);4;0;
ARXIV/UDH3/Vfp98/Wizards/BUILDER.DBF;BUILDER.DBF;7;CLASSNAME;M;memo (текст);4;0;
ARXIV/UDH3/Vfp98/Wizards/BUILDER.DBF;BUILDER.DBF;8;PARMS;M;memo (текст);4;0;
ARXIV/UDH3/Vfp98/Wizards/BUILDERD.DBF;BUILDERD.DBF;1;TYPE;C;символьный;12;0;
ARXIV/UDH3/Vfp98/Wizards/BUILDERD.DBF;BUILDERD.DBF;2;ID;C;символьный;24;0;
ARXIV/UDH3/Vfp98/Wizards/BUILDERD.DBF;BUILDERD.DBF;3;LINKS;M;memo (текст);4;0;
ARXIV/UDH3/Vfp98/Wizards/BUILDERD.DBF;BUILDERD.DBF;4;TEXT;M;memo (текст);4;0;
ARXIV/UDH3/Vfp98/Wizards/BUILDERD.DBF;BUILDERD.DBF;5;DESC;M;memo (текст);4;0;
ARXIV/UDH3/Vfp98/Wizards/BUILDERD.DBF;BUILDERD.DBF;6;CLASSNAME;M;memo (текст);4;0;
ARXIV/UDH3/Vfp98/Wizards/BUILDERD.DBF;BUILDERD.DBF;7;CLASSLIB;M;memo (текст);4;0;
ARXIV/UDH3/Vfp98/Wizards/BUILDERD.DBF;BUILDERD.DBF;8;MEMBER;M;memo (текст);4;0;
ARXIV/UDH3/Vfp98/Wizards/BUILDERD.DBF;BUILDERD.DBF;9;HELPFILE;M;memo (текст);4;0;
ARXIV/UDH3/Vfp98/Wizards/BUILDERD.DBF;BUILDERD.DBF;10;HELPID;M;memo (текст);4;0;
ARXIV/UDH3/Vfp98/Wizards/BUILDERD.DBF;BUILDERD.DBF;11;TOP;N;числовой;6;0;
ARXIV/UDH3/Vfp98/Wizards/BUILDERD.DBF;BUILDERD.DBF;12;LEFT;N;числовой;6;0;
ARXIV/UDH3/Vfp98/Wizards/BUILDERD.DBF;BUILDERD.DBF;13;HEIGHT;N;числовой;6;0;
ARXIV/UDH3/Vfp98/Wizards/BUILDERD.DBF;BUILDERD.DBF;14;WIDTH;N;числовой;6;0;
ARXIV/UDH3/Vfp98/Wizards/BUILDERD.DBF;BUILDERD.DBF;15;ROWSRCTYPE;N;числовой;1;0;
ARXIV/UDH3/Vfp98/Wizards/BUILDERD.DBF;BUILDERD.DBF;16;ROWSOURCE;M;memo (текст);4;0;
ARXIV/UDH3/Vfp98/Wizards/BUILDERD.DBF;BUILDERD.DBF;17;STYLE;N;числовой;1;0;
ARXIV/UDH3/Vfp98/Wizards/BUILDERD.DBF;BUILDERD.DBF;18;VALIDEXPR;M;memo (текст);4;0;
ARXIV/UDH3/Vfp98/Wizards/BUILDERD.DBF;BUILDERD.DBF;19;READONLY;L;логический;1;0;
ARXIV/UDH3/Vfp98/Wizards/BUILDERD.DBF;BUILDERD.DBF;20;UPDONCHNG;L;логический;1;0;
ARXIV/UDH3/Vfp98/Wizards/BUILDERD.DBF;BUILDERD.DBF;21;UPDATED;T;дата-время;8;0;двоичное
ARXIV/UDH3/Vfp98/Wizards/BUILDERD.DBF;BUILDERD.DBF;22;COMMENT;M;memo (текст);4;0;
ARXIV/UDH3/Vfp98/Wizards/BUILDERD.DBF;BUILDERD.DBF;23;USER;M;memo (текст);4;0;
ARXIV/UDH3/Vfp98/Wizards/FDKEYWRD.DBF;FDKEYWRD.DBF;1;TOKEN;C;символьный;22;0;
ARXIV/UDH3/Vfp98/Wizards/FDKEYWRD.DBF;FDKEYWRD.DBF;2;CODE;C;символьный;5;0;
ARXIV/UDH3/Vfp98/Wizards/FRMSTYL2.DBF;FRMSTYL2.DBF;1;STYLENAME;C;символьный;20;0;
ARXIV/UDH3/Vfp98/Wizards/FRMSTYL2.DBF;FRMSTYL2.DBF;2;VCXFILE;M;memo (текст);4;0;
ARXIV/UDH3/Vfp98/Wizards/FRMSTYL2.DBF;FRMSTYL2.DBF;3;STYLEDESC;C;символьный;30;0;
ARXIV/UDH3/Vfp98/Wizards/FRMSTYL2.DBF;FRMSTYL2.DBF;4;STYLETYPE;C;символьный;1;0;
ARXIV/UDH3/Vfp98/Wizards/FRMSTYL2.DBF;FRMSTYL2.DBF;5;WIZARD;L;логический;1;0;
ARXIV/UDH3/Vfp98/Wizards/FRMSTYL2.DBF;FRMSTYL2.DBF;6;ONEMANY;L;логический;1;0;
ARXIV/UDH3/Vfp98/Wizards/FRMSTYL2.DBF;FRMSTYL2.DBF;7;BUILDER;L;логический;1;0;
ARXIV/UDH3/Vfp98/Wizards/FRMSTYL2.DBF;FRMSTYL2.DBF;8;BMPFILE;M;memo (текст);4;0;
ARXIV/UDH3/Vfp98/Wizards/FRMSTYL2.DBF;FRMSTYL2.DBF;9;PREMETHOD;C;символьный;20;0;
ARXIV/UDH3/Vfp98/Wizards/FRMSTYL2.DBF;FRMSTYL2.DBF;10;POSTMETHOD;C;символьный;20;0;
ARXIV/UDH3/Vfp98/Wizards/RPTSTYLE.DBF;RPTSTYLE.DBF;1;STYLENAME;C;символьный;20;0;
ARXIV/UDH3/Vfp98/Wizards/RPTSTYLE.DBF;RPTSTYLE.DBF;2;STYLEHBMP;M;memo (текст);4;0;
ARXIV/UDH3/Vfp98/Wizards/RPTSTYLE.DBF;RPTSTYLE.DBF;3;STYLEVBMP;M;memo (текст);4;0;
ARXIV/UDH3/Vfp98/Wizards/RPTSTYLE.DBF;RPTSTYLE.DBF;4;STYLEMBMP;M;memo (текст);4;0;
ARXIV/UDH3/Vfp98/Wizards/RPTSTYLE.DBF;RPTSTYLE.DBF;5;STYLEHFILE;M;memo (текст);4;0;
ARXIV/UDH3/Vfp98/Wizards/RPTSTYLE.DBF;RPTSTYLE.DBF;6;STYLEVFILE;M;memo (текст);4;0;
ARXIV/UDH3/Vfp98/Wizards/RPTSTYLE.DBF;RPTSTYLE.DBF;7;STYLEMFILE;M;memo (текст);4;0;
ARXIV/UDH3/Vfp98/Wizards/WIZARD.DBF;WIZARD.DBF;1;NAME;C;символьный;45;0;
ARXIV/UDH3/Vfp98/Wizards/WIZARD.DBF;WIZARD.DBF;2;DESCRIPT;M;memo (текст);4;0;
ARXIV/UDH3/Vfp98/Wizards/WIZARD.DBF;WIZARD.DBF;3;BITMAP;M;memo (текст);4;0;
ARXIV/UDH3/Vfp98/Wizards/WIZARD.DBF;WIZARD.DBF;4;TYPE;C;символьный;20;0;
ARXIV/UDH3/Vfp98/Wizards/WIZARD.DBF;WIZARD.DBF;5;PROGRAM;M;memo (текст);4;0;
ARXIV/UDH3/Vfp98/Wizards/WIZARD.DBF;WIZARD.DBF;6;CLASSLIB;M;memo (текст);4;0;
ARXIV/UDH3/Vfp98/Wizards/WIZARD.DBF;WIZARD.DBF;7;CLASSNAME;M;memo (текст);4;0;
ARXIV/UDH3/Vfp98/Wizards/WIZARD.DBF;WIZARD.DBF;8;PARMS;M;memo (текст);4;0;
ARXIV/UDH3/Vfp98/Wizards/_FRAMEWK.DBF;_FRAMEWK.DBF;1;FNAME;C;символьный;20;0;
ARXIV/UDH3/Vfp98/Wizards/_FRAMEWK.DBF;_FRAMEWK.DBF;2;CONTENTS;M;memo (текст);4;0;двоичное
ARXIV/UDH3/Vfp98/Wizards/_FRAMEWK.DBF;_FRAMEWK.DBF;3;DESCR;M;memo (текст);4;0;
ARXIV/UDH3/Vfp98/Wizards/Template/Address Book/Data/addresses.dbf;addresses.dbf;1;ADDRESSID;I;целый;4;0;двоичное
ARXIV/UDH3/Vfp98/Wizards/Template/Address Book/Data/addresses.dbf;addresses.dbf;2;FIRSTNAME;C;символьный;50;0;
ARXIV/UDH3/Vfp98/Wizards/Template/Address Book/Data/addresses.dbf;addresses.dbf;3;LASTNAME;C;символьный;50;0;
ARXIV/UDH3/Vfp98/Wizards/Template/Address Book/Data/addresses.dbf;addresses.dbf;4;SPOUSENAME;C;символьный;50;0;
ARXIV/UDH3/Vfp98/Wizards/Template/Address Book/Data/addresses.dbf;addresses.dbf;5;ADDRESS;M;memo (текст);4;0;
ARXIV/UDH3/Vfp98/Wizards/Template/Address Book/Data/addresses.dbf;addresses.dbf;6;CITY;C;символьный;50;0;
ARXIV/UDH3/Vfp98/Wizards/Template/Address Book/Data/addresses.dbf;addresses.dbf;7;STATEORPRO;C;символьный;20;0;
ARXIV/UDH3/Vfp98/Wizards/Template/Address Book/Data/addresses.dbf;addresses.dbf;8;POSTALCODE;C;символьный;20;0;
ARXIV/UDH3/Vfp98/Wizards/Template/Address Book/Data/addresses.dbf;addresses.dbf;9;COUNTRY;C;символьный;50;0;
ARXIV/UDH3/Vfp98/Wizards/Template/Address Book/Data/addresses.dbf;addresses.dbf;10;EMAILADDRE;C;символьный;50;0;
ARXIV/UDH3/Vfp98/Wizards/Template/Address Book/Data/addresses.dbf;addresses.dbf;11;HOMEPHONE;C;символьный;30;0;
ARXIV/UDH3/Vfp98/Wizards/Template/Address Book/Data/addresses.dbf;addresses.dbf;12;WORKPHONE;C;символьный;30;0;
ARXIV/UDH3/Vfp98/Wizards/Template/Address Book/Data/addresses.dbf;addresses.dbf;13;WORKEXTENS;C;символьный;20;0;
ARXIV/UDH3/Vfp98/Wizards/Template/Address Book/Data/addresses.dbf;addresses.dbf;14;FAXNUMBER;C;символьный;30;0;
ARXIV/UDH3/Vfp98/Wizards/Template/Address Book/Data/addresses.dbf;addresses.dbf;15;BIRTHDATE;T;дата-время;8;0;двоичное
ARXIV/UDH3/Vfp98/Wizards/Template/Address Book/Data/addresses.dbf;addresses.dbf;16;SENDCARD;L;логический;1;0;
ARXIV/UDH3/Vfp98/Wizards/Template/Address Book/Data/addresses.dbf;addresses.dbf;17;NOTES;M;memo (текст);4;0;
ARXIV/UDH3/Vfp98/Wizards/Template/Asset Tracking/Data/ASSETS.DBF;ASSETS.DBF;1;ASSETID;I;целый;4;0;двоичное
ARXIV/UDH3/Vfp98/Wizards/Template/Asset Tracking/Data/ASSETS.DBF;ASSETS.DBF;2;ASSETDESCR;M;memo (текст);4;0;
ARXIV/UDH3/Vfp98/Wizards/Template/Asset Tracking/Data/ASSETS.DBF;ASSETS.DBF;3;EMPLOYEEID;I;целый;4;0;двоичное
ARXIV/UDH3/Vfp98/Wizards/Template/Asset Tracking/Data/ASSETS.DBF;ASSETS.DBF;4;ASSETCATEG;I;целый;4;0;двоичное
ARXIV/UDH3/Vfp98/Wizards/Template/Asset Tracking/Data/ASSETS.DBF;ASSETS.DBF;5;STATUSID;I;целый;4;0;двоичное
ARXIV/UDH3/Vfp98/Wizards/Template/Asset Tracking/Data/ASSETS.DBF;ASSETS.DBF;6;MODELNUMBE;C;символьный;50;0;
ARXIV/UDH3/Vfp98/Wizards/Template/Asset Tracking/Data/ASSETS.DBF;ASSETS.DBF;7;SERIALNUMB;C;символьный;50;0;
ARXIV/UDH3/Vfp98/Wizards/Template/Asset Tracking/Data/ASSETS.DBF;ASSETS.DBF;8;BARCODENUM;C;символьный;30;0;
ARXIV/UDH3/Vfp98/Wizards/Template/Asset Tracking/Data/ASSETS.DBF;ASSETS.DBF;9;DATEACQUIR;T;дата-время;8;0;двоичное
ARXIV/UDH3/Vfp98/Wizards/Template/Asset Tracking/Data/ASSETS.DBF;ASSETS.DBF;10;DATESOLD;T;дата-время;8;0;двоичное
ARXIV/UDH3/Vfp98/Wizards/Template/Asset Tracking/Data/ASSETS.DBF;ASSETS.DBF;11;PURCHASEPR;Y;денежный;8;4;двоичное
ARXIV/UDH3/Vfp98/Wizards/Template/Asset Tracking/Data/ASSETS.DBF;ASSETS.DBF;12;DEPRECIATI;C;символьный;50;0;
ARXIV/UDH3/Vfp98/Wizards/Template/Asset Tracking/Data/ASSETS.DBF;ASSETS.DBF;13;DEPRECIABL;B;неизвестный;8;2;двоичное
ARXIV/UDH3/Vfp98/Wizards/Template/Asset Tracking/Data/ASSETS.DBF;ASSETS.DBF;14;SALVAGEVAL;Y;денежный;8;4;двоичное
ARXIV/UDH3/Vfp98/Wizards/Template/Asset Tracking/Data/ASSETS.DBF;ASSETS.DBF;15;CURRENTVAL;Y;денежный;8;4;двоичное
ARXIV/UDH3/Vfp98/Wizards/Template/Asset Tracking/Data/ASSETS.DBF;ASSETS.DBF;16;COMMENTS;M;memo (текст);4;0;
ARXIV/UDH3/Vfp98/Wizards/Template/Asset Tracking/Data/ASSETS.DBF;ASSETS.DBF;17;DESCRIPTIO;M;memo (текст);4;0;
ARXIV/UDH3/Vfp98/Wizards/Template/Asset Tracking/Data/ASSETS.DBF;ASSETS.DBF;18;NEXTSCHEDM;T;дата-время;8;0;двоичное
ARXIV/UDH3/Vfp98/Wizards/Template/Asset Tracking/Data/STATUS.DBF;STATUS.DBF;1;STATUSID;I;целый;4;0;двоичное
ARXIV/UDH3/Vfp98/Wizards/Template/Asset Tracking/Data/STATUS.DBF;STATUS.DBF;2;STATUS;C;символьный;20;0;
ARXIV/UDH3/Vfp98/Wizards/Template/Asset Tracking/Data/asset categories.dbf;asset categories.dbf;1;ASSETCATEG;I;целый;4;0;двоичное
ARXIV/UDH3/Vfp98/Wizards/Template/Asset Tracking/Data/asset categories.dbf;asset categories.dbf;2;ASSETCATE2;C;символьный;50;0;
ARXIV/UDH3/Vfp98/Wizards/Template/Asset Tracking/Data/depreciation.dbf;depreciation.dbf;1;DEPRECIATI;I;целый;4;0;двоичное
ARXIV/UDH3/Vfp98/Wizards/Template/Asset Tracking/Data/depreciation.dbf;depreciation.dbf;2;ASSETID;I;целый;4;0;двоичное
ARXIV/UDH3/Vfp98/Wizards/Template/Asset Tracking/Data/depreciation.dbf;depreciation.dbf;3;DEPRECIAT2;T;дата-время;8;0;двоичное
ARXIV/UDH3/Vfp98/Wizards/Template/Asset Tracking/Data/depreciation.dbf;depreciation.dbf;4;DEPRECIAT3;Y;денежный;8;4;двоичное
ARXIV/UDH3/Vfp98/Wizards/Template/Asset Tracking/Data/employees.dbf;employees.dbf;1;EMPLOYEEID;I;целый;4;0;двоичное
ARXIV/UDH3/Vfp98/Wizards/Template/Asset Tracking/Data/employees.dbf;employees.dbf;2;FIRSTNAME;C;символьный;50;0;
ARXIV/UDH3/Vfp98/Wizards/Template/Asset Tracking/Data/employees.dbf;employees.dbf;3;LASTNAME;C;символьный;50;0;
ARXIV/UDH3/Vfp98/Wizards/Template/Asset Tracking/Data/employees.dbf;employees.dbf;4;TITLE;C;символьный;50;0;
ARXIV/UDH3/Vfp98/Wizards/Template/Asset Tracking/Data/employees.dbf;employees.dbf;5;EXTENSION;C;символьный;30;0;
ARXIV/UDH3/Vfp98/Wizards/Template/Asset Tracking/Data/employees.dbf;employees.dbf;6;WORKPHONE;C;символьный;30;0;
ARXIV/UDH3/Vfp98/Wizards/Template/Asset Tracking/Data/employees.dbf;employees.dbf;7;OFFICELOCA;C;символьный;20;0;
ARXIV/UDH3/Vfp98/Wizards/Template/Asset Tracking/Data/maintenance.dbf;maintenance.dbf;1;MAINTENANC;I;целый;4;0;двоичное
ARXIV/UDH3/Vfp98/Wizards/Template/Asset Tracking/Data/maintenance.dbf;maintenance.dbf;2;ASSETID;I;целый;4;0;двоичное
ARXIV/UDH3/Vfp98/Wizards/Template/Asset Tracking/Data/maintenance.dbf;maintenance.dbf;3;MAINTENAN2;T;дата-время;8;0;двоичное
ARXIV/UDH3/Vfp98/Wizards/Template/Asset Tracking/Data/maintenance.dbf;maintenance.dbf;4;MAINTENAN3;M;memo (текст);4;0;
ARXIV/UDH3/Vfp98/Wizards/Template/Asset Tracking/Data/maintenance.dbf;maintenance.dbf;5;MAINTENAN4;C;символьный;50;0;
ARXIV/UDH3/Vfp98/Wizards/Template/Asset Tracking/Data/maintenance.dbf;maintenance.dbf;6;MAINTENAN5;Y;денежный;8;4;двоичное
ARXIV/UDH3/Vfp98/Wizards/Template/Books/Data/AUTHORS.DBF;AUTHORS.DBF;1;AUTHOR_ID;I;целый;4;0;двоичное
ARXIV/UDH3/Vfp98/Wizards/Template/Books/Data/AUTHORS.DBF;AUTHORS.DBF;2;FIRST_NAME;C;символьный;50;0;
ARXIV/UDH3/Vfp98/Wizards/Template/Books/Data/AUTHORS.DBF;AUTHORS.DBF;3;LAST_NAME;C;символьный;50;0;
ARXIV/UDH3/Vfp98/Wizards/Template/Books/Data/AUTHORS.DBF;AUTHORS.DBF;4;NOTES;M;memo (текст);4;0;
ARXIV/UDH3/Vfp98/Wizards/Template/Books/Data/AUTHORS.DBF;AUTHORS.DBF;5;ADDRESS;C;символьный;30;0;
ARXIV/UDH3/Vfp98/Wizards/Template/Books/Data/AUTHORS.DBF;AUTHORS.DBF;6;CITY;C;символьный;25;0;
ARXIV/UDH3/Vfp98/Wizards/Template/Books/Data/AUTHORS.DBF;AUTHORS.DBF;7;STATE;C;символьный;2;0;
ARXIV/UDH3/Vfp98/Wizards/Template/Books/Data/AUTHORS.DBF;AUTHORS.DBF;8;ZIP;C;символьный;10;0;
ARXIV/UDH3/Vfp98/Wizards/Template/Books/Data/AUTHORS.DBF;AUTHORS.DBF;9;PHONE;C;символьный;17;0;
ARXIV/UDH3/Vfp98/Wizards/Template/Books/Data/AUTHORS.DBF;AUTHORS.DBF;10;FAX;C;символьный;17;0;
ARXIV/UDH3/Vfp98/Wizards/Template/Books/Data/AUTHORS.DBF;AUTHORS.DBF;11;EMAIL;C;символьный;20;0;
ARXIV/UDH3/Vfp98/Wizards/Template/Books/Data/AUTO_IDS.DBF;AUTO_IDS.DBF;1;ID;I;целый;4;0;двоичное
ARXIV/UDH3/Vfp98/Wizards/Template/Books/Data/AUTO_IDS.DBF;AUTO_IDS.DBF;2;TABLE;C;символьный;50;0;
ARXIV/UDH3/Vfp98/Wizards/Template/Books/Data/BOOKAUTH.DBF;BOOKAUTH.DBF;1;BOOK_ID;I;целый;4;0;двоичное
ARXIV/UDH3/Vfp98/Wizards/Template/Books/Data/BOOKAUTH.DBF;BOOKAUTH.DBF;2;AUTHOR_ID;I;целый;4;0;двоичное
ARXIV/UDH3/Vfp98/Wizards/Template/Books/Data/BOOKS.DBF;BOOKS.DBF;1;BOOK_ID;I;целый;4;0;двоичное
ARXIV/UDH3/Vfp98/Wizards/Template/Books/Data/BOOKS.DBF;BOOKS.DBF;2;TITLE;C;символьный;50;0;
ARXIV/UDH3/Vfp98/Wizards/Template/Books/Data/BOOKS.DBF;BOOKS.DBF;3;TOPIC_ID;I;целый;4;0;двоичное
ARXIV/UDH3/Vfp98/Wizards/Template/Books/Data/BOOKS.DBF;BOOKS.DBF;4;COPYRIGHT_;I;целый;4;0;двоичное
ARXIV/UDH3/Vfp98/Wizards/Template/Books/Data/BOOKS.DBF;BOOKS.DBF;5;ISBN_NUMBE;C;символьный;50;0;
ARXIV/UDH3/Vfp98/Wizards/Template/Books/Data/BOOKS.DBF;BOOKS.DBF;6;PUBLISHER_;C;символьный;50;0;
ARXIV/UDH3/Vfp98/Wizards/Template/Books/Data/BOOKS.DBF;BOOKS.DBF;7;PURCHASE_P;Y;денежный;8;4;двоичное
ARXIV/UDH3/Vfp98/Wizards/Template/Books/Data/BOOKS.DBF;BOOKS.DBF;8;COVERTYPE;C;символьный;30;0;
ARXIV/UDH3/Vfp98/Wizards/Template/Books/Data/BOOKS.DBF;BOOKS.DBF;9;DATE_PURCH;D;дата;8;0;
ARXIV/UDH3/Vfp98/Wizards/Template/Books/Data/BOOKS.DBF;BOOKS.DBF;10;PAGES;I;целый;4;0;двоичное
ARXIV/UDH3/Vfp98/Wizards/Template/Books/Data/BOOKS.DBF;BOOKS.DBF;11;NOTES;M;memo (текст);4;0;
ARXIV/UDH3/Vfp98/Wizards/Template/Books/Data/TOPICS.DBF;TOPICS.DBF;1;TOPIC_ID;I;целый;4;0;двоичное
ARXIV/UDH3/Vfp98/Wizards/Template/Books/Data/TOPICS.DBF;TOPICS.DBF;2;TOPIC;C;символьный;50;0;
ARXIV/UDH3/Vfp98/Wizards/Template/Contact/Data/CALLS.DBF;CALLS.DBF;1;CALL_ID;I;целый;4;0;двоичное
ARXIV/UDH3/Vfp98/Wizards/Template/Contact/Data/CALLS.DBF;CALLS.DBF;2;CONTACT_ID;I;целый;4;0;двоичное
ARXIV/UDH3/Vfp98/Wizards/Template/Contact/Data/CALLS.DBF;CALLS.DBF;3;CALL_DATE;T;дата-время;8;0;двоичное
ARXIV/UDH3/Vfp98/Wizards/Template/Contact/Data/CALLS.DBF;CALLS.DBF;4;CALL_TIME;T;дата-время;8;0;двоичное
ARXIV/UDH3/Vfp98/Wizards/Template/Contact/Data/CALLS.DBF;CALLS.DBF;5;SUBJECT;C;символьный;254;0;
ARXIV/UDH3/Vfp98/Wizards/Template/Contact/Data/CALLS.DBF;CALLS.DBF;6;NOTES;M;memo (текст);4;0;
ARXIV/UDH3/Vfp98/Wizards/Template/Contact/Data/CONTACTS.DBF;CONTACTS.DBF;1;CONTACT_ID;I;целый;4;0;двоичное
ARXIV/UDH3/Vfp98/Wizards/Template/Contact/Data/CONTACTS.DBF;CONTACTS.DBF;2;FIRST_NAME;C;символьный;50;0;
ARXIV/UDH3/Vfp98/Wizards/Template/Contact/Data/CONTACTS.DBF;CONTACTS.DBF;3;LAST_NAME;C;символьный;50;0;
ARXIV/UDH3/Vfp98/Wizards/Template/Contact/Data/CONTACTS.DBF;CONTACTS.DBF;4;DEAR;C;символьный;50;0;
ARXIV/UDH3/Vfp98/Wizards/Template/Contact/Data/CONTACTS.DBF;CONTACTS.DBF;5;ADDRESS;C;символьный;254;0;
ARXIV/UDH3/Vfp98/Wizards/Template/Contact/Data/CONTACTS.DBF;CONTACTS.DBF;6;CITY;C;символьный;50;0;
ARXIV/UDH3/Vfp98/Wizards/Template/Contact/Data/CONTACTS.DBF;CONTACTS.DBF;7;STATE;C;символьный;20;0;
ARXIV/UDH3/Vfp98/Wizards/Template/Contact/Data/CONTACTS.DBF;CONTACTS.DBF;8;POSTALCODE;C;символьный;20;0;
ARXIV/UDH3/Vfp98/Wizards/Template/Contact/Data/CONTACTS.DBF;CONTACTS.DBF;9;REGION;C;символьный;50;0;
ARXIV/UDH3/Vfp98/Wizards/Template/Contact/Data/CONTACTS.DBF;CONTACTS.DBF;10;COUNTRY;C;символьный;50;0;
ARXIV/UDH3/Vfp98/Wizards/Template/Contact/Data/CONTACTS.DBF;CONTACTS.DBF;11;COMPANY_NA;C;символьный;50;0;
ARXIV/UDH3/Vfp98/Wizards/Template/Contact/Data/CONTACTS.DBF;CONTACTS.DBF;12;TITLE;C;символьный;50;0;
ARXIV/UDH3/Vfp98/Wizards/Template/Contact/Data/CONTACTS.DBF;CONTACTS.DBF;13;WORK_PHONE;C;символьный;30;0;
ARXIV/UDH3/Vfp98/Wizards/Template/Contact/Data/CONTACTS.DBF;CONTACTS.DBF;14;WORK_EXTEN;C;символьный;20;0;
ARXIV/UDH3/Vfp98/Wizards/Template/Contact/Data/CONTACTS.DBF;CONTACTS.DBF;15;HOME_PHONE;C;символьный;30;0;
ARXIV/UDH3/Vfp98/Wizards/Template/Contact/Data/CONTACTS.DBF;CONTACTS.DBF;16;MOBILE_PHO;C;символьный;30;0;
ARXIV/UDH3/Vfp98/Wizards/Template/Contact/Data/CONTACTS.DBF;CONTACTS.DBF;17;FAX_NUMBER;C;символьный;30;0;
ARXIV/UDH3/Vfp98/Wizards/Template/Contact/Data/CONTACTS.DBF;CONTACTS.DBF;18;EMAIL_NAME;C;символьный;50;0;
ARXIV/UDH3/Vfp98/Wizards/Template/Contact/Data/CONTACTS.DBF;CONTACTS.DBF;19;BIRTHDATE;D;дата;8;0;
ARXIV/UDH3/Vfp98/Wizards/Template/Contact/Data/CONTACTS.DBF;CONTACTS.DBF;20;LAST_MEETI;T;дата-время;8;0;двоичное
ARXIV/UDH3/Vfp98/Wizards/Template/Contact/Data/CONTACTS.DBF;CONTACTS.DBF;21;CONTACT_TY;I;целый;4;0;двоичное
ARXIV/UDH3/Vfp98/Wizards/Template/Contact/Data/CONTACTS.DBF;CONTACTS.DBF;22;REFERRED_B;C;символьный;50;0;
ARXIV/UDH3/Vfp98/Wizards/Template/Contact/Data/CONTACTS.DBF;CONTACTS.DBF;23;NOTES;M;memo (текст);4;0;
ARXIV/UDH3/Vfp98/Wizards/Template/Contact/Data/CONTACTS.DBF;CONTACTS.DBF;24;MARITAL_ST;C;символьный;20;0;
ARXIV/UDH3/Vfp98/Wizards/Template/Contact/Data/CONTACTS.DBF;CONTACTS.DBF;25;SPOUSE_NAM;C;символьный;50;0;
ARXIV/UDH3/Vfp98/Wizards/Template/Contact/Data/CONTACTS.DBF;CONTACTS.DBF;26;SPOUSES_IN;C;символьный;254;0;
ARXIV/UDH3/Vfp98/Wizards/Template/Contact/Data/CONTACTS.DBF;CONTACTS.DBF;27;CHILDREN_N;C;символьный;254;0;
ARXIV/UDH3/Vfp98/Wizards/Template/Contact/Data/CONTACTS.DBF;CONTACTS.DBF;28;HOME_TOWN;C;символьный;50;0;
ARXIV/UDH3/Vfp98/Wizards/Template/Contact/Data/CONTACTS.DBF;CONTACTS.DBF;29;CONTACTS_I;C;символьный;254;0;
ARXIV/UDH3/Vfp98/Wizards/Template/Contact/Data/SETUP.DBF;SETUP.DBF;1;KEY_NAME;C;символьный;50;0;
ARXIV/UDH3/Vfp98/Wizards/Template/Contact/Data/SETUP.DBF;SETUP.DBF;2;VALUE;I;целый;4;0;двоичное
ARXIV/UDH3/Vfp98/Wizards/Template/Contact/Data/TYPES.DBF;TYPES.DBF;1;CONTACT_TY;I;целый;4;0;двоичное
ARXIV/UDH3/Vfp98/Wizards/Template/Contact/Data/TYPES.DBF;TYPES.DBF;2;CONTACT_T2;C;символьный;50;0;
ARXIV/UDH3/Vfp98/Wizards/Template/Donation/Data/CAMPAIGN.DBF;CAMPAIGN.DBF;1;CAMPAIGNID;I;целый;4;0;двоичное
ARXIV/UDH3/Vfp98/Wizards/Template/Donation/Data/CAMPAIGN.DBF;CAMPAIGN.DBF;2;NAME;C;символьный;30;0;
ARXIV/UDH3/Vfp98/Wizards/Template/Donation/Data/CAMPAIGN.DBF;CAMPAIGN.DBF;3;CHAIR;C;символьный;30;0;
ARXIV/UDH3/Vfp98/Wizards/Template/Donation/Data/CAMPAIGN.DBF;CAMPAIGN.DBF;4;DESCRIPT;C;символьный;30;0;
ARXIV/UDH3/Vfp98/Wizards/Template/Donation/Data/CAMPAIGN.DBF;CAMPAIGN.DBF;5;NOTES;M;memo (текст);4;0;
ARXIV/UDH3/Vfp98/Wizards/Template/Donation/Data/CAMPAIGN.DBF;CAMPAIGN.DBF;6;LAUNCHDATE;D;дата;8;0;
ARXIV/UDH3/Vfp98/Wizards/Template/Donation/Data/CAMPAIGN.DBF;CAMPAIGN.DBF;7;ENDDATE;D;дата;8;0;
ARXIV/UDH3/Vfp98/Wizards/Template/Donation/Data/CAMPAIGN.DBF;CAMPAIGN.DBF;8;GOAL;Y;денежный;8;4;двоичное
ARXIV/UDH3/Vfp98/Wizards/Template/Donation/Data/CHARITY.DBF;CHARITY.DBF;1;NAME;M;memo (текст);4;0;
ARXIV/UDH3/Vfp98/Wizards/Template/Donation/Data/CHARITY.DBF;CHARITY.DBF;2;PROPERTIES;M;memo (текст);4;0;
ARXIV/UDH3/Vfp98/Wizards/Template/Donation/Data/CHARITY.DBF;CHARITY.DBF;3;USER;M;memo (текст);4;0;
ARXIV/UDH3/Vfp98/Wizards/Template/Donation/Data/DONORS.DBF;DONORS.DBF;1;DONORID;I;целый;4;0;двоичное
ARXIV/UDH3/Vfp98/Wizards/Template/Donation/Data/DONORS.DBF;DONORS.DBF;2;DONORNAME;C;символьный;50;0;
ARXIV/UDH3/Vfp98/Wizards/Template/Donation/Data/DONORS.DBF;DONORS.DBF;3;ADDRESS;M;memo (текст);4;0;
ARXIV/UDH3/Vfp98/Wizards/Template/Donation/Data/DONORS.DBF;DONORS.DBF;4;CITY;C;символьный;50;0;
ARXIV/UDH3/Vfp98/Wizards/Template/Donation/Data/DONORS.DBF;DONORS.DBF;5;STATE;C;символьный;20;0;
ARXIV/UDH3/Vfp98/Wizards/Template/Donation/Data/DONORS.DBF;DONORS.DBF;6;POSTALCODE;C;символьный;20;0;
ARXIV/UDH3/Vfp98/Wizards/Template/Donation/Data/DONORS.DBF;DONORS.DBF;7;COUNTRY;C;символьный;50;0;
ARXIV/UDH3/Vfp98/Wizards/Template/Donation/Data/DONORS.DBF;DONORS.DBF;8;HOMEPHONE;C;символьный;30;0;
ARXIV/UDH3/Vfp98/Wizards/Template/Donation/Data/DONORS.DBF;DONORS.DBF;9;WORKPHONE;C;символьный;30;0;
ARXIV/UDH3/Vfp98/Wizards/Template/Donation/Data/DONORS.DBF;DONORS.DBF;10;CELLPHONE;C;символьный;30;0;
ARXIV/UDH3/Vfp98/Wizards/Template/Donation/Data/DONORS.DBF;DONORS.DBF;11;FAXNUMBER;C;символьный;30;0;
ARXIV/UDH3/Vfp98/Wizards/Template/Donation/Data/DONORS.DBF;DONORS.DBF;12;EMAILNAME;C;символьный;50;0;
ARXIV/UDH3/Vfp98/Wizards/Template/Donation/Data/DONORS.DBF;DONORS.DBF;13;CCARD1;C;символьный;30;0;
ARXIV/UDH3/Vfp98/Wizards/Template/Donation/Data/DONORS.DBF;DONORS.DBF;14;CCEXP1;D;дата;8;0;
ARXIV/UDH3/Vfp98/Wizards/Template/Donation/Data/DONORS.DBF;DONORS.DBF;15;CCARD2;C;символьный;30;0;
ARXIV/UDH3/Vfp98/Wizards/Template/Donation/Data/DONORS.DBF;DONORS.DBF;16;CCEXP2;D;дата;8;0;
ARXIV/UDH3/Vfp98/Wizards/Template/Donation/Data/PLEDGES.DBF;PLEDGES.DBF;1;PLEDGEID;I;целый;4;0;двоичное
ARXIV/UDH3/Vfp98/Wizards/Template/Donation/Data/PLEDGES.DBF;PLEDGES.DBF;2;DONORID;I;целый;4;0;двоичное
ARXIV/UDH3/Vfp98/Wizards/Template/Donation/Data/PLEDGES.DBF;PLEDGES.DBF;3;CAMPAIGNID;I;целый;4;0;двоичное
ARXIV/UDH3/Vfp98/Wizards/Template/Donation/Data/PLEDGES.DBF;PLEDGES.DBF;4;DATEPLEDGE;D;дата;8;0;
ARXIV/UDH3/Vfp98/Wizards/Template/Donation/Data/PLEDGES.DBF;PLEDGES.DBF;5;AMOUNTPLED;Y;денежный;8;4;двоичное
ARXIV/UDH3/Vfp98/Wizards/Template/Donation/Data/PLEDGES.DBF;PLEDGES.DBF;6;PAID;L;логический;1;0;
ARXIV/UDH3/Vfp98/Wizards/Template/Donation/Data/PLEDGES.DBF;PLEDGES.DBF;7;DATEPAID;D;дата;8;0;
ARXIV/UDH3/Vfp98/Wizards/Template/Donation/Data/PLEDGES.DBF;PLEDGES.DBF;8;PAYTYPE;N;числовой;1;0;
ARXIV/UDH3/Vfp98/Wizards/Template/Event Management/Data/EVENTS.DBF;EVENTS.DBF;1;EVENTID;I;целый;4;0;двоичное
ARXIV/UDH3/Vfp98/Wizards/Template/Event Management/Data/EVENTS.DBF;EVENTS.DBF;2;EVENTNAME;C;символьный;50;0;
ARXIV/UDH3/Vfp98/Wizards/Template/Event Management/Data/EVENTS.DBF;EVENTS.DBF;3;EVENTTYPEI;I;целый;4;0;двоичное
ARXIV/UDH3/Vfp98/Wizards/Template/Event Management/Data/EVENTS.DBF;EVENTS.DBF;4;STATUS;C;символьный;20;0;
ARXIV/UDH3/Vfp98/Wizards/Template/Event Management/Data/EVENTS.DBF;EVENTS.DBF;5;LOCATION;M;memo (текст);4;0;
ARXIV/UDH3/Vfp98/Wizards/Template/Event Management/Data/EVENTS.DBF;EVENTS.DBF;6;STARTDATE;T;дата-время;8;0;двоичное
ARXIV/UDH3/Vfp98/Wizards/Template/Event Management/Data/EVENTS.DBF;EVENTS.DBF;7;ENDDATE;T;дата-время;8;0;двоичное
ARXIV/UDH3/Vfp98/Wizards/Template/Event Management/Data/EVENTS.DBF;EVENTS.DBF;8;STARTTIME;T;дата-время;8;0;двоичное
ARXIV/UDH3/Vfp98/Wizards/Template/Event Management/Data/EVENTS.DBF;EVENTS.DBF;9;ENDTIME;T;дата-время;8;0;двоичное
ARXIV/UDH3/Vfp98/Wizards/Template/Event Management/Data/EVENTS.DBF;EVENTS.DBF;10;REQUIREDST;I;целый;4;0;двоичное
ARXIV/UDH3/Vfp98/Wizards/Template/Event Management/Data/EVENTS.DBF;EVENTS.DBF;11;CONFIRMED;L;логический;1;0;
ARXIV/UDH3/Vfp98/Wizards/Template/Event Management/Data/EVENTS.DBF;EVENTS.DBF;12;AVAILABLES;I;целый;4;0;двоичное
ARXIV/UDH3/Vfp98/Wizards/Template/Event Management/Data/EVENTS.DBF;EVENTS.DBF;13;EVENTDESCR;M;memo (текст);4;0;
ARXIV/UDH3/Vfp98/Wizards/Template/Event Management/Data/EVENTS.DBF;EVENTS.DBF;14;NOTES;M;memo (текст);4;0;
ARXIV/UDH3/Vfp98/Wizards/Template/Event Management/Data/EVENTS.DBF;EVENTS.DBF;15;EMPLOYEEID;I;целый;4;0;двоичное
ARXIV/UDH3/Vfp98/Wizards/Template/Event Management/Data/PAYMENTS.DBF;PAYMENTS.DBF;1;PAYMENTID;I;целый;4;0;двоичное
ARXIV/UDH3/Vfp98/Wizards/Template/Event Management/Data/PAYMENTS.DBF;PAYMENTS.DBF;2;REGISTRATI;I;целый;4;0;двоичное
ARXIV/UDH3/Vfp98/Wizards/Template/Event Management/Data/PAYMENTS.DBF;PAYMENTS.DBF;3;PAYMENTAMO;Y;денежный;8;4;двоичное
ARXIV/UDH3/Vfp98/Wizards/Template/Event Management/Data/PAYMENTS.DBF;PAYMENTS.DBF;4;PAYMENTDAT;T;дата-время;8;0;двоичное
ARXIV/UDH3/Vfp98/Wizards/Template/Event Management/Data/PAYMENTS.DBF;PAYMENTS.DBF;5;CREDITCARD;C;символьный;30;0;
ARXIV/UDH3/Vfp98/Wizards/Template/Event Management/Data/PAYMENTS.DBF;PAYMENTS.DBF;6;CARDHOLDER;C;символьный;50;0;
ARXIV/UDH3/Vfp98/Wizards/Template/Event Management/Data/PAYMENTS.DBF;PAYMENTS.DBF;7;CREDITCAR2;T;дата-время;8;0;двоичное
ARXIV/UDH3/Vfp98/Wizards/Template/Event Management/Data/PAYMENTS.DBF;PAYMENTS.DBF;8;PAYMENTMET;I;целый;4;0;двоичное
ARXIV/UDH3/Vfp98/Wizards/Template/Event Management/Data/attendees.dbf;attendees.dbf;1;ATTENDEEID;I;целый;4;0;двоичное
ARXIV/UDH3/Vfp98/Wizards/Template/Event Management/Data/attendees.dbf;attendees.dbf;2;ATTENDEEFI;C;символьный;30;0;
ARXIV/UDH3/Vfp98/Wizards/Template/Event Management/Data/attendees.dbf;attendees.dbf;3;ATTENDEELA;C;символьный;50;0;
ARXIV/UDH3/Vfp98/Wizards/Template/Event Management/Data/attendees.dbf;attendees.dbf;4;TITLE;C;символьный;50;0;
ARXIV/UDH3/Vfp98/Wizards/Template/Event Management/Data/attendees.dbf;attendees.dbf;5;COMPANYNAM;C;символьный;50;0;
ARXIV/UDH3/Vfp98/Wizards/Template/Event Management/Data/attendees.dbf;attendees.dbf;6;ADDRESS;M;memo (текст);4;0;
ARXIV/UDH3/Vfp98/Wizards/Template/Event Management/Data/attendees.dbf;attendees.dbf;7;CITY;C;символьный;50;0;
ARXIV/UDH3/Vfp98/Wizards/Template/Event Management/Data/attendees.dbf;attendees.dbf;8;STATEORPRO;C;символьный;20;0;
ARXIV/UDH3/Vfp98/Wizards/Template/Event Management/Data/attendees.dbf;attendees.dbf;9;POSTALCODE;C;символьный;20;0;
ARXIV/UDH3/Vfp98/Wizards/Template/Event Management/Data/attendees.dbf;attendees.dbf;10;COUNTRY;C;символьный;50;0;
ARXIV/UDH3/Vfp98/Wizards/Template/Event Management/Data/attendees.dbf;attendees.dbf;11;PHONENUMBE;C;символьный;30;0;
ARXIV/UDH3/Vfp98/Wizards/Template/Event Management/Data/attendees.dbf;attendees.dbf;12;FAXNUMBER;C;символьный;30;0;
ARXIV/UDH3/Vfp98/Wizards/Template/Event Management/Data/employees.dbf;employees.dbf;1;EMPLOYEEID;I;целый;4;0;двоичное
ARXIV/UDH3/Vfp98/Wizards/Template/Event Management/Data/employees.dbf;employees.dbf;2;FIRSTNAME;C;символьный;50;0;
ARXIV/UDH3/Vfp98/Wizards/Template/Event Management/Data/employees.dbf;employees.dbf;3;LASTNAME;C;символьный;50;0;
ARXIV/UDH3/Vfp98/Wizards/Template/Event Management/Data/employees.dbf;employees.dbf;4;TITLE;C;символьный;50;0;
ARXIV/UDH3/Vfp98/Wizards/Template/Event Management/Data/employees.dbf;employees.dbf;5;EMAILNAME;C;символьный;50;0;
ARXIV/UDH3/Vfp98/Wizards/Template/Event Management/Data/employees.dbf;employees.dbf;6;EXTENSION;C;символьный;30;0;
ARXIV/UDH3/Vfp98/Wizards/Template/Event Management/Data/employees.dbf;employees.dbf;7;WORKPHONE;C;символьный;30;0;
ARXIV/UDH3/Vfp98/Wizards/Template/Event Management/Data/event types.dbf;event types.dbf;1;EVENTTYPEI;I;целый;4;0;двоичное
ARXIV/UDH3/Vfp98/Wizards/Template/Event Management/Data/event types.dbf;event types.dbf;2;EVENTTYPE;C;символьный;50;0;
ARXIV/UDH3/Vfp98/Wizards/Template/Event Management/Data/fee schedules.dbf;fee schedules.dbf;1;FEESCHEDUL;I;целый;4;0;двоичное
ARXIV/UDH3/Vfp98/Wizards/Template/Event Management/Data/fee schedules.dbf;fee schedules.dbf;2;EVENTID;I;целый;4;0;двоичное
ARXIV/UDH3/Vfp98/Wizards/Template/Event Management/Data/fee schedules.dbf;fee schedules.dbf;3;FEEDESCRIP;C;символьный;30;0;
ARXIV/UDH3/Vfp98/Wizards/Template/Event Management/Data/fee schedules.dbf;fee schedules.dbf;4;FEE;Y;денежный;8;4;двоичное
ARXIV/UDH3/Vfp98/Wizards/Template/Event Management/Data/my company information.dbf;my company information.dbf;1;SETUPID;I;целый;4;0;двоичное
ARXIV/UDH3/Vfp98/Wizards/Template/Event Management/Data/my company information.dbf;my company information.dbf;2;SALESTAXRA;B;неизвестный;8;2;двоичное
ARXIV/UDH3/Vfp98/Wizards/Template/Event Management/Data/my company information.dbf;my company information.dbf;3;COMPANYNAM;C;символьный;50;0;
ARXIV/UDH3/Vfp98/Wizards/Template/Event Management/Data/my company information.dbf;my company information.dbf;4;ADDRESS;M;memo (текст);4;0;
ARXIV/UDH3/Vfp98/Wizards/Template/Event Management/Data/my company information.dbf;my company information.dbf;5;CITY;C;символьный;50;0;
ARXIV/UDH3/Vfp98/Wizards/Template/Event Management/Data/my company information.dbf;my company information.dbf;6;STATEORPRO;C;символьный;20;0;
ARXIV/UDH3/Vfp98/Wizards/Template/Event Management/Data/my company information.dbf;my company information.dbf;7;POSTALCODE;C;символьный;20;0;
ARXIV/UDH3/Vfp98/Wizards/Template/Event Management/Data/my company information.dbf;my company information.dbf;8;COUNTRY;C;символьный;50;0;
ARXIV/UDH3/Vfp98/Wizards/Template/Event Management/Data/my company information.dbf;my company information.dbf;9;PHONENUMBE;C;символьный;30;0;
ARXIV/UDH3/Vfp98/Wizards/Template/Event Management/Data/my company information.dbf;my company information.dbf;10;FAXNUMBER;C;символьный;30;0;
ARXIV/UDH3/Vfp98/Wizards/Template/Event Management/Data/my company information.dbf;my company information.dbf;11;DEFAULTPAY;M;memo (текст);4;0;
ARXIV/UDH3/Vfp98/Wizards/Template/Event Management/Data/my company information.dbf;my company information.dbf;12;DEFAULTINV;M;memo (текст);4;0;
ARXIV/UDH3/Vfp98/Wizards/Template/Event Management/Data/payment methods.dbf;payment methods.dbf;1;PAYMENTMET;I;целый;4;0;двоичное
ARXIV/UDH3/Vfp98/Wizards/Template/Event Management/Data/payment methods.dbf;payment methods.dbf;2;PAYMENTME2;C;символьный;50;0;
ARXIV/UDH3/Vfp98/Wizards/Template/Event Management/Data/payment methods.dbf;payment methods.dbf;3;CREDITCARD;L;логический;1;0;
ARXIV/UDH3/Vfp98/Wizards/Template/Event Management/Data/registration.dbf;registration.dbf;1;REGISTRATI;I;целый;4;0;двоичное
ARXIV/UDH3/Vfp98/Wizards/Template/Event Management/Data/registration.dbf;registration.dbf;2;ATTENDEEID;I;целый;4;0;двоичное
ARXIV/UDH3/Vfp98/Wizards/Template/Event Management/Data/registration.dbf;registration.dbf;3;EMPLOYEEID;I;целый;4;0;двоичное
ARXIV/UDH3/Vfp98/Wizards/Template/Event Management/Data/registration.dbf;registration.dbf;4;EVENTID;I;целый;4;0;двоичное
ARXIV/UDH3/Vfp98/Wizards/Template/Event Management/Data/registration.dbf;registration.dbf;5;REGISTRAT2;T;дата-время;8;0;двоичное
ARXIV/UDH3/Vfp98/Wizards/Template/Event Management/Data/registration.dbf;registration.dbf;6;PURCHASEOR;C;символьный;30;0;
ARXIV/UDH3/Vfp98/Wizards/Template/Event Management/Data/registration.dbf;registration.dbf;7;SALESTAXRA;B;неизвестный;8;2;двоичное
ARXIV/UDH3/Vfp98/Wizards/Template/Event Management/Data/registration.dbf;registration.dbf;8;FEESCHEDUL;I;целый;4;0;двоичное
ARXIV/UDH3/Vfp98/Wizards/Template/Event Management/Data/registration.dbf;registration.dbf;9;REGISTRAT3;Y;денежный;8;4;двоичное
ARXIV/UDH3/Vfp98/Wizards/Template/Expenses/Data/employees.dbf;employees.dbf;1;EMPLOYEEID;I;целый;4;0;двоичное
ARXIV/UDH3/Vfp98/Wizards/Template/Expenses/Data/employees.dbf;employees.dbf;2;DEPARTMENT;C;символьный;50;0;
ARXIV/UDH3/Vfp98/Wizards/Template/Expenses/Data/employees.dbf;employees.dbf;3;SOCIALSECU;C;символьный;30;0;
ARXIV/UDH3/Vfp98/Wizards/Template/Expenses/Data/employees.dbf;employees.dbf;4;EMPLOYEENU;C;символьный;30;0;
ARXIV/UDH3/Vfp98/Wizards/Template/Expenses/Data/employees.dbf;employees.dbf;5;FIRSTNAME;C;символьный;50;0;
ARXIV/UDH3/Vfp98/Wizards/Template/Expenses/Data/employees.dbf;employees.dbf;6;LASTNAME;C;символьный;50;0;
ARXIV/UDH3/Vfp98/Wizards/Template/Expenses/Data/employees.dbf;employees.dbf;7;TITLE;C;символьный;50;0;
ARXIV/UDH3/Vfp98/Wizards/Template/Expenses/Data/employees.dbf;employees.dbf;8;EMAILNAME;C;символьный;50;0;
ARXIV/UDH3/Vfp98/Wizards/Template/Expenses/Data/employees.dbf;employees.dbf;9;EXTENSION;C;символьный;30;0;
ARXIV/UDH3/Vfp98/Wizards/Template/Expenses/Data/employees.dbf;employees.dbf;10;ADDRESS;M;memo (текст);4;0;
ARXIV/UDH3/Vfp98/Wizards/Template/Expenses/Data/employees.dbf;employees.dbf;11;CITY;C;символьный;50;0;
ARXIV/UDH3/Vfp98/Wizards/Template/Expenses/Data/employees.dbf;employees.dbf;12;STATEORPRO;C;символьный;20;0;
ARXIV/UDH3/Vfp98/Wizards/Template/Expenses/Data/employees.dbf;employees.dbf;13;POSTALCODE;C;символьный;20;0;
ARXIV/UDH3/Vfp98/Wizards/Template/Expenses/Data/employees.dbf;employees.dbf;14;COUNTRY;C;символьный;50;0;
ARXIV/UDH3/Vfp98/Wizards/Template/Expenses/Data/employees.dbf;employees.dbf;15;WORKPHONE;C;символьный;30;0;
ARXIV/UDH3/Vfp98/Wizards/Template/Expenses/Data/employees.dbf;employees.dbf;16;NOTES;M;memo (текст);4;0;
ARXIV/UDH3/Vfp98/Wizards/Template/Expenses/Data/expense categories.dbf;expense categories.dbf;1;EXPENSECAT;I;целый;4;0;двоичное
ARXIV/UDH3/Vfp98/Wizards/Template/Expenses/Data/expense categories.dbf;expense categories.dbf;2;EXPENSECA2;C;символьный;50;0;
ARXIV/UDH3/Vfp98/Wizards/Template/Expenses/Data/expense categories.dbf;expense categories.dbf;3;EXPENSECA3;I;целый;4;0;двоичное
ARXIV/UDH3/Vfp98/Wizards/Template/Expenses/Data/expense details.dbf;expense details.dbf;1;EXPENSEDET;I;целый;4;0;двоичное
ARXIV/UDH3/Vfp98/Wizards/Template/Expenses/Data/expense details.dbf;expense details.dbf;2;EXPENSEREP;I;целый;4;0;двоичное
ARXIV/UDH3/Vfp98/Wizards/Template/Expenses/Data/expense details.dbf;expense details.dbf;3;EXPENSECAT;I;целый;4;0;двоичное
ARXIV/UDH3/Vfp98/Wizards/Template/Expenses/Data/expense details.dbf;expense details.dbf;4;EXPENSEITE;Y;денежный;8;4;двоичное
ARXIV/UDH3/Vfp98/Wizards/Template/Expenses/Data/expense details.dbf;expense details.dbf;5;EXPENSEIT2;C;символьный;50;0;
ARXIV/UDH3/Vfp98/Wizards/Template/Expenses/Data/expense details.dbf;expense details.dbf;6;EXPENSEDAT;T;дата-время;8;0;двоичное
ARXIV/UDH3/Vfp98/Wizards/Template/Expenses/Data/expense reports.dbf;expense reports.dbf;1;EXPENSEREP;I;целый;4;0;двоичное
ARXIV/UDH3/Vfp98/Wizards/Template/Expenses/Data/expense reports.dbf;expense reports.dbf;2;EMPLOYEEID;I;целый;4;0;двоичное
ARXIV/UDH3/Vfp98/Wizards/Template/Expenses/Data/expense reports.dbf;expense reports.dbf;3;EXPENSETYP;C;символьный;50;0;
ARXIV/UDH3/Vfp98/Wizards/Template/Expenses/Data/expense reports.dbf;expense reports.dbf;4;EXPENSERPT;C;символьный;30;0;
ARXIV/UDH3/Vfp98/Wizards/Template/Expenses/Data/expense reports.dbf;expense reports.dbf;5;EXPENSERP2;M;memo (текст);4;0;
ARXIV/UDH3/Vfp98/Wizards/Template/Expenses/Data/expense reports.dbf;expense reports.dbf;6;DATESUBMIT;T;дата-время;8;0;двоичное
ARXIV/UDH3/Vfp98/Wizards/Template/Expenses/Data/expense reports.dbf;expense reports.dbf;7;ADVANCEAMO;Y;денежный;8;4;двоичное
ARXIV/UDH3/Vfp98/Wizards/Template/Expenses/Data/expense reports.dbf;expense reports.dbf;8;DEPARTMENT;C;символьный;30;0;
ARXIV/UDH3/Vfp98/Wizards/Template/Expenses/Data/expense reports.dbf;expense reports.dbf;9;PAID;L;логический;1;0;
ARXIV/UDH3/Vfp98/Wizards/Template/Household Inventory/Data/ROOMS.DBF;ROOMS.DBF;1;ROOMID;I;целый;4;0;двоичное
ARXIV/UDH3/Vfp98/Wizards/Template/Household Inventory/Data/ROOMS.DBF;ROOMS.DBF;2;ROOM;C;символьный;50;0;
ARXIV/UDH3/Vfp98/Wizards/Template/Household Inventory/Data/categories.dbf;categories.dbf;1;CATEGORYID;I;целый;4;0;двоичное
ARXIV/UDH3/Vfp98/Wizards/Template/Household Inventory/Data/categories.dbf;categories.dbf;2;CATEGORYNA;C;символьный;50;0;
ARXIV/UDH3/Vfp98/Wizards/Template/Household Inventory/Data/household inventory.dbf;household inventory.dbf;1;HOUSEHOLDI;I;целый;4;0;двоичное
ARXIV/UDH3/Vfp98/Wizards/Template/Household Inventory/Data/household inventory.dbf;household inventory.dbf;2;CATEGORYID;I;целый;4;0;двоичное
ARXIV/UDH3/Vfp98/Wizards/Template/Household Inventory/Data/household inventory.dbf;household inventory.dbf;3;ROOMID;I;целый;4;0;двоичное
ARXIV/UDH3/Vfp98/Wizards/Template/Household Inventory/Data/household inventory.dbf;household inventory.dbf;4;DESCRIPTIO;M;memo (текст);4;0;
ARXIV/UDH3/Vfp98/Wizards/Template/Household Inventory/Data/household inventory.dbf;household inventory.dbf;5;MANUFACTUR;C;символьный;50;0;
ARXIV/UDH3/Vfp98/Wizards/Template/Household Inventory/Data/household inventory.dbf;household inventory.dbf;6;MODEL;C;символьный;50;0;
ARXIV/UDH3/Vfp98/Wizards/Template/Household Inventory/Data/household inventory.dbf;household inventory.dbf;7;MODELNUMBE;C;символьный;50;0;
ARXIV/UDH3/Vfp98/Wizards/Template/Household Inventory/Data/household inventory.dbf;household inventory.dbf;8;SERIALNUMB;C;символьный;50;0;
ARXIV/UDH3/Vfp98/Wizards/Template/Household Inventory/Data/household inventory.dbf;household inventory.dbf;9;DATEPURCHA;T;дата-время;8;0;двоичное
ARXIV/UDH3/Vfp98/Wizards/Template/Household Inventory/Data/household inventory.dbf;household inventory.dbf;10;PLACEPURCH;C;символьный;50;0;
ARXIV/UDH3/Vfp98/Wizards/Template/Household Inventory/Data/household inventory.dbf;household inventory.dbf;11;PURCHASEPR;Y;денежный;8;4;двоичное
ARXIV/UDH3/Vfp98/Wizards/Template/Household Inventory/Data/household inventory.dbf;household inventory.dbf;12;APPRAISEDV;Y;денежный;8;4;двоичное
ARXIV/UDH3/Vfp98/Wizards/Template/Household Inventory/Data/household inventory.dbf;household inventory.dbf;13;INSURED;L;логический;1;0;
ARXIV/UDH3/Vfp98/Wizards/Template/Household Inventory/Data/household inventory.dbf;household inventory.dbf;14;NOTES;M;memo (текст);4;0;
ARXIV/UDH3/Vfp98/Wizards/Template/Household Inventory/Data/household inventory.dbf;household inventory.dbf;15;PHOTOGRAPH;G;general (OLE);4;0;двоичное
ARXIV/UDH3/Vfp98/Wizards/Template/Inventory Control/Data/PRODUCTS.DBF;PRODUCTS.DBF;1;PRODUCTID;I;целый;4;0;двоичное
ARXIV/UDH3/Vfp98/Wizards/Template/Inventory Control/Data/PRODUCTS.DBF;PRODUCTS.DBF;2;PRODUCTNAM;C;символьный;50;0;
ARXIV/UDH3/Vfp98/Wizards/Template/Inventory Control/Data/PRODUCTS.DBF;PRODUCTS.DBF;3;PRODUCTDES;M;memo (текст);4;0;
ARXIV/UDH3/Vfp98/Wizards/Template/Inventory Control/Data/PRODUCTS.DBF;PRODUCTS.DBF;4;CATEGORYID;I;целый;4;0;двоичное
ARXIV/UDH3/Vfp98/Wizards/Template/Inventory Control/Data/PRODUCTS.DBF;PRODUCTS.DBF;5;SERIALNUMB;C;символьный;50;0;
ARXIV/UDH3/Vfp98/Wizards/Template/Inventory Control/Data/PRODUCTS.DBF;PRODUCTS.DBF;6;UNITPRICE;Y;денежный;8;4;двоичное
ARXIV/UDH3/Vfp98/Wizards/Template/Inventory Control/Data/PRODUCTS.DBF;PRODUCTS.DBF;7;REORDERLEV;I;целый;4;0;двоичное
ARXIV/UDH3/Vfp98/Wizards/Template/Inventory Control/Data/PRODUCTS.DBF;PRODUCTS.DBF;8;DISCONTINU;L;логический;1;0;
ARXIV/UDH3/Vfp98/Wizards/Template/Inventory Control/Data/PRODUCTS.DBF;PRODUCTS.DBF;9;LEADTIME;C;символьный;30;0;
ARXIV/UDH3/Vfp98/Wizards/Template/Inventory Control/Data/categories.dbf;categories.dbf;1;CATEGORYID;I;целый;4;0;двоичное
ARXIV/UDH3/Vfp98/Wizards/Template/Inventory Control/Data/categories.dbf;categories.dbf;2;CATEGORYNA;C;символьный;50;0;
ARXIV/UDH3/Vfp98/Wizards/Template/Inventory Control/Data/employees.dbf;employees.dbf;1;EMPLOYEEID;I;целый;4;0;двоичное
ARXIV/UDH3/Vfp98/Wizards/Template/Inventory Control/Data/employees.dbf;employees.dbf;2;FIRSTNAME;C;символьный;50;0;
ARXIV/UDH3/Vfp98/Wizards/Template/Inventory Control/Data/employees.dbf;employees.dbf;3;LASTNAME;C;символьный;50;0;
ARXIV/UDH3/Vfp98/Wizards/Template/Inventory Control/Data/employees.dbf;employees.dbf;4;TITLE;C;символьный;50;0;
ARXIV/UDH3/Vfp98/Wizards/Template/Inventory Control/Data/employees.dbf;employees.dbf;5;EMAILNAME;C;символьный;50;0;
ARXIV/UDH3/Vfp98/Wizards/Template/Inventory Control/Data/employees.dbf;employees.dbf;6;EXTENSION;C;символьный;30;0;
ARXIV/UDH3/Vfp98/Wizards/Template/Inventory Control/Data/employees.dbf;employees.dbf;7;WORKPHONE;C;символьный;30;0;
ARXIV/UDH3/Vfp98/Wizards/Template/Inventory Control/Data/inventory transactions.dbf;inventory transactions.dbf;1;TRANSACTIO;I;целый;4;0;двоичное
ARXIV/UDH3/Vfp98/Wizards/Template/Inventory Control/Data/inventory transactions.dbf;inventory transactions.dbf;2;TRANSACTI2;T;дата-время;8;0;двоичное
ARXIV/UDH3/Vfp98/Wizards/Template/Inventory Control/Data/inventory transactions.dbf;inventory transactions.dbf;3;PRODUCTID;I;целый;4;0;двоичное
ARXIV/UDH3/Vfp98/Wizards/Template/Inventory Control/Data/inventory transactions.dbf;inventory transactions.dbf;4;PURCHASEOR;I;целый;4;0;двоичное
ARXIV/UDH3/Vfp98/Wizards/Template/Inventory Control/Data/inventory transactions.dbf;inventory transactions.dbf;5;TRANSACTI3;M;memo (текст);4;0;
ARXIV/UDH3/Vfp98/Wizards/Template/Inventory Control/Data/inventory transactions.dbf;inventory transactions.dbf;6;UNITPRICE;Y;денежный;8;4;двоичное
ARXIV/UDH3/Vfp98/Wizards/Template/Inventory Control/Data/inventory transactions.dbf;inventory transactions.dbf;7;UNITSORDER;I;целый;4;0;двоичное
ARXIV/UDH3/Vfp98/Wizards/Template/Inventory Control/Data/inventory transactions.dbf;inventory transactions.dbf;8;UNITSRECEI;I;целый;4;0;двоичное
ARXIV/UDH3/Vfp98/Wizards/Template/Inventory Control/Data/inventory transactions.dbf;inventory transactions.dbf;9;UNITSSOLD;I;целый;4;0;двоичное
ARXIV/UDH3/Vfp98/Wizards/Template/Inventory Control/Data/inventory transactions.dbf;inventory transactions.dbf;10;UNITSSHRIN;I;целый;4;0;двоичное
ARXIV/UDH3/Vfp98/Wizards/Template/Inventory Control/Data/my company information.dbf;my company information.dbf;1;SETUPID;I;целый;4;0;двоичное
ARXIV/UDH3/Vfp98/Wizards/Template/Inventory Control/Data/my company information.dbf;my company information.dbf;2;COMPANYNAM;C;символьный;50;0;
ARXIV/UDH3/Vfp98/Wizards/Template/Inventory Control/Data/my company information.dbf;my company information.dbf;3;ADDRESS;M;memo (текст);4;0;
ARXIV/UDH3/Vfp98/Wizards/Template/Inventory Control/Data/my company information.dbf;my company information.dbf;4;CITY;C;символьный;50;0;
ARXIV/UDH3/Vfp98/Wizards/Template/Inventory Control/Data/my company information.dbf;my company information.dbf;5;STATEORPRO;C;символьный;20;0;
ARXIV/UDH3/Vfp98/Wizards/Template/Inventory Control/Data/my company information.dbf;my company information.dbf;6;POSTALCODE;C;символьный;20;0;
ARXIV/UDH3/Vfp98/Wizards/Template/Inventory Control/Data/my company information.dbf;my company information.dbf;7;COUNTRY;C;символьный;50;0;
ARXIV/UDH3/Vfp98/Wizards/Template/Inventory Control/Data/my company information.dbf;my company information.dbf;8;PHONENUMBE;C;символьный;30;0;
ARXIV/UDH3/Vfp98/Wizards/Template/Inventory Control/Data/my company information.dbf;my company information.dbf;9;FAXNUMBER;C;символьный;30;0;
ARXIV/UDH3/Vfp98/Wizards/Template/Inventory Control/Data/purchase orders.dbf;purchase orders.dbf;1;PURCHASEOR;I;целый;4;0;двоичное
ARXIV/UDH3/Vfp98/Wizards/Template/Inventory Control/Data/purchase orders.dbf;purchase orders.dbf;2;PURCHASEO2;C;символьный;30;0;
ARXIV/UDH3/Vfp98/Wizards/Template/Inventory Control/Data/purchase orders.dbf;purchase orders.dbf;3;PURCHASEO3;M;memo (текст);4;0;
ARXIV/UDH3/Vfp98/Wizards/Template/Inventory Control/Data/purchase orders.dbf;purchase orders.dbf;4;SUPPLIERID;I;целый;4;0;двоичное
ARXIV/UDH3/Vfp98/Wizards/Template/Inventory Control/Data/purchase orders.dbf;purchase orders.dbf;5;EMPLOYEEID;I;целый;4;0;двоичное
ARXIV/UDH3/Vfp98/Wizards/Template/Inventory Control/Data/purchase orders.dbf;purchase orders.dbf;6;ORDERDATE;T;дата-время;8;0;двоичное
ARXIV/UDH3/Vfp98/Wizards/Template/Inventory Control/Data/purchase orders.dbf;purchase orders.dbf;7;DATEREQUIR;T;дата-время;8;0;двоичное
ARXIV/UDH3/Vfp98/Wizards/Template/Inventory Control/Data/purchase orders.dbf;purchase orders.dbf;8;DATEPROMIS;T;дата-время;8;0;двоичное
ARXIV/UDH3/Vfp98/Wizards/Template/Inventory Control/Data/purchase orders.dbf;purchase orders.dbf;9;SHIPDATE;T;дата-время;8;0;двоичное
ARXIV/UDH3/Vfp98/Wizards/Template/Inventory Control/Data/purchase orders.dbf;purchase orders.dbf;10;SHIPPINGME;I;целый;4;0;двоичное
ARXIV/UDH3/Vfp98/Wizards/Template/Inventory Control/Data/purchase orders.dbf;purchase orders.dbf;11;FREIGHTCHA;Y;денежный;8;4;двоичное
ARXIV/UDH3/Vfp98/Wizards/Template/Inventory Control/Data/shipping methods.dbf;shipping methods.dbf;1;SHIPPINGME;I;целый;4;0;двоичное
ARXIV/UDH3/Vfp98/Wizards/Template/Inventory Control/Data/shipping methods.dbf;shipping methods.dbf;2;SHIPPINGM2;C;символьный;20;0;
ARXIV/UDH3/Vfp98/Wizards/Template/Inventory Control/Data/suppliers.dbf;suppliers.dbf;1;SUPPLIERID;I;целый;4;0;двоичное
ARXIV/UDH3/Vfp98/Wizards/Template/Inventory Control/Data/suppliers.dbf;suppliers.dbf;2;SUPPLIERNA;C;символьный;50;0;
ARXIV/UDH3/Vfp98/Wizards/Template/Inventory Control/Data/suppliers.dbf;suppliers.dbf;3;CONTACTNAM;C;символьный;50;0;
ARXIV/UDH3/Vfp98/Wizards/Template/Inventory Control/Data/suppliers.dbf;suppliers.dbf;4;CONTACTTIT;C;символьный;50;0;
ARXIV/UDH3/Vfp98/Wizards/Template/Inventory Control/Data/suppliers.dbf;suppliers.dbf;5;ADDRESS;M;memo (текст);4;0;
ARXIV/UDH3/Vfp98/Wizards/Template/Inventory Control/Data/suppliers.dbf;suppliers.dbf;6;CITY;C;символьный;50;0;
ARXIV/UDH3/Vfp98/Wizards/Template/Inventory Control/Data/suppliers.dbf;suppliers.dbf;7;POSTALCODE;C;символьный;20;0;
ARXIV/UDH3/Vfp98/Wizards/Template/Inventory Control/Data/suppliers.dbf;suppliers.dbf;8;STATEORPRO;C;символьный;20;0;
ARXIV/UDH3/Vfp98/Wizards/Template/Inventory Control/Data/suppliers.dbf;suppliers.dbf;9;COUNTRY;C;символьный;50;0;
ARXIV/UDH3/Vfp98/Wizards/Template/Inventory Control/Data/suppliers.dbf;suppliers.dbf;10;PHONENUMBE;C;символьный;30;0;
ARXIV/UDH3/Vfp98/Wizards/Template/Inventory Control/Data/suppliers.dbf;suppliers.dbf;11;FAXNUMBER;C;символьный;30;0;
ARXIV/UDH3/Vfp98/Wizards/Template/Inventory Control/Data/suppliers.dbf;suppliers.dbf;12;PAYMENTTER;M;memo (текст);4;0;
ARXIV/UDH3/Vfp98/Wizards/Template/Inventory Control/Data/suppliers.dbf;suppliers.dbf;13;EMAILADDRE;C;символьный;50;0;
ARXIV/UDH3/Vfp98/Wizards/Template/Inventory Control/Data/suppliers.dbf;suppliers.dbf;14;NOTES;M;memo (текст);4;0;
ARXIV/UDH3/Vfp98/Wizards/Template/Ledger/Data/ACCOUNTS.DBF;ACCOUNTS.DBF;1;ACCOUNTID;I;целый;4;0;двоичное
ARXIV/UDH3/Vfp98/Wizards/Template/Ledger/Data/ACCOUNTS.DBF;ACCOUNTS.DBF;2;ACCOUNTNUM;C;символьный;50;0;
ARXIV/UDH3/Vfp98/Wizards/Template/Ledger/Data/ACCOUNTS.DBF;ACCOUNTS.DBF;3;ACCOUNTNAM;C;символьный;50;0;
ARXIV/UDH3/Vfp98/Wizards/Template/Ledger/Data/ACCOUNTS.DBF;ACCOUNTS.DBF;4;ACCOUNTTYP;I;целый;4;0;двоичное
ARXIV/UDH3/Vfp98/Wizards/Template/Ledger/Data/account types.dbf;account types.dbf;1;ACCOUNTTYP;I;целый;4;0;двоичное
ARXIV/UDH3/Vfp98/Wizards/Template/Ledger/Data/account types.dbf;account types.dbf;2;ACCOUNTTY2;C;символьный;50;0;
ARXIV/UDH3/Vfp98/Wizards/Template/Ledger/Data/transactions.dbf;transactions.dbf;1;TRANSACTIO;I;целый;4;0;двоичное
ARXIV/UDH3/Vfp98/Wizards/Template/Ledger/Data/transactions.dbf;transactions.dbf;2;TRANSACTI2;I;целый;4;0;двоичное
ARXIV/UDH3/Vfp98/Wizards/Template/Ledger/Data/transactions.dbf;transactions.dbf;3;TRANSACTI3;T;дата-время;8;0;двоичное
ARXIV/UDH3/Vfp98/Wizards/Template/Ledger/Data/transactions.dbf;transactions.dbf;4;TRANSACTI4;M;memo (текст);4;0;
ARXIV/UDH3/Vfp98/Wizards/Template/Ledger/Data/transactions.dbf;transactions.dbf;5;ACCOUNTID;I;целый;4;0;двоичное
ARXIV/UDH3/Vfp98/Wizards/Template/Ledger/Data/transactions.dbf;transactions.dbf;6;WITHDRAWAL;Y;денежный;8;4;двоичное
ARXIV/UDH3/Vfp98/Wizards/Template/Ledger/Data/transactions.dbf;transactions.dbf;7;DEPOSITAMO;Y;денежный;8;4;двоичное
ARXIV/UDH3/Vfp98/Wizards/Template/Ledger/Data/transactions.dbf;transactions.dbf;8;TAXABLE;L;логический;1;0;
ARXIV/UDH3/Vfp98/Wizards/Template/Membership/Data/MEMBERS.DBF;MEMBERS.DBF;1;MEMBERID;I;целый;4;0;двоичное
ARXIV/UDH3/Vfp98/Wizards/Template/Membership/Data/MEMBERS.DBF;MEMBERS.DBF;2;FIRSTNAME;C;символьный;50;0;
ARXIV/UDH3/Vfp98/Wizards/Template/Membership/Data/MEMBERS.DBF;MEMBERS.DBF;3;LASTNAME;C;символьный;50;0;
ARXIV/UDH3/Vfp98/Wizards/Template/Membership/Data/MEMBERS.DBF;MEMBERS.DBF;4;MEMBERTYPE;I;целый;4;0;двоичное
ARXIV/UDH3/Vfp98/Wizards/Template/Membership/Data/MEMBERS.DBF;MEMBERS.DBF;5;WORKCOMPAN;C;символьный;50;0;
ARXIV/UDH3/Vfp98/Wizards/Template/Membership/Data/MEMBERS.DBF;MEMBERS.DBF;6;TITLE;C;символьный;50;0;
ARXIV/UDH3/Vfp98/Wizards/Template/Membership/Data/MEMBERS.DBF;MEMBERS.DBF;7;WORKADDRES;M;memo (текст);4;0;
ARXIV/UDH3/Vfp98/Wizards/Template/Membership/Data/MEMBERS.DBF;MEMBERS.DBF;8;WORKCITY;C;символьный;50;0;
ARXIV/UDH3/Vfp98/Wizards/Template/Membership/Data/MEMBERS.DBF;MEMBERS.DBF;9;WORKSTATEO;C;символьный;20;0;
ARXIV/UDH3/Vfp98/Wizards/Template/Membership/Data/MEMBERS.DBF;MEMBERS.DBF;10;WORKPOSTAL;C;символьный;20;0;
ARXIV/UDH3/Vfp98/Wizards/Template/Membership/Data/MEMBERS.DBF;MEMBERS.DBF;11;WORKCOUNTR;C;символьный;50;0;
ARXIV/UDH3/Vfp98/Wizards/Template/Membership/Data/MEMBERS.DBF;MEMBERS.DBF;12;WORKPHONE;C;символьный;30;0;
ARXIV/UDH3/Vfp98/Wizards/Template/Membership/Data/MEMBERS.DBF;MEMBERS.DBF;13;EXTENSION;C;символьный;30;0;
ARXIV/UDH3/Vfp98/Wizards/Template/Membership/Data/MEMBERS.DBF;MEMBERS.DBF;14;HOMEADDRES;M;memo (текст);4;0;
ARXIV/UDH3/Vfp98/Wizards/Template/Membership/Data/MEMBERS.DBF;MEMBERS.DBF;15;HOMECITY;C;символьный;50;0;
ARXIV/UDH3/Vfp98/Wizards/Template/Membership/Data/MEMBERS.DBF;MEMBERS.DBF;16;HOMESTATEO;C;символьный;20;0;
ARXIV/UDH3/Vfp98/Wizards/Template/Membership/Data/MEMBERS.DBF;MEMBERS.DBF;17;HOMEPOSTAL;C;символьный;20;0;
ARXIV/UDH3/Vfp98/Wizards/Template/Membership/Data/MEMBERS.DBF;MEMBERS.DBF;18;HOMECOUNTR;C;символьный;50;0;
ARXIV/UDH3/Vfp98/Wizards/Template/Membership/Data/MEMBERS.DBF;MEMBERS.DBF;19;HOMEPHONE;C;символьный;30;0;
ARXIV/UDH3/Vfp98/Wizards/Template/Membership/Data/MEMBERS.DBF;MEMBERS.DBF;20;DATEJOINED;T;дата-время;8;0;двоичное
ARXIV/UDH3/Vfp98/Wizards/Template/Membership/Data/MEMBERS.DBF;MEMBERS.DBF;21;FAXNUMBER;C;символьный;30;0;
ARXIV/UDH3/Vfp98/Wizards/Template/Membership/Data/MEMBERS.DBF;MEMBERS.DBF;22;INVOICEWOR;L;логический;1;0;
ARXIV/UDH3/Vfp98/Wizards/Template/Membership/Data/MEMBERS.DBF;MEMBERS.DBF;23;MEMBERDUES;Y;денежный;8;4;двоичное
ARXIV/UDH3/Vfp98/Wizards/Template/Membership/Data/PAYMENTS.DBF;PAYMENTS.DBF;1;PAYMENTID;I;целый;4;0;двоичное
ARXIV/UDH3/Vfp98/Wizards/Template/Membership/Data/PAYMENTS.DBF;PAYMENTS.DBF;2;MEMBERID;I;целый;4;0;двоичное
ARXIV/UDH3/Vfp98/Wizards/Template/Membership/Data/PAYMENTS.DBF;PAYMENTS.DBF;3;PAYMENTAMO;Y;денежный;8;4;двоичное
ARXIV/UDH3/Vfp98/Wizards/Template/Membership/Data/PAYMENTS.DBF;PAYMENTS.DBF;4;PAYMENTDAT;T;дата-время;8;0;двоичное
ARXIV/UDH3/Vfp98/Wizards/Template/Membership/Data/PAYMENTS.DBF;PAYMENTS.DBF;5;CREDITCARD;C;символьный;30;0;
ARXIV/UDH3/Vfp98/Wizards/Template/Membership/Data/PAYMENTS.DBF;PAYMENTS.DBF;6;CARDHOLDER;C;символьный;50;0;
ARXIV/UDH3/Vfp98/Wizards/Template/Membership/Data/PAYMENTS.DBF;PAYMENTS.DBF;7;CREDITCAR2;T;дата-время;8;0;двоичное
ARXIV/UDH3/Vfp98/Wizards/Template/Membership/Data/PAYMENTS.DBF;PAYMENTS.DBF;8;PAYMENTMET;I;целый;4;0;двоичное
ARXIV/UDH3/Vfp98/Wizards/Template/Membership/Data/committeemembers.dbf;committeemembers.dbf;1;COMMITTEEM;I;целый;4;0;двоичное
ARXIV/UDH3/Vfp98/Wizards/Template/Membership/Data/committeemembers.dbf;committeemembers.dbf;2;COMMITTEEI;I;целый;4;0;двоичное
ARXIV/UDH3/Vfp98/Wizards/Template/Membership/Data/committeemembers.dbf;committeemembers.dbf;3;MEMBERID;I;целый;4;0;двоичное
ARXIV/UDH3/Vfp98/Wizards/Template/Membership/Data/committeemembers.dbf;committeemembers.dbf;4;COMMITTEEP;C;символьный;30;0;
ARXIV/UDH3/Vfp98/Wizards/Template/Membership/Data/committees.dbf;committees.dbf;1;COMMITTEEI;I;целый;4;0;двоичное
ARXIV/UDH3/Vfp98/Wizards/Template/Membership/Data/committees.dbf;committees.dbf;2;COMMITTEEN;C;символьный;50;0;
ARXIV/UDH3/Vfp98/Wizards/Template/Membership/Data/committees.dbf;committees.dbf;3;COMMITTEED;M;memo (текст);4;0;
ARXIV/UDH3/Vfp98/Wizards/Template/Membership/Data/membertypes.dbf;membertypes.dbf;1;MEMBERTYPE;I;целый;4;0;двоичное
ARXIV/UDH3/Vfp98/Wizards/Template/Membership/Data/membertypes.dbf;membertypes.dbf;2;MEMBERTYP2;C;символьный;50;0;
ARXIV/UDH3/Vfp98/Wizards/Template/Membership/Data/membertypes.dbf;membertypes.dbf;3;MEMBERDUES;Y;денежный;8;4;двоичное
ARXIV/UDH3/Vfp98/Wizards/Template/Membership/Data/my organization information.dbf;my organization information.dbf;1;MY_ORGANIZ;I;целый;4;0;двоичное
ARXIV/UDH3/Vfp98/Wizards/Template/Membership/Data/my organization information.dbf;my organization information.dbf;2;COMPANYNAM;C;символьный;50;0;
ARXIV/UDH3/Vfp98/Wizards/Template/Membership/Data/my organization information.dbf;my organization information.dbf;3;ADDRESS;M;memo (текст);4;0;
ARXIV/UDH3/Vfp98/Wizards/Template/Membership/Data/my organization information.dbf;my organization information.dbf;4;CITY;C;символьный;50;0;
ARXIV/UDH3/Vfp98/Wizards/Template/Membership/Data/my organization information.dbf;my organization information.dbf;5;STATEORPRO;C;символьный;20;0;
ARXIV/UDH3/Vfp98/Wizards/Template/Membership/Data/my organization information.dbf;my organization information.dbf;6;POSTALCODE;C;символьный;20;0;
ARXIV/UDH3/Vfp98/Wizards/Template/Membership/Data/my organization information.dbf;my organization information.dbf;7;COUNTRY;C;символьный;50;0;
ARXIV/UDH3/Vfp98/Wizards/Template/Membership/Data/my organization information.dbf;my organization information.dbf;8;DEFAULTPAY;M;memo (текст);4;0;
ARXIV/UDH3/Vfp98/Wizards/Template/Membership/Data/my organization information.dbf;my organization information.dbf;9;DEFAULTINV;M;memo (текст);4;0;
ARXIV/UDH3/Vfp98/Wizards/Template/Membership/Data/my organization information.dbf;my organization information.dbf;10;PHONENUMBE;C;символьный;30;0;
ARXIV/UDH3/Vfp98/Wizards/Template/Membership/Data/my organization information.dbf;my organization information.dbf;11;FAXNUMBER;C;символьный;30;0;
ARXIV/UDH3/Vfp98/Wizards/Template/Membership/Data/payment methods.dbf;payment methods.dbf;1;PAYMENTMET;I;целый;4;0;двоичное
ARXIV/UDH3/Vfp98/Wizards/Template/Membership/Data/payment methods.dbf;payment methods.dbf;2;PAYMENTME2;C;символьный;50;0;
ARXIV/UDH3/Vfp98/Wizards/Template/Membership/Data/payment methods.dbf;payment methods.dbf;3;CREDITCARD;L;логический;1;0;
ARXIV/UDH3/Vfp98/Wizards/Template/Music Collection/Data/TRACKS.DBF;TRACKS.DBF;1;TRACKID;I;целый;4;0;двоичное
ARXIV/UDH3/Vfp98/Wizards/Template/Music Collection/Data/TRACKS.DBF;TRACKS.DBF;2;TRACKNUMBE;I;целый;4;0;двоичное
ARXIV/UDH3/Vfp98/Wizards/Template/Music Collection/Data/TRACKS.DBF;TRACKS.DBF;3;TRACKTITLE;C;символьный;50;0;
ARXIV/UDH3/Vfp98/Wizards/Template/Music Collection/Data/TRACKS.DBF;TRACKS.DBF;4;TRACKLENGT;C;символьный;20;0;
ARXIV/UDH3/Vfp98/Wizards/Template/Music Collection/Data/TRACKS.DBF;TRACKS.DBF;5;RECORDINGI;I;целый;4;0;двоичное
ARXIV/UDH3/Vfp98/Wizards/Template/Music Collection/Data/music categories.dbf;music categories.dbf;1;MUSICCATEG;I;целый;4;0;двоичное
ARXIV/UDH3/Vfp98/Wizards/Template/Music Collection/Data/music categories.dbf;music categories.dbf;2;MUSICCATE2;C;символьный;50;0;
ARXIV/UDH3/Vfp98/Wizards/Template/Music Collection/Data/recording artists.dbf;recording artists.dbf;1;RECORDINGA;I;целый;4;0;двоичное
ARXIV/UDH3/Vfp98/Wizards/Template/Music Collection/Data/recording artists.dbf;recording artists.dbf;2;RECORDING2;C;символьный;50;0;
ARXIV/UDH3/Vfp98/Wizards/Template/Music Collection/Data/recording artists.dbf;recording artists.dbf;3;PHOTOGRAPH;G;general (OLE);4;0;двоичное
ARXIV/UDH3/Vfp98/Wizards/Template/Music Collection/Data/recording artists.dbf;recording artists.dbf;4;BIRTHDATE;T;дата-время;8;0;двоичное
ARXIV/UDH3/Vfp98/Wizards/Template/Music Collection/Data/recording artists.dbf;recording artists.dbf;5;BIRTHPLACE;C;символьный;50;0;
ARXIV/UDH3/Vfp98/Wizards/Template/Music Collection/Data/recording artists.dbf;recording artists.dbf;6;DATEOFDEAT;T;дата-время;8;0;двоичное
ARXIV/UDH3/Vfp98/Wizards/Template/Music Collection/Data/recording artists.dbf;recording artists.dbf;7;NOTES;M;memo (текст);4;0;
ARXIV/UDH3/Vfp98/Wizards/Template/Music Collection/Data/recordings.dbf;recordings.dbf;1;RECORDINGI;I;целый;4;0;двоичное
ARXIV/UDH3/Vfp98/Wizards/Template/Music Collection/Data/recordings.dbf;recordings.dbf;2;RECORDINGT;C;символьный;50;0;
ARXIV/UDH3/Vfp98/Wizards/Template/Music Collection/Data/recordings.dbf;recordings.dbf;3;RECORDINGA;I;целый;4;0;двоичное
ARXIV/UDH3/Vfp98/Wizards/Template/Music Collection/Data/recordings.dbf;recordings.dbf;4;MUSICCATEG;I;целый;4;0;двоичное
ARXIV/UDH3/Vfp98/Wizards/Template/Music Collection/Data/recordings.dbf;recordings.dbf;5;RECORDINGL;C;символьный;20;0;
ARXIV/UDH3/Vfp98/Wizards/Template/Music Collection/Data/recordings.dbf;recordings.dbf;6;YEARRELEAS;I;целый;4;0;двоичное
ARXIV/UDH3/Vfp98/Wizards/Template/Music Collection/Data/recordings.dbf;recordings.dbf;7;FORMAT;C;символьный;20;0;
ARXIV/UDH3/Vfp98/Wizards/Template/Music Collection/Data/recordings.dbf;recordings.dbf;8;NUMBEROFTR;I;целый;4;0;двоичное
ARXIV/UDH3/Vfp98/Wizards/Template/Music Collection/Data/recordings.dbf;recordings.dbf;9;DATEPURCHA;T;дата-время;8;0;двоичное
ARXIV/UDH3/Vfp98/Wizards/Template/Music Collection/Data/recordings.dbf;recordings.dbf;10;PURCHASEPR;Y;денежный;8;4;двоичное
ARXIV/UDH3/Vfp98/Wizards/Template/Music Collection/Data/recordings.dbf;recordings.dbf;11;NOTES;M;memo (текст);4;0;
ARXIV/UDH3/Vfp98/Wizards/Template/Order Entry/Data/ORDERS.DBF;ORDERS.DBF;1;ORDERID;I;целый;4;0;двоичное
ARXIV/UDH3/Vfp98/Wizards/Template/Order Entry/Data/ORDERS.DBF;ORDERS.DBF;2;CUSTOMERID;I;целый;4;0;двоичное
ARXIV/UDH3/Vfp98/Wizards/Template/Order Entry/Data/ORDERS.DBF;ORDERS.DBF;3;EMPLOYEEID;I;целый;4;0;двоичное
ARXIV/UDH3/Vfp98/Wizards/Template/Order Entry/Data/ORDERS.DBF;ORDERS.DBF;4;ORDERDATE;D;дата;8;0;
ARXIV/UDH3/Vfp98/Wizards/Template/Order Entry/Data/ORDERS.DBF;ORDERS.DBF;5;PURCHASEOR;C;символьный;30;0;
ARXIV/UDH3/Vfp98/Wizards/Template/Order Entry/Data/ORDERS.DBF;ORDERS.DBF;6;SHIPNAME;C;символьный;50;0;
ARXIV/UDH3/Vfp98/Wizards/Template/Order Entry/Data/ORDERS.DBF;ORDERS.DBF;7;SHIPADDRES;M;memo (текст);4;0;
ARXIV/UDH3/Vfp98/Wizards/Template/Order Entry/Data/ORDERS.DBF;ORDERS.DBF;8;SHIPCITY;C;символьный;50;0;
ARXIV/UDH3/Vfp98/Wizards/Template/Order Entry/Data/ORDERS.DBF;ORDERS.DBF;9;SHIPSTATEO;C;символьный;50;0;
ARXIV/UDH3/Vfp98/Wizards/Template/Order Entry/Data/ORDERS.DBF;ORDERS.DBF;10;SHIPPOSTAL;C;символьный;20;0;
ARXIV/UDH3/Vfp98/Wizards/Template/Order Entry/Data/ORDERS.DBF;ORDERS.DBF;11;SHIPCOUNTR;C;символьный;50;0;
ARXIV/UDH3/Vfp98/Wizards/Template/Order Entry/Data/ORDERS.DBF;ORDERS.DBF;12;SHIPPHONEN;C;символьный;30;0;
ARXIV/UDH3/Vfp98/Wizards/Template/Order Entry/Data/ORDERS.DBF;ORDERS.DBF;13;SHIPDATE;D;дата;8;0;
ARXIV/UDH3/Vfp98/Wizards/Template/Order Entry/Data/ORDERS.DBF;ORDERS.DBF;14;SHIPPINGME;I;целый;4;0;двоичное
ARXIV/UDH3/Vfp98/Wizards/Template/Order Entry/Data/ORDERS.DBF;ORDERS.DBF;15;FREIGHTCHA;Y;денежный;8;4;двоичное
ARXIV/UDH3/Vfp98/Wizards/Template/Order Entry/Data/ORDERS.DBF;ORDERS.DBF;16;SALESTAXRA;B;неизвестный;8;2;двоичное
ARXIV/UDH3/Vfp98/Wizards/Template/Order Entry/Data/PAYMENTS.DBF;PAYMENTS.DBF;1;PAYMENTID;I;целый;4;0;двоичное
ARXIV/UDH3/Vfp98/Wizards/Template/Order Entry/Data/PAYMENTS.DBF;PAYMENTS.DBF;2;ORDERID;I;целый;4;0;двоичное
ARXIV/UDH3/Vfp98/Wizards/Template/Order Entry/Data/PAYMENTS.DBF;PAYMENTS.DBF;3;PAYMENTAMO;Y;денежный;8;4;двоичное
ARXIV/UDH3/Vfp98/Wizards/Template/Order Entry/Data/PAYMENTS.DBF;PAYMENTS.DBF;4;PAYMENTDAT;T;дата-время;8;0;двоичное
ARXIV/UDH3/Vfp98/Wizards/Template/Order Entry/Data/PAYMENTS.DBF;PAYMENTS.DBF;5;CREDITCARD;C;символьный;30;0;
ARXIV/UDH3/Vfp98/Wizards/Template/Order Entry/Data/PAYMENTS.DBF;PAYMENTS.DBF;6;CARDHOLDER;C;символьный;50;0;
ARXIV/UDH3/Vfp98/Wizards/Template/Order Entry/Data/PAYMENTS.DBF;PAYMENTS.DBF;7;CREDITCAR2;T;дата-время;8;0;двоичное
ARXIV/UDH3/Vfp98/Wizards/Template/Order Entry/Data/PAYMENTS.DBF;PAYMENTS.DBF;8;PAYMENTMET;I;целый;4;0;двоичное
ARXIV/UDH3/Vfp98/Wizards/Template/Order Entry/Data/PRODUCTS.DBF;PRODUCTS.DBF;1;PRODUCTID;I;целый;4;0;двоичное
ARXIV/UDH3/Vfp98/Wizards/Template/Order Entry/Data/PRODUCTS.DBF;PRODUCTS.DBF;2;PRODUCTNAM;C;символьный;50;0;
ARXIV/UDH3/Vfp98/Wizards/Template/Order Entry/Data/PRODUCTS.DBF;PRODUCTS.DBF;3;UNITPRICE;Y;денежный;8;4;двоичное
ARXIV/UDH3/Vfp98/Wizards/Template/Order Entry/Data/customers.dbf;customers.dbf;1;CUSTOMERID;I;целый;4;0;двоичное
ARXIV/UDH3/Vfp98/Wizards/Template/Order Entry/Data/customers.dbf;customers.dbf;2;COMPANYNAM;C;символьный;50;0;
ARXIV/UDH3/Vfp98/Wizards/Template/Order Entry/Data/customers.dbf;customers.dbf;3;CONTACTFIR;C;символьный;30;0;
ARXIV/UDH3/Vfp98/Wizards/Template/Order Entry/Data/customers.dbf;customers.dbf;4;CONTACTLAS;C;символьный;50;0;
ARXIV/UDH3/Vfp98/Wizards/Template/Order Entry/Data/customers.dbf;customers.dbf;5;BILLINGADD;M;memo (текст);4;0;
ARXIV/UDH3/Vfp98/Wizards/Template/Order Entry/Data/customers.dbf;customers.dbf;6;CITY;C;символьный;50;0;
ARXIV/UDH3/Vfp98/Wizards/Template/Order Entry/Data/customers.dbf;customers.dbf;7;STATEORPRO;C;символьный;20;0;
ARXIV/UDH3/Vfp98/Wizards/Template/Order Entry/Data/customers.dbf;customers.dbf;8;POSTALCODE;C;символьный;20;0;
ARXIV/UDH3/Vfp98/Wizards/Template/Order Entry/Data/customers.dbf;customers.dbf;9;COUNTRY;C;символьный;50;0;
ARXIV/UDH3/Vfp98/Wizards/Template/Order Entry/Data/customers.dbf;customers.dbf;10;CONTACTTIT;C;символьный;50;0;
ARXIV/UDH3/Vfp98/Wizards/Template/Order Entry/Data/customers.dbf;customers.dbf;11;PHONENUMBE;C;символьный;30;0;
ARXIV/UDH3/Vfp98/Wizards/Template/Order Entry/Data/customers.dbf;customers.dbf;12;FAXNUMBER;C;символьный;30;0;
ARXIV/UDH3/Vfp98/Wizards/Template/Order Entry/Data/employees.dbf;employees.dbf;1;EMPLOYEEID;I;целый;4;0;двоичное
ARXIV/UDH3/Vfp98/Wizards/Template/Order Entry/Data/employees.dbf;employees.dbf;2;FIRSTNAME;C;символьный;50;0;
ARXIV/UDH3/Vfp98/Wizards/Template/Order Entry/Data/employees.dbf;employees.dbf;3;LASTNAME;C;символьный;50;0;
ARXIV/UDH3/Vfp98/Wizards/Template/Order Entry/Data/employees.dbf;employees.dbf;4;TITLE;C;символьный;50;0;
ARXIV/UDH3/Vfp98/Wizards/Template/Order Entry/Data/employees.dbf;employees.dbf;5;EXTENSION;C;символьный;30;0;
ARXIV/UDH3/Vfp98/Wizards/Template/Order Entry/Data/employees.dbf;employees.dbf;6;WORKPHONE;C;символьный;30;0;
ARXIV/UDH3/Vfp98/Wizards/Template/Order Entry/Data/my company information.dbf;my company information.dbf;1;SETUPID;I;целый;4;0;двоичное
ARXIV/UDH3/Vfp98/Wizards/Template/Order Entry/Data/my company information.dbf;my company information.dbf;2;SALESTAXRA;B;неизвестный;8;2;двоичное
ARXIV/UDH3/Vfp98/Wizards/Template/Order Entry/Data/my company information.dbf;my company information.dbf;3;COMPANYNAM;C;символьный;50;0;
ARXIV/UDH3/Vfp98/Wizards/Template/Order Entry/Data/my company information.dbf;my company information.dbf;4;ADDRESS;M;memo (текст);4;0;
ARXIV/UDH3/Vfp98/Wizards/Template/Order Entry/Data/my company information.dbf;my company information.dbf;5;CITY;C;символьный;50;0;
ARXIV/UDH3/Vfp98/Wizards/Template/Order Entry/Data/my company information.dbf;my company information.dbf;6;STATEORPRO;C;символьный;20;0;
ARXIV/UDH3/Vfp98/Wizards/Template/Order Entry/Data/my company information.dbf;my company information.dbf;7;POSTALCODE;C;символьный;20;0;
ARXIV/UDH3/Vfp98/Wizards/Template/Order Entry/Data/my company information.dbf;my company information.dbf;8;COUNTRY;C;символьный;50;0;
ARXIV/UDH3/Vfp98/Wizards/Template/Order Entry/Data/my company information.dbf;my company information.dbf;9;PHONENUMBE;C;символьный;30;0;
ARXIV/UDH3/Vfp98/Wizards/Template/Order Entry/Data/my company information.dbf;my company information.dbf;10;FAXNUMBER;C;символьный;30;0;
ARXIV/UDH3/Vfp98/Wizards/Template/Order Entry/Data/my company information.dbf;my company information.dbf;11;DEFAULTPAY;M;memo (текст);4;0;
ARXIV/UDH3/Vfp98/Wizards/Template/Order Entry/Data/my company information.dbf;my company information.dbf;12;DEFAULTINV;M;memo (текст);4;0;
ARXIV/UDH3/Vfp98/Wizards/Template/Order Entry/Data/order details.dbf;order details.dbf;1;ORDERDETAI;I;целый;4;0;двоичное
ARXIV/UDH3/Vfp98/Wizards/Template/Order Entry/Data/order details.dbf;order details.dbf;2;ORDERID;I;целый;4;0;двоичное
ARXIV/UDH3/Vfp98/Wizards/Template/Order Entry/Data/order details.dbf;order details.dbf;3;PRODUCTID;I;целый;4;0;двоичное
ARXIV/UDH3/Vfp98/Wizards/Template/Order Entry/Data/order details.dbf;order details.dbf;4;QUANTITY;B;неизвестный;8;2;двоичное
ARXIV/UDH3/Vfp98/Wizards/Template/Order Entry/Data/order details.dbf;order details.dbf;5;UNITPRICE;Y;денежный;8;4;двоичное
ARXIV/UDH3/Vfp98/Wizards/Template/Order Entry/Data/order details.dbf;order details.dbf;6;DISCOUNT;B;неизвестный;8;2;двоичное
ARXIV/UDH3/Vfp98/Wizards/Template/Order Entry/Data/payment methods.dbf;payment methods.dbf;1;PAYMENTMET;I;целый;4;0;двоичное
ARXIV/UDH3/Vfp98/Wizards/Template/Order Entry/Data/payment methods.dbf;payment methods.dbf;2;PAYMENTME2;C;символьный;50;0;
ARXIV/UDH3/Vfp98/Wizards/Template/Order Entry/Data/payment methods.dbf;payment methods.dbf;3;CREDITCARD;L;логический;1;0;
ARXIV/UDH3/Vfp98/Wizards/Template/Order Entry/Data/shipping methods.dbf;shipping methods.dbf;1;SHIPPINGME;I;целый;4;0;двоичное
ARXIV/UDH3/Vfp98/Wizards/Template/Order Entry/Data/shipping methods.dbf;shipping methods.dbf;2;SHIPPINGM2;C;символьный;20;0;
ARXIV/UDH3/Vfp98/Wizards/Template/Picture Library/Data/photo locations.dbf;photo locations.dbf;1;PHOTOLOCAT;I;целый;4;0;двоичное
ARXIV/UDH3/Vfp98/Wizards/Template/Picture Library/Data/photo locations.dbf;photo locations.dbf;2;PHOTOLOCA2;C;символьный;50;0;
ARXIV/UDH3/Vfp98/Wizards/Template/Picture Library/Data/photographs.dbf;photographs.dbf;1;PHOTOGRAPH;I;целый;4;0;двоичное
ARXIV/UDH3/Vfp98/Wizards/Template/Picture Library/Data/photographs.dbf;photographs.dbf;2;FILMID;I;целый;4;0;двоичное
ARXIV/UDH3/Vfp98/Wizards/Template/Picture Library/Data/photographs.dbf;photographs.dbf;3;PHOTOLOCAT;I;целый;4;0;двоичное
ARXIV/UDH3/Vfp98/Wizards/Template/Picture Library/Data/photographs.dbf;photographs.dbf;4;PHOTOGRAP2;I;целый;4;0;двоичное
ARXIV/UDH3/Vfp98/Wizards/Template/Picture Library/Data/photographs.dbf;photographs.dbf;5;DATETAKEN;T;дата-время;8;0;двоичное
ARXIV/UDH3/Vfp98/Wizards/Template/Picture Library/Data/photographs.dbf;photographs.dbf;6;TIMETAKEN;T;дата-время;8;0;двоичное
ARXIV/UDH3/Vfp98/Wizards/Template/Picture Library/Data/photographs.dbf;photographs.dbf;7;PLACETAKEN;C;символьный;50;0;
ARXIV/UDH3/Vfp98/Wizards/Template/Picture Library/Data/photographs.dbf;photographs.dbf;8;SUBJECTNAM;C;символьный;50;0;
ARXIV/UDH3/Vfp98/Wizards/Template/Picture Library/Data/photographs.dbf;photographs.dbf;9;SUBJECTPHO;C;символьный;30;0;
ARXIV/UDH3/Vfp98/Wizards/Template/Picture Library/Data/photographs.dbf;photographs.dbf;10;LENSUSED;C;символьный;50;0;
ARXIV/UDH3/Vfp98/Wizards/Template/Picture Library/Data/photographs.dbf;photographs.dbf;11;APERTURE;C;символьный;50;0;
ARXIV/UDH3/Vfp98/Wizards/Template/Picture Library/Data/photographs.dbf;photographs.dbf;12;SHUTTERSPE;C;символьный;50;0;
ARXIV/UDH3/Vfp98/Wizards/Template/Picture Library/Data/photographs.dbf;photographs.dbf;13;FILTERUSED;C;символьный;50;0;
ARXIV/UDH3/Vfp98/Wizards/Template/Picture Library/Data/photographs.dbf;photographs.dbf;14;FLASH;L;логический;1;0;
ARXIV/UDH3/Vfp98/Wizards/Template/Picture Library/Data/photographs.dbf;photographs.dbf;15;PRINTSIZE;C;символьный;50;0;
ARXIV/UDH3/Vfp98/Wizards/Template/Picture Library/Data/photographs.dbf;photographs.dbf;16;NOTES;M;memo (текст);4;0;
ARXIV/UDH3/Vfp98/Wizards/Template/Picture Library/Data/rolls of film.dbf;rolls of film.dbf;1;FILMID;I;целый;4;0;двоичное
ARXIV/UDH3/Vfp98/Wizards/Template/Picture Library/Data/rolls of film.dbf;rolls of film.dbf;2;FILMTITLE;C;символьный;50;0;
ARXIV/UDH3/Vfp98/Wizards/Template/Picture Library/Data/rolls of film.dbf;rolls of film.dbf;3;FILMTYPE;C;символьный;30;0;
ARXIV/UDH3/Vfp98/Wizards/Template/Picture Library/Data/rolls of film.dbf;rolls of film.dbf;4;FILMSPEED;C;символьный;20;0;
ARXIV/UDH3/Vfp98/Wizards/Template/Picture Library/Data/rolls of film.dbf;rolls of film.dbf;5;COLORFILM;L;логический;1;0;
ARXIV/UDH3/Vfp98/Wizards/Template/Picture Library/Data/rolls of film.dbf;rolls of film.dbf;6;FILMEXPIRA;T;дата-время;8;0;двоичное
ARXIV/UDH3/Vfp98/Wizards/Template/Picture Library/Data/rolls of film.dbf;rolls of film.dbf;7;DATEDEVELO;T;дата-время;8;0;двоичное
ARXIV/UDH3/Vfp98/Wizards/Template/Picture Library/Data/rolls of film.dbf;rolls of film.dbf;8;DEVELOPEDB;C;символьный;50;0;
ARXIV/UDH3/Vfp98/Wizards/Template/Picture Library/Data/rolls of film.dbf;rolls of film.dbf;9;CAMERA;C;символьный;50;0;
ARXIV/UDH3/Vfp98/Wizards/Template/Picture Library/Data/rolls of film.dbf;rolls of film.dbf;10;NOTES;M;memo (текст);4;0;
ARXIV/UDH3/Vfp98/Wizards/Template/Recipes/Data/AUTO_IDS.DBF;AUTO_IDS.DBF;1;ID;C;символьный;10;0;
ARXIV/UDH3/Vfp98/Wizards/Template/Recipes/Data/AUTO_IDS.DBF;AUTO_IDS.DBF;2;TABLE;C;символьный;50;0;
ARXIV/UDH3/Vfp98/Wizards/Template/Recipes/Data/FOODCAT.DBF;FOODCAT.DBF;1;FOODCATID;I;целый;4;0;двоичное
ARXIV/UDH3/Vfp98/Wizards/Template/Recipes/Data/FOODCAT.DBF;FOODCAT.DBF;2;FOODCAT;C;символьный;50;0;
ARXIV/UDH3/Vfp98/Wizards/Template/Recipes/Data/INGREDIE.DBF;INGREDIE.DBF;1;INGRED_ID;I;целый;4;0;двоичное
ARXIV/UDH3/Vfp98/Wizards/Template/Recipes/Data/INGREDIE.DBF;INGREDIE.DBF;2;INGREDIENT;C;символьный;50;0;
ARXIV/UDH3/Vfp98/Wizards/Template/Recipes/Data/RECINGRD.DBF;RECINGRD.DBF;1;RECIPE_ING;I;целый;4;0;двоичное
ARXIV/UDH3/Vfp98/Wizards/Template/Recipes/Data/RECINGRD.DBF;RECINGRD.DBF;2;RECIPE_ID;I;целый;4;0;двоичное
ARXIV/UDH3/Vfp98/Wizards/Template/Recipes/Data/RECINGRD.DBF;RECINGRD.DBF;3;INGRED_ID;I;целый;4;0;двоичное
ARXIV/UDH3/Vfp98/Wizards/Template/Recipes/Data/RECINGRD.DBF;RECINGRD.DBF;4;QUANTITY;B;неизвестный;8;5;двоичное
ARXIV/UDH3/Vfp98/Wizards/Template/Recipes/Data/RECINGRD.DBF;RECINGRD.DBF;5;COMMENTS;C;символьный;254;0;
ARXIV/UDH3/Vfp98/Wizards/Template/Recipes/Data/RECIPES.DBF;RECIPES.DBF;1;RECIPE_ID;I;целый;4;0;двоичное
ARXIV/UDH3/Vfp98/Wizards/Template/Recipes/Data/RECIPES.DBF;RECIPES.DBF;2;RECIPE_NAM;C;символьный;50;0;
ARXIV/UDH3/Vfp98/Wizards/Template/Recipes/Data/RECIPES.DBF;RECIPES.DBF;3;RECIPE_DES;M;memo (текст);4;0;
ARXIV/UDH3/Vfp98/Wizards/Template/Recipes/Data/RECIPES.DBF;RECIPES.DBF;4;SOURCE;C;символьный;50;0;
ARXIV/UDH3/Vfp98/Wizards/Template/Recipes/Data/RECIPES.DBF;RECIPES.DBF;5;FOODCATID;I;целый;4;0;двоичное
ARXIV/UDH3/Vfp98/Wizards/Template/Recipes/Data/RECIPES.DBF;RECIPES.DBF;6;VEGETARIAN;L;логический;1;0;
ARXIV/UDH3/Vfp98/Wizards/Template/Recipes/Data/RECIPES.DBF;RECIPES.DBF;7;TIME_TO_PR;C;символьный;50;0;
ARXIV/UDH3/Vfp98/Wizards/Template/Recipes/Data/RECIPES.DBF;RECIPES.DBF;8;NUMBER_OF_;I;целый;4;0;двоичное
ARXIV/UDH3/Vfp98/Wizards/Template/Recipes/Data/RECIPES.DBF;RECIPES.DBF;9;INGREDIENT;M;memo (текст);4;0;
ARXIV/UDH3/Vfp98/Wizards/Template/Recipes/Data/RECIPES.DBF;RECIPES.DBF;10;INSTRUCTIO;C;символьный;254;0;
ARXIV/UDH3/Vfp98/Wizards/Template/Recipes/Data/RECIPES.DBF;RECIPES.DBF;11;UTENSILS;C;символьный;254;0;
ARXIV/UDH3/Vfp98/Wizards/Template/Recipes/Data/RECIPES.DBF;RECIPES.DBF;12;NUTRITIONA;C;символьный;254;0;
ARXIV/UDH3/Vfp98/Wizards/Template/Resource Scheduling/Data/SCHEDULE.DBF;SCHEDULE.DBF;1;SCHEDULEID;I;целый;4;0;двоичное
ARXIV/UDH3/Vfp98/Wizards/Template/Resource Scheduling/Data/SCHEDULE.DBF;SCHEDULE.DBF;2;RESOURCEID;I;целый;4;0;двоичное
ARXIV/UDH3/Vfp98/Wizards/Template/Resource Scheduling/Data/SCHEDULE.DBF;SCHEDULE.DBF;3;SCHEDULEDA;T;дата-время;8;0;двоичное
ARXIV/UDH3/Vfp98/Wizards/Template/Resource Scheduling/Data/customers.dbf;customers.dbf;1;CUSTOMERID;I;целый;4;0;двоичное
ARXIV/UDH3/Vfp98/Wizards/Template/Resource Scheduling/Data/customers.dbf;customers.dbf;2;CONTACTFIR;C;символьный;30;0;
ARXIV/UDH3/Vfp98/Wizards/Template/Resource Scheduling/Data/customers.dbf;customers.dbf;3;CONTACTLAS;C;символьный;50;0;
ARXIV/UDH3/Vfp98/Wizards/Template/Resource Scheduling/Data/customers.dbf;customers.dbf;4;COMPANYORD;C;символьный;50;0;
ARXIV/UDH3/Vfp98/Wizards/Template/Resource Scheduling/Data/customers.dbf;customers.dbf;5;BILLINGADD;M;memo (текст);4;0;
ARXIV/UDH3/Vfp98/Wizards/Template/Resource Scheduling/Data/customers.dbf;customers.dbf;6;CITY;C;символьный;50;0;
ARXIV/UDH3/Vfp98/Wizards/Template/Resource Scheduling/Data/customers.dbf;customers.dbf;7;STATEORPRO;C;символьный;20;0;
ARXIV/UDH3/Vfp98/Wizards/Template/Resource Scheduling/Data/customers.dbf;customers.dbf;8;POSTALCODE;C;символьный;20;0;
ARXIV/UDH3/Vfp98/Wizards/Template/Resource Scheduling/Data/customers.dbf;customers.dbf;9;COUNTRY;C;символьный;50;0;
ARXIV/UDH3/Vfp98/Wizards/Template/Resource Scheduling/Data/customers.dbf;customers.dbf;10;CONTACTTIT;C;символьный;50;0;
ARXIV/UDH3/Vfp98/Wizards/Template/Resource Scheduling/Data/customers.dbf;customers.dbf;11;PHONENUMBE;C;символьный;30;0;
ARXIV/UDH3/Vfp98/Wizards/Template/Resource Scheduling/Data/customers.dbf;customers.dbf;12;EXTENSION;C;символьный;30;0;
ARXIV/UDH3/Vfp98/Wizards/Template/Resource Scheduling/Data/customers.dbf;customers.dbf;13;FAXNUMBER;C;символьный;30;0;
ARXIV/UDH3/Vfp98/Wizards/Template/Resource Scheduling/Data/resource types.dbf;resource types.dbf;1;RESOURCETY;I;целый;4;0;двоичное
ARXIV/UDH3/Vfp98/Wizards/Template/Resource Scheduling/Data/resource types.dbf;resource types.dbf;2;RESOURCET2;C;символьный;50;0;
ARXIV/UDH3/Vfp98/Wizards/Template/Resource Scheduling/Data/resources.dbf;resources.dbf;1;RESOURCEID;I;целый;4;0;двоичное
ARXIV/UDH3/Vfp98/Wizards/Template/Resource Scheduling/Data/resources.dbf;resources.dbf;2;RESOURCENA;C;символьный;50;0;
ARXIV/UDH3/Vfp98/Wizards/Template/Resource Scheduling/Data/resources.dbf;resources.dbf;3;RESOURCETY;I;целый;4;0;двоичное
ARXIV/UDH3/Vfp98/Wizards/Template/Resource Scheduling/Data/resources.dbf;resources.dbf;4;COMMENTS;M;memo (текст);4;0;
ARXIV/UDH3/Vfp98/Wizards/Template/Resource Scheduling/Data/schedule details.dbf;schedule details.dbf;1;SCHEDULEDE;I;целый;4;0;двоичное
ARXIV/UDH3/Vfp98/Wizards/Template/Resource Scheduling/Data/schedule details.dbf;schedule details.dbf;2;SCHEDULEID;I;целый;4;0;двоичное
ARXIV/UDH3/Vfp98/Wizards/Template/Resource Scheduling/Data/schedule details.dbf;schedule details.dbf;3;CUSTOMERID;I;целый;4;0;двоичное
ARXIV/UDH3/Vfp98/Wizards/Template/Resource Scheduling/Data/schedule details.dbf;schedule details.dbf;4;SCHEDULEST;T;дата-время;8;0;двоичное
ARXIV/UDH3/Vfp98/Wizards/Template/Resource Scheduling/Data/schedule details.dbf;schedule details.dbf;5;SCHEDULEEN;T;дата-время;8;0;двоичное
ARXIV/UDH3/Vfp98/Wizards/Template/Resource Scheduling/Data/schedule details.dbf;schedule details.dbf;6;CONFIRMED;L;логический;1;0;
ARXIV/UDH3/Vfp98/Wizards/Template/Service Call Management/Data/PARTS.DBF;PARTS.DBF;1;PARTID;I;целый;4;0;двоичное
ARXIV/UDH3/Vfp98/Wizards/Template/Service Call Management/Data/PARTS.DBF;PARTS.DBF;2;PARTNAME;C;символьный;50;0;
ARXIV/UDH3/Vfp98/Wizards/Template/Service Call Management/Data/PARTS.DBF;PARTS.DBF;3;UNITPRICE;Y;денежный;8;4;двоичное
ARXIV/UDH3/Vfp98/Wizards/Template/Service Call Management/Data/PARTS.DBF;PARTS.DBF;4;PARTDESCRI;M;memo (текст);4;0;
ARXIV/UDH3/Vfp98/Wizards/Template/Service Call Management/Data/PAYMENTS.DBF;PAYMENTS.DBF;1;PAYMENTID;I;целый;4;0;двоичное
ARXIV/UDH3/Vfp98/Wizards/Template/Service Call Management/Data/PAYMENTS.DBF;PAYMENTS.DBF;2;WORKORDERI;I;целый;4;0;двоичное
ARXIV/UDH3/Vfp98/Wizards/Template/Service Call Management/Data/PAYMENTS.DBF;PAYMENTS.DBF;3;PAYMENTAMO;Y;денежный;8;4;двоичное
ARXIV/UDH3/Vfp98/Wizards/Template/Service Call Management/Data/PAYMENTS.DBF;PAYMENTS.DBF;4;PAYMENTDAT;T;дата-время;8;0;двоичное
ARXIV/UDH3/Vfp98/Wizards/Template/Service Call Management/Data/PAYMENTS.DBF;PAYMENTS.DBF;5;CREDITCARD;C;символьный;30;0;
ARXIV/UDH3/Vfp98/Wizards/Template/Service Call Management/Data/PAYMENTS.DBF;PAYMENTS.DBF;6;CARDHOLDER;C;символьный;50;0;
ARXIV/UDH3/Vfp98/Wizards/Template/Service Call Management/Data/PAYMENTS.DBF;PAYMENTS.DBF;7;CREDITCAR2;T;дата-время;8;0;двоичное
ARXIV/UDH3/Vfp98/Wizards/Template/Service Call Management/Data/PAYMENTS.DBF;PAYMENTS.DBF;8;PAYMENTMET;I;целый;4;0;двоичное
ARXIV/UDH3/Vfp98/Wizards/Template/Service Call Management/Data/customers.dbf;customers.dbf;1;CUSTOMERID;I;целый;4;0;двоичное
ARXIV/UDH3/Vfp98/Wizards/Template/Service Call Management/Data/customers.dbf;customers.dbf;2;COMPANYNAM;C;символьный;50;0;
ARXIV/UDH3/Vfp98/Wizards/Template/Service Call Management/Data/customers.dbf;customers.dbf;3;CONTACTFIR;C;символьный;30;0;
ARXIV/UDH3/Vfp98/Wizards/Template/Service Call Management/Data/customers.dbf;customers.dbf;4;CONTACTLAS;C;символьный;50;0;
ARXIV/UDH3/Vfp98/Wizards/Template/Service Call Management/Data/customers.dbf;customers.dbf;5;BILLINGADD;M;memo (текст);4;0;
ARXIV/UDH3/Vfp98/Wizards/Template/Service Call Management/Data/customers.dbf;customers.dbf;6;CITY;C;символьный;50;0;
ARXIV/UDH3/Vfp98/Wizards/Template/Service Call Management/Data/customers.dbf;customers.dbf;7;STATEORPRO;C;символьный;20;0;
ARXIV/UDH3/Vfp98/Wizards/Template/Service Call Management/Data/customers.dbf;customers.dbf;8;POSTALCODE;C;символьный;20;0;
ARXIV/UDH3/Vfp98/Wizards/Template/Service Call Management/Data/customers.dbf;customers.dbf;9;COUNTRY;C;символьный;50;0;
ARXIV/UDH3/Vfp98/Wizards/Template/Service Call Management/Data/customers.dbf;customers.dbf;10;CONTACTTIT;C;символьный;50;0;
ARXIV/UDH3/Vfp98/Wizards/Template/Service Call Management/Data/customers.dbf;customers.dbf;11;PHONENUMBE;C;символьный;30;0;
ARXIV/UDH3/Vfp98/Wizards/Template/Service Call Management/Data/customers.dbf;customers.dbf;12;FAXNUMBER;C;символьный;30;0;
ARXIV/UDH3/Vfp98/Wizards/Template/Service Call Management/Data/customers.dbf;customers.dbf;13;NOTES;M;memo (текст);4;0;
ARXIV/UDH3/Vfp98/Wizards/Template/Service Call Management/Data/employees.dbf;employees.dbf;1;EMPLOYEEID;I;целый;4;0;двоичное
ARXIV/UDH3/Vfp98/Wizards/Template/Service Call Management/Data/employees.dbf;employees.dbf;2;FIRSTNAME;C;символьный;50;0;
ARXIV/UDH3/Vfp98/Wizards/Template/Service Call Management/Data/employees.dbf;employees.dbf;3;LASTNAME;C;символьный;50;0;
ARXIV/UDH3/Vfp98/Wizards/Template/Service Call Management/Data/employees.dbf;employees.dbf;4;TITLE;C;символьный;50;0;
ARXIV/UDH3/Vfp98/Wizards/Template/Service Call Management/Data/employees.dbf;employees.dbf;5;EXTENSION;C;символьный;30;0;
ARXIV/UDH3/Vfp98/Wizards/Template/Service Call Management/Data/employees.dbf;employees.dbf;6;WORKPHONE;C;символьный;30;0;
ARXIV/UDH3/Vfp98/Wizards/Template/Service Call Management/Data/employees.dbf;employees.dbf;7;BILLINGRAT;Y;денежный;8;4;двоичное
ARXIV/UDH3/Vfp98/Wizards/Template/Service Call Management/Data/my company information.dbf;my company information.dbf;1;SETUPID;I;целый;4;0;двоичное
ARXIV/UDH3/Vfp98/Wizards/Template/Service Call Management/Data/my company information.dbf;my company information.dbf;2;SALESTAXRA;B;неизвестный;8;2;двоичное
ARXIV/UDH3/Vfp98/Wizards/Template/Service Call Management/Data/my company information.dbf;my company information.dbf;3;COMPANYNAM;C;символьный;50;0;
ARXIV/UDH3/Vfp98/Wizards/Template/Service Call Management/Data/my company information.dbf;my company information.dbf;4;ADDRESS;M;memo (текст);4;0;
ARXIV/UDH3/Vfp98/Wizards/Template/Service Call Management/Data/my company information.dbf;my company information.dbf;5;CITY;C;символьный;50;0;
ARXIV/UDH3/Vfp98/Wizards/Template/Service Call Management/Data/my company information.dbf;my company information.dbf;6;STATEORPRO;C;символьный;20;0;
ARXIV/UDH3/Vfp98/Wizards/Template/Service Call Management/Data/my company information.dbf;my company information.dbf;7;POSTALCODE;C;символьный;20;0;
ARXIV/UDH3/Vfp98/Wizards/Template/Service Call Management/Data/my company information.dbf;my company information.dbf;8;COUNTRY;C;символьный;50;0;
ARXIV/UDH3/Vfp98/Wizards/Template/Service Call Management/Data/my company information.dbf;my company information.dbf;9;PHONENUMBE;C;символьный;30;0;
ARXIV/UDH3/Vfp98/Wizards/Template/Service Call Management/Data/my company information.dbf;my company information.dbf;10;FAXNUMBER;C;символьный;30;0;
ARXIV/UDH3/Vfp98/Wizards/Template/Service Call Management/Data/my company information.dbf;my company information.dbf;11;DEFAULTPAY;M;memo (текст);4;0;
ARXIV/UDH3/Vfp98/Wizards/Template/Service Call Management/Data/my company information.dbf;my company information.dbf;12;DEFAULTINV;M;memo (текст);4;0;
ARXIV/UDH3/Vfp98/Wizards/Template/Service Call Management/Data/payment methods.dbf;payment methods.dbf;1;PAYMENTMET;I;целый;4;0;двоичное
ARXIV/UDH3/Vfp98/Wizards/Template/Service Call Management/Data/payment methods.dbf;payment methods.dbf;2;PAYMENTME2;C;символьный;50;0;
ARXIV/UDH3/Vfp98/Wizards/Template/Service Call Management/Data/payment methods.dbf;payment methods.dbf;3;CREDITCARD;L;логический;1;0;
ARXIV/UDH3/Vfp98/Wizards/Template/Service Call Management/Data/workorder labor.dbf;workorder labor.dbf;1;WORKORDERL;I;целый;4;0;двоичное
ARXIV/UDH3/Vfp98/Wizards/Template/Service Call Management/Data/workorder labor.dbf;workorder labor.dbf;2;WORKORDERI;I;целый;4;0;двоичное
ARXIV/UDH3/Vfp98/Wizards/Template/Service Call Management/Data/workorder labor.dbf;workorder labor.dbf;3;EMPLOYEEID;I;целый;4;0;двоичное
ARXIV/UDH3/Vfp98/Wizards/Template/Service Call Management/Data/workorder labor.dbf;workorder labor.dbf;4;BILLABLEHO;B;неизвестный;8;2;двоичное
ARXIV/UDH3/Vfp98/Wizards/Template/Service Call Management/Data/workorder labor.dbf;workorder labor.dbf;5;BILLINGRAT;Y;денежный;8;4;двоичное
ARXIV/UDH3/Vfp98/Wizards/Template/Service Call Management/Data/workorder labor.dbf;workorder labor.dbf;6;COMMENT;M;memo (текст);4;0;
ARXIV/UDH3/Vfp98/Wizards/Template/Service Call Management/Data/workorder parts.dbf;workorder parts.dbf;1;WORKORDERP;I;целый;4;0;двоичное
ARXIV/UDH3/Vfp98/Wizards/Template/Service Call Management/Data/workorder parts.dbf;workorder parts.dbf;2;WORKORDERI;I;целый;4;0;двоичное
ARXIV/UDH3/Vfp98/Wizards/Template/Service Call Management/Data/workorder parts.dbf;workorder parts.dbf;3;PARTID;I;целый;4;0;двоичное
ARXIV/UDH3/Vfp98/Wizards/Template/Service Call Management/Data/workorder parts.dbf;workorder parts.dbf;4;QUANTITY;B;неизвестный;8;2;двоичное
ARXIV/UDH3/Vfp98/Wizards/Template/Service Call Management/Data/workorder parts.dbf;workorder parts.dbf;5;UNITPRICE;Y;денежный;8;4;двоичное
ARXIV/UDH3/Vfp98/Wizards/Template/Service Call Management/Data/workorders.dbf;workorders.dbf;1;WORKORDERI;I;целый;4;0;двоичное
ARXIV/UDH3/Vfp98/Wizards/Template/Service Call Management/Data/workorders.dbf;workorders.dbf;2;CUSTOMERID;I;целый;4;0;двоичное
ARXIV/UDH3/Vfp98/Wizards/Template/Service Call Management/Data/workorders.dbf;workorders.dbf;3;EMPLOYEEID;I;целый;4;0;двоичное
ARXIV/UDH3/Vfp98/Wizards/Template/Service Call Management/Data/workorders.dbf;workorders.dbf;4;PURCHASEOR;C;символьный;30;0;
ARXIV/UDH3/Vfp98/Wizards/Template/Service Call Management/Data/workorders.dbf;workorders.dbf;5;DATERECEIV;T;дата-время;8;0;двоичное
ARXIV/UDH3/Vfp98/Wizards/Template/Service Call Management/Data/workorders.dbf;workorders.dbf;6;DATEREQUIR;T;дата-время;8;0;двоичное
ARXIV/UDH3/Vfp98/Wizards/Template/Service Call Management/Data/workorders.dbf;workorders.dbf;7;MAKEANDMOD;C;символьный;50;0;
ARXIV/UDH3/Vfp98/Wizards/Template/Service Call Management/Data/workorders.dbf;workorders.dbf;8;SERIALNUMB;C;символьный;50;0;
ARXIV/UDH3/Vfp98/Wizards/Template/Service Call Management/Data/workorders.dbf;workorders.dbf;9;PROBLEMDES;M;memo (текст);4;0;
ARXIV/UDH3/Vfp98/Wizards/Template/Service Call Management/Data/workorders.dbf;workorders.dbf;10;DATEFINISH;T;дата-время;8;0;двоичное
ARXIV/UDH3/Vfp98/Wizards/Template/Service Call Management/Data/workorders.dbf;workorders.dbf;11;DATEPICKED;T;дата-время;8;0;двоичное
ARXIV/UDH3/Vfp98/Wizards/Template/Service Call Management/Data/workorders.dbf;workorders.dbf;12;SALESTAXRA;B;неизвестный;8;2;двоичное
ARXIV/UDH3/Vfp98/Wizards/Template/Students And Classes/Data/CLASSES.DBF;CLASSES.DBF;1;CLASSID;I;целый;4;0;двоичное
ARXIV/UDH3/Vfp98/Wizards/Template/Students And Classes/Data/CLASSES.DBF;CLASSES.DBF;2;CLASSNAME;C;символьный;50;0;
ARXIV/UDH3/Vfp98/Wizards/Template/Students And Classes/Data/CLASSES.DBF;CLASSES.DBF;3;DEPARTMENT;I;целый;4;0;двоичное
ARXIV/UDH3/Vfp98/Wizards/Template/Students And Classes/Data/CLASSES.DBF;CLASSES.DBF;4;SECTIONNUM;I;целый;4;0;двоичное
ARXIV/UDH3/Vfp98/Wizards/Template/Students And Classes/Data/CLASSES.DBF;CLASSES.DBF;5;INSTRUCTOR;I;целый;4;0;двоичное
ARXIV/UDH3/Vfp98/Wizards/Template/Students And Classes/Data/CLASSES.DBF;CLASSES.DBF;6;TERM;C;символьный;30;0;
ARXIV/UDH3/Vfp98/Wizards/Template/Students And Classes/Data/CLASSES.DBF;CLASSES.DBF;7;UNITS;C;символьный;30;0;
ARXIV/UDH3/Vfp98/Wizards/Template/Students And Classes/Data/CLASSES.DBF;CLASSES.DBF;8;YEAR;I;целый;4;0;двоичное
ARXIV/UDH3/Vfp98/Wizards/Template/Students And Classes/Data/CLASSES.DBF;CLASSES.DBF;9;LOCATION;M;memo (текст);4;0;
ARXIV/UDH3/Vfp98/Wizards/Template/Students And Classes/Data/CLASSES.DBF;CLASSES.DBF;10;DAYSANDTIM;C;символьный;20;0;
ARXIV/UDH3/Vfp98/Wizards/Template/Students And Classes/Data/CLASSES.DBF;CLASSES.DBF;11;NOTES;M;memo (текст);4;0;
ARXIV/UDH3/Vfp98/Wizards/Template/Students And Classes/Data/RESULTS.DBF;RESULTS.DBF;1;RESULTSID;I;целый;4;0;двоичное
ARXIV/UDH3/Vfp98/Wizards/Template/Students And Classes/Data/RESULTS.DBF;RESULTS.DBF;2;STUDENTID;I;целый;4;0;двоичное
ARXIV/UDH3/Vfp98/Wizards/Template/Students And Classes/Data/RESULTS.DBF;RESULTS.DBF;3;ASSIGNMENT;I;целый;4;0;двоичное
ARXIV/UDH3/Vfp98/Wizards/Template/Students And Classes/Data/RESULTS.DBF;RESULTS.DBF;4;SCORE;B;неизвестный;8;2;двоичное
ARXIV/UDH3/Vfp98/Wizards/Template/Students And Classes/Data/RESULTS.DBF;RESULTS.DBF;5;LATE;L;логический;1;0;
ARXIV/UDH3/Vfp98/Wizards/Template/Students And Classes/Data/STUDENTS.DBF;STUDENTS.DBF;1;STUDENTID;I;целый;4;0;двоичное
ARXIV/UDH3/Vfp98/Wizards/Template/Students And Classes/Data/STUDENTS.DBF;STUDENTS.DBF;2;FIRSTNAME;C;символьный;50;0;
ARXIV/UDH3/Vfp98/Wizards/Template/Students And Classes/Data/STUDENTS.DBF;STUDENTS.DBF;3;LASTNAME;C;символьный;50;0;
ARXIV/UDH3/Vfp98/Wizards/Template/Students And Classes/Data/STUDENTS.DBF;STUDENTS.DBF;4;PARENTSNAM;C;символьный;50;0;
ARXIV/UDH3/Vfp98/Wizards/Template/Students And Classes/Data/STUDENTS.DBF;STUDENTS.DBF;5;ADDRESS;M;memo (текст);4;0;
ARXIV/UDH3/Vfp98/Wizards/Template/Students And Classes/Data/STUDENTS.DBF;STUDENTS.DBF;6;CITY;C;символьный;50;0;
ARXIV/UDH3/Vfp98/Wizards/Template/Students And Classes/Data/STUDENTS.DBF;STUDENTS.DBF;7;STATEORPRO;C;символьный;20;0;
ARXIV/UDH3/Vfp98/Wizards/Template/Students And Classes/Data/STUDENTS.DBF;STUDENTS.DBF;8;POSTALCODE;C;символьный;20;0;
ARXIV/UDH3/Vfp98/Wizards/Template/Students And Classes/Data/STUDENTS.DBF;STUDENTS.DBF;9;PHONENUMBE;C;символьный;30;0;
ARXIV/UDH3/Vfp98/Wizards/Template/Students And Classes/Data/STUDENTS.DBF;STUDENTS.DBF;10;EMAILNAME;C;символьный;50;0;
ARXIV/UDH3/Vfp98/Wizards/Template/Students And Classes/Data/STUDENTS.DBF;STUDENTS.DBF;11;MAJOR;C;символьный;50;0;
ARXIV/UDH3/Vfp98/Wizards/Template/Students And Classes/Data/STUDENTS.DBF;STUDENTS.DBF;12;STUDENTNUM;C;символьный;30;0;
ARXIV/UDH3/Vfp98/Wizards/Template/Students And Classes/Data/STUDENTS.DBF;STUDENTS.DBF;13;NOTES;M;memo (текст);4;0;
ARXIV/UDH3/Vfp98/Wizards/Template/Students And Classes/Data/assignments.dbf;assignments.dbf;1;ASSIGNMENT;I;целый;4;0;двоичное
ARXIV/UDH3/Vfp98/Wizards/Template/Students And Classes/Data/assignments.dbf;assignments.dbf;2;ASSIGNMEN2;M;memo (текст);4;0;
ARXIV/UDH3/Vfp98/Wizards/Template/Students And Classes/Data/assignments.dbf;assignments.dbf;3;CLASSID;I;целый;4;0;двоичное
ARXIV/UDH3/Vfp98/Wizards/Template/Students And Classes/Data/assignments.dbf;assignments.dbf;4;EXAM;L;логический;1;0;
ARXIV/UDH3/Vfp98/Wizards/Template/Students And Classes/Data/assignments.dbf;assignments.dbf;5;PERCENTOFG;B;неизвестный;8;2;двоичное
ARXIV/UDH3/Vfp98/Wizards/Template/Students And Classes/Data/assignments.dbf;assignments.dbf;6;MAXIMUMPOI;B;неизвестный;8;2;двоичное
ARXIV/UDH3/Vfp98/Wizards/Template/Students And Classes/Data/departments.dbf;departments.dbf;1;DEPARTMENT;I;целый;4;0;двоичное
ARXIV/UDH3/Vfp98/Wizards/Template/Students And Classes/Data/departments.dbf;departments.dbf;2;DEPARTMEN2;C;символьный;50;0;
ARXIV/UDH3/Vfp98/Wizards/Template/Students And Classes/Data/departments.dbf;departments.dbf;3;DEPARTMEN3;I;целый;4;0;двоичное
ARXIV/UDH3/Vfp98/Wizards/Template/Students And Classes/Data/departments.dbf;departments.dbf;4;DEPARTMEN4;C;символьный;30;0;
ARXIV/UDH3/Vfp98/Wizards/Template/Students And Classes/Data/departments.dbf;departments.dbf;5;DEPARTMEN5;C;символьный;50;0;
ARXIV/UDH3/Vfp98/Wizards/Template/Students And Classes/Data/instructors.dbf;instructors.dbf;1;INSTRUCTOR;I;целый;4;0;двоичное
ARXIV/UDH3/Vfp98/Wizards/Template/Students And Classes/Data/instructors.dbf;instructors.dbf;2;INSTRUCTO2;C;символьный;50;0;
ARXIV/UDH3/Vfp98/Wizards/Template/Students And Classes/Data/instructors.dbf;instructors.dbf;3;EMAILNAME;C;символьный;50;0;
ARXIV/UDH3/Vfp98/Wizards/Template/Students And Classes/Data/instructors.dbf;instructors.dbf;4;PHONENUMBE;C;символьный;30;0;
ARXIV/UDH3/Vfp98/Wizards/Template/Students And Classes/Data/instructors.dbf;instructors.dbf;5;EXTENSION;C;символьный;30;0;
ARXIV/UDH3/Vfp98/Wizards/Template/Students And Classes/Data/students and classes.dbf;students and classes.dbf;1;STUDENTCLA;I;целый;4;0;двоичное
ARXIV/UDH3/Vfp98/Wizards/Template/Students And Classes/Data/students and classes.dbf;students and classes.dbf;2;CLASSID;I;целый;4;0;двоичное
ARXIV/UDH3/Vfp98/Wizards/Template/Students And Classes/Data/students and classes.dbf;students and classes.dbf;3;STUDENTID;I;целый;4;0;двоичное
ARXIV/UDH3/Vfp98/Wizards/Template/Students And Classes/Data/students and classes.dbf;students and classes.dbf;4;GRADE;C;символьный;30;0;
ARXIV/UDH3/Vfp98/Wizards/Template/Time And Billing/Data/CLIENTS.DBF;CLIENTS.DBF;1;CLIENTID;I;целый;4;0;допускает NULL, двоичное
ARXIV/UDH3/Vfp98/Wizards/Template/Time And Billing/Data/CLIENTS.DBF;CLIENTS.DBF;2;COMPANYNAM;C;символьный;50;0;допускает NULL
ARXIV/UDH3/Vfp98/Wizards/Template/Time And Billing/Data/CLIENTS.DBF;CLIENTS.DBF;3;ADDRESS;M;memo (текст);4;0;допускает NULL
ARXIV/UDH3/Vfp98/Wizards/Template/Time And Billing/Data/CLIENTS.DBF;CLIENTS.DBF;4;CITY;C;символьный;50;0;допускает NULL
ARXIV/UDH3/Vfp98/Wizards/Template/Time And Billing/Data/CLIENTS.DBF;CLIENTS.DBF;5;STATEORPRO;C;символьный;20;0;допускает NULL
ARXIV/UDH3/Vfp98/Wizards/Template/Time And Billing/Data/CLIENTS.DBF;CLIENTS.DBF;6;POSTALCODE;C;символьный;20;0;допускает NULL
ARXIV/UDH3/Vfp98/Wizards/Template/Time And Billing/Data/CLIENTS.DBF;CLIENTS.DBF;7;COUNTRY;C;символьный;50;0;допускает NULL
ARXIV/UDH3/Vfp98/Wizards/Template/Time And Billing/Data/CLIENTS.DBF;CLIENTS.DBF;8;CONTACTFIR;C;символьный;30;0;допускает NULL
ARXIV/UDH3/Vfp98/Wizards/Template/Time And Billing/Data/CLIENTS.DBF;CLIENTS.DBF;9;CONTACTLAS;C;символьный;50;0;допускает NULL
ARXIV/UDH3/Vfp98/Wizards/Template/Time And Billing/Data/CLIENTS.DBF;CLIENTS.DBF;10;CONTACTTIT;C;символьный;50;0;допускает NULL
ARXIV/UDH3/Vfp98/Wizards/Template/Time And Billing/Data/CLIENTS.DBF;CLIENTS.DBF;11;PHONENUMBE;C;символьный;30;0;допускает NULL
ARXIV/UDH3/Vfp98/Wizards/Template/Time And Billing/Data/CLIENTS.DBF;CLIENTS.DBF;12;FAXNUMBER;C;символьный;30;0;допускает NULL
ARXIV/UDH3/Vfp98/Wizards/Template/Time And Billing/Data/CLIENTS.DBF;CLIENTS.DBF;13;REFERREDBY;C;символьный;50;0;допускает NULL
ARXIV/UDH3/Vfp98/Wizards/Template/Time And Billing/Data/CLIENTS.DBF;CLIENTS.DBF;14;NOTES;M;memo (текст);4;0;допускает NULL
ARXIV/UDH3/Vfp98/Wizards/Template/Time And Billing/Data/CLIENTS.DBF;CLIENTS.DBF;15;_NullFlags;0;системный (_NullFlags);2;0;системное, двоичное
ARXIV/UDH3/Vfp98/Wizards/Template/Time And Billing/Data/PAYMENTS.DBF;PAYMENTS.DBF;1;PAYMENTID;I;целый;4;0;допускает NULL, двоичное
ARXIV/UDH3/Vfp98/Wizards/Template/Time And Billing/Data/PAYMENTS.DBF;PAYMENTS.DBF;2;PROJECTID;I;целый;4;0;допускает NULL, двоичное
ARXIV/UDH3/Vfp98/Wizards/Template/Time And Billing/Data/PAYMENTS.DBF;PAYMENTS.DBF;3;PAYMENTAMO;Y;денежный;8;4;допускает NULL, двоичное
ARXIV/UDH3/Vfp98/Wizards/Template/Time And Billing/Data/PAYMENTS.DBF;PAYMENTS.DBF;4;PAYMENTDAT;T;дата-время;8;0;допускает NULL, двоичное
ARXIV/UDH3/Vfp98/Wizards/Template/Time And Billing/Data/PAYMENTS.DBF;PAYMENTS.DBF;5;CREDITCARD;C;символьный;30;0;допускает NULL
ARXIV/UDH3/Vfp98/Wizards/Template/Time And Billing/Data/PAYMENTS.DBF;PAYMENTS.DBF;6;CARDHOLDER;C;символьный;50;0;допускает NULL
ARXIV/UDH3/Vfp98/Wizards/Template/Time And Billing/Data/PAYMENTS.DBF;PAYMENTS.DBF;7;CREDITCAR2;T;дата-время;8;0;допускает NULL, двоичное
ARXIV/UDH3/Vfp98/Wizards/Template/Time And Billing/Data/PAYMENTS.DBF;PAYMENTS.DBF;8;CREDITCAR3;C;символьный;30;0;допускает NULL
ARXIV/UDH3/Vfp98/Wizards/Template/Time And Billing/Data/PAYMENTS.DBF;PAYMENTS.DBF;9;PAYMENTMET;I;целый;4;0;допускает NULL, двоичное
ARXIV/UDH3/Vfp98/Wizards/Template/Time And Billing/Data/PAYMENTS.DBF;PAYMENTS.DBF;10;_NullFlags;0;системный (_NullFlags);2;0;системное, двоичное
ARXIV/UDH3/Vfp98/Wizards/Template/Time And Billing/Data/PROJECTS.DBF;PROJECTS.DBF;1;PROJECTID;I;целый;4;0;допускает NULL, двоичное
ARXIV/UDH3/Vfp98/Wizards/Template/Time And Billing/Data/PROJECTS.DBF;PROJECTS.DBF;2;PROJECTNAM;C;символьный;50;0;допускает NULL
ARXIV/UDH3/Vfp98/Wizards/Template/Time And Billing/Data/PROJECTS.DBF;PROJECTS.DBF;3;PROJECTDES;M;memo (текст);4;0;допускает NULL
ARXIV/UDH3/Vfp98/Wizards/Template/Time And Billing/Data/PROJECTS.DBF;PROJECTS.DBF;4;CLIENTID;I;целый;4;0;допускает NULL, двоичное
ARXIV/UDH3/Vfp98/Wizards/Template/Time And Billing/Data/PROJECTS.DBF;PROJECTS.DBF;5;PURCHASEOR;C;символьный;30;0;допускает NULL
ARXIV/UDH3/Vfp98/Wizards/Template/Time And Billing/Data/PROJECTS.DBF;PROJECTS.DBF;6;PROJECTTOT;Y;денежный;8;4;допускает NULL, двоичное
ARXIV/UDH3/Vfp98/Wizards/Template/Time And Billing/Data/PROJECTS.DBF;PROJECTS.DBF;7;EMPLOYEEID;I;целый;4;0;допускает NULL, двоичное
ARXIV/UDH3/Vfp98/Wizards/Template/Time And Billing/Data/PROJECTS.DBF;PROJECTS.DBF;8;PROJECTBEG;T;дата-время;8;0;допускает NULL, двоичное
ARXIV/UDH3/Vfp98/Wizards/Template/Time And Billing/Data/PROJECTS.DBF;PROJECTS.DBF;9;PROJECTEND;T;дата-время;8;0;допускает NULL, двоичное
ARXIV/UDH3/Vfp98/Wizards/Template/Time And Billing/Data/PROJECTS.DBF;PROJECTS.DBF;10;_NullFlags;0;системный (_NullFlags);2;0;системное, двоичное
ARXIV/UDH3/Vfp98/Wizards/Template/Time And Billing/Data/employees.dbf;employees.dbf;1;EMPLOYEEID;I;целый;4;0;допускает NULL, двоичное
ARXIV/UDH3/Vfp98/Wizards/Template/Time And Billing/Data/employees.dbf;employees.dbf;2;EMPLOYEENU;C;символьный;30;0;допускает NULL
ARXIV/UDH3/Vfp98/Wizards/Template/Time And Billing/Data/employees.dbf;employees.dbf;3;FIRSTNAME;C;символьный;50;0;допускает NULL
ARXIV/UDH3/Vfp98/Wizards/Template/Time And Billing/Data/employees.dbf;employees.dbf;4;LASTNAME;C;символьный;50;0;допускает NULL
ARXIV/UDH3/Vfp98/Wizards/Template/Time And Billing/Data/employees.dbf;employees.dbf;5;TITLE;C;символьный;50;0;допускает NULL
ARXIV/UDH3/Vfp98/Wizards/Template/Time And Billing/Data/employees.dbf;employees.dbf;6;EMAILNAME;C;символьный;50;0;допускает NULL
ARXIV/UDH3/Vfp98/Wizards/Template/Time And Billing/Data/employees.dbf;employees.dbf;7;EXTENSION;C;символьный;30;0;допускает NULL
ARXIV/UDH3/Vfp98/Wizards/Template/Time And Billing/Data/employees.dbf;employees.dbf;8;ADDRESS;M;memo (текст);4;0;допускает NULL
ARXIV/UDH3/Vfp98/Wizards/Template/Time And Billing/Data/employees.dbf;employees.dbf;9;CITY;C;символьный;50;0;допускает NULL
ARXIV/UDH3/Vfp98/Wizards/Template/Time And Billing/Data/employees.dbf;employees.dbf;10;STATEORPRO;C;символьный;20;0;допускает NULL
ARXIV/UDH3/Vfp98/Wizards/Template/Time And Billing/Data/employees.dbf;employees.dbf;11;POSTALCODE;C;символьный;20;0;допускает NULL
ARXIV/UDH3/Vfp98/Wizards/Template/Time And Billing/Data/employees.dbf;employees.dbf;12;COUNTRY;C;символьный;50;0;допускает NULL
ARXIV/UDH3/Vfp98/Wizards/Template/Time And Billing/Data/employees.dbf;employees.dbf;13;HOMEPHONE;C;символьный;30;0;допускает NULL
ARXIV/UDH3/Vfp98/Wizards/Template/Time And Billing/Data/employees.dbf;employees.dbf;14;WORKPHONE;C;символьный;30;0;допускает NULL
ARXIV/UDH3/Vfp98/Wizards/Template/Time And Billing/Data/employees.dbf;employees.dbf;15;BILLINGRAT;Y;денежный;8;4;допускает NULL, двоичное
ARXIV/UDH3/Vfp98/Wizards/Template/Time And Billing/Data/employees.dbf;employees.dbf;16;_NullFlags;0;системный (_NullFlags);2;0;системное, двоичное
ARXIV/UDH3/Vfp98/Wizards/Template/Time And Billing/Data/expense codes.dbf;expense codes.dbf;1;EXPENSECOD;I;целый;4;0;допускает NULL, двоичное
ARXIV/UDH3/Vfp98/Wizards/Template/Time And Billing/Data/expense codes.dbf;expense codes.dbf;2;EXPENSECO2;C;символьный;30;0;допускает NULL
ARXIV/UDH3/Vfp98/Wizards/Template/Time And Billing/Data/expense codes.dbf;expense codes.dbf;3;_NullFlags;0;системный (_NullFlags);1;0;системное, двоичное
ARXIV/UDH3/Vfp98/Wizards/Template/Time And Billing/Data/my company information.dbf;my company information.dbf;1;SETUPID;I;целый;4;0;допускает NULL, двоичное
ARXIV/UDH3/Vfp98/Wizards/Template/Time And Billing/Data/my company information.dbf;my company information.dbf;2;COMPANYNAM;C;символьный;50;0;допускает NULL
ARXIV/UDH3/Vfp98/Wizards/Template/Time And Billing/Data/my company information.dbf;my company information.dbf;3;ADDRESS;M;memo (текст);4;0;допускает NULL
ARXIV/UDH3/Vfp98/Wizards/Template/Time And Billing/Data/my company information.dbf;my company information.dbf;4;CITY;C;символьный;50;0;допускает NULL
ARXIV/UDH3/Vfp98/Wizards/Template/Time And Billing/Data/my company information.dbf;my company information.dbf;5;STATEORPRO;C;символьный;20;0;допускает NULL
ARXIV/UDH3/Vfp98/Wizards/Template/Time And Billing/Data/my company information.dbf;my company information.dbf;6;POSTALCODE;C;символьный;20;0;допускает NULL
ARXIV/UDH3/Vfp98/Wizards/Template/Time And Billing/Data/my company information.dbf;my company information.dbf;7;COUNTRY;C;символьный;50;0;допускает NULL
ARXIV/UDH3/Vfp98/Wizards/Template/Time And Billing/Data/my company information.dbf;my company information.dbf;8;PHONENUMBE;C;символьный;30;0;допускает NULL
ARXIV/UDH3/Vfp98/Wizards/Template/Time And Billing/Data/my company information.dbf;my company information.dbf;9;FAXNUMBER;C;символьный;30;0;допускает NULL
ARXIV/UDH3/Vfp98/Wizards/Template/Time And Billing/Data/my company information.dbf;my company information.dbf;10;DEFAULTPAY;M;memo (текст);4;0;допускает NULL
ARXIV/UDH3/Vfp98/Wizards/Template/Time And Billing/Data/my company information.dbf;my company information.dbf;11;DEFAULTINV;M;memo (текст);4;0;допускает NULL
ARXIV/UDH3/Vfp98/Wizards/Template/Time And Billing/Data/my company information.dbf;my company information.dbf;12;_NullFlags;0;системный (_NullFlags);2;0;системное, двоичное
ARXIV/UDH3/Vfp98/Wizards/Template/Time And Billing/Data/payment methods.dbf;payment methods.dbf;1;PAYMENTMET;I;целый;4;0;допускает NULL, двоичное
ARXIV/UDH3/Vfp98/Wizards/Template/Time And Billing/Data/payment methods.dbf;payment methods.dbf;2;PAYMENTME2;C;символьный;50;0;допускает NULL
ARXIV/UDH3/Vfp98/Wizards/Template/Time And Billing/Data/payment methods.dbf;payment methods.dbf;3;CREDITCARD;L;логический;1;0;допускает NULL
ARXIV/UDH3/Vfp98/Wizards/Template/Time And Billing/Data/payment methods.dbf;payment methods.dbf;4;_NullFlags;0;системный (_NullFlags);1;0;системное, двоичное
ARXIV/UDH3/Vfp98/Wizards/Template/Time And Billing/Data/time card expenses.dbf;time card expenses.dbf;1;TIMECARDEX;I;целый;4;0;допускает NULL, двоичное
ARXIV/UDH3/Vfp98/Wizards/Template/Time And Billing/Data/time card expenses.dbf;time card expenses.dbf;2;TIMECARDID;I;целый;4;0;допускает NULL, двоичное
ARXIV/UDH3/Vfp98/Wizards/Template/Time And Billing/Data/time card expenses.dbf;time card expenses.dbf;3;EXPENSEDAT;T;дата-время;8;0;допускает NULL, двоичное
ARXIV/UDH3/Vfp98/Wizards/Template/Time And Billing/Data/time card expenses.dbf;time card expenses.dbf;4;PROJECTID;I;целый;4;0;допускает NULL, двоичное
ARXIV/UDH3/Vfp98/Wizards/Template/Time And Billing/Data/time card expenses.dbf;time card expenses.dbf;5;EXPENSEDES;M;memo (текст);4;0;допускает NULL
ARXIV/UDH3/Vfp98/Wizards/Template/Time And Billing/Data/time card expenses.dbf;time card expenses.dbf;6;EXPENSEAMO;Y;денежный;8;4;допускает NULL, двоичное
ARXIV/UDH3/Vfp98/Wizards/Template/Time And Billing/Data/time card expenses.dbf;time card expenses.dbf;7;EXPENSECOD;I;целый;4;0;допускает NULL, двоичное
ARXIV/UDH3/Vfp98/Wizards/Template/Time And Billing/Data/time card expenses.dbf;time card expenses.dbf;8;_NullFlags;0;системный (_NullFlags);1;0;системное, двоичное
ARXIV/UDH3/Vfp98/Wizards/Template/Time And Billing/Data/time card hours.dbf;time card hours.dbf;1;TIMECARDDE;I;целый;4;0;допускает NULL, двоичное
ARXIV/UDH3/Vfp98/Wizards/Template/Time And Billing/Data/time card hours.dbf;time card hours.dbf;2;TIMECARDID;I;целый;4;0;допускает NULL, двоичное
ARXIV/UDH3/Vfp98/Wizards/Template/Time And Billing/Data/time card hours.dbf;time card hours.dbf;3;DATEWORKED;T;дата-время;8;0;допускает NULL, двоичное
ARXIV/UDH3/Vfp98/Wizards/Template/Time And Billing/Data/time card hours.dbf;time card hours.dbf;4;PROJECTID;I;целый;4;0;допускает NULL, двоичное
ARXIV/UDH3/Vfp98/Wizards/Template/Time And Billing/Data/time card hours.dbf;time card hours.dbf;5;WORKDESCRI;M;memo (текст);4;0;допускает NULL
ARXIV/UDH3/Vfp98/Wizards/Template/Time And Billing/Data/time card hours.dbf;time card hours.dbf;6;BILLABLEHO;B;неизвестный;8;2;допускает NULL, двоичное
ARXIV/UDH3/Vfp98/Wizards/Template/Time And Billing/Data/time card hours.dbf;time card hours.dbf;7;BILLINGRAT;Y;денежный;8;4;допускает NULL, двоичное
ARXIV/UDH3/Vfp98/Wizards/Template/Time And Billing/Data/time card hours.dbf;time card hours.dbf;8;WORKCODEID;I;целый;4;0;допускает NULL, двоичное
ARXIV/UDH3/Vfp98/Wizards/Template/Time And Billing/Data/time card hours.dbf;time card hours.dbf;9;_NullFlags;0;системный (_NullFlags);1;0;системное, двоичное
ARXIV/UDH3/Vfp98/Wizards/Template/Time And Billing/Data/time cards.dbf;time cards.dbf;1;TIMECARDID;I;целый;4;0;допускает NULL, двоичное
ARXIV/UDH3/Vfp98/Wizards/Template/Time And Billing/Data/time cards.dbf;time cards.dbf;2;EMPLOYEEID;I;целый;4;0;допускает NULL, двоичное
ARXIV/UDH3/Vfp98/Wizards/Template/Time And Billing/Data/time cards.dbf;time cards.dbf;3;DATEENTERE;T;дата-время;8;0;допускает NULL, двоичное
ARXIV/UDH3/Vfp98/Wizards/Template/Time And Billing/Data/time cards.dbf;time cards.dbf;4;_NullFlags;0;системный (_NullFlags);1;0;системное, двоичное
ARXIV/UDH3/Vfp98/Wizards/Template/Time And Billing/Data/work codes.dbf;work codes.dbf;1;WORKCODEID;I;целый;4;0;допускает NULL, двоичное
ARXIV/UDH3/Vfp98/Wizards/Template/Time And Billing/Data/work codes.dbf;work codes.dbf;2;WORKCODE;C;символьный;30;0;допускает NULL
ARXIV/UDH3/Vfp98/Wizards/Template/Time And Billing/Data/work codes.dbf;work codes.dbf;3;_NullFlags;0;системный (_NullFlags);1;0;системное, двоичное
ARXIV/UDH3/Vfp98/Wizards/Template/Video Collection/Data/ACTORS.DBF;ACTORS.DBF;1;ACTORID;I;целый;4;0;двоичное
ARXIV/UDH3/Vfp98/Wizards/Template/Video Collection/Data/ACTORS.DBF;ACTORS.DBF;2;LASTNAME;C;символьный;50;0;
ARXIV/UDH3/Vfp98/Wizards/Template/Video Collection/Data/ACTORS.DBF;ACTORS.DBF;3;FIRSTNAME;C;символьный;50;0;
ARXIV/UDH3/Vfp98/Wizards/Template/Video Collection/Data/ACTORS.DBF;ACTORS.DBF;4;BIRTHDATE;T;дата-время;8;0;двоичное
ARXIV/UDH3/Vfp98/Wizards/Template/Video Collection/Data/program types.dbf;program types.dbf;1;PROGRAMTYP;I;целый;4;0;двоичное
ARXIV/UDH3/Vfp98/Wizards/Template/Video Collection/Data/program types.dbf;program types.dbf;2;PROGRAMTY2;C;символьный;50;0;
ARXIV/UDH3/Vfp98/Wizards/Template/Video Collection/Data/programactorjoin.dbf;programactorjoin.dbf;1;PROGRAMACT;I;целый;4;0;двоичное
ARXIV/UDH3/Vfp98/Wizards/Template/Video Collection/Data/programactorjoin.dbf;programactorjoin.dbf;2;PROGRAMID;I;целый;4;0;двоичное
ARXIV/UDH3/Vfp98/Wizards/Template/Video Collection/Data/programactorjoin.dbf;programactorjoin.dbf;3;ACTORID;I;целый;4;0;двоичное
ARXIV/UDH3/Vfp98/Wizards/Template/Video Collection/Data/video programs.dbf;video programs.dbf;1;PROGRAMID;I;целый;4;0;двоичное
ARXIV/UDH3/Vfp98/Wizards/Template/Video Collection/Data/video programs.dbf;video programs.dbf;2;PROGRAMNAM;C;символьный;50;0;
ARXIV/UDH3/Vfp98/Wizards/Template/Video Collection/Data/video programs.dbf;video programs.dbf;3;SPEEDTAPED;C;символьный;20;0;
ARXIV/UDH3/Vfp98/Wizards/Template/Video Collection/Data/video programs.dbf;video programs.dbf;4;VIDEOTAPEI;I;целый;4;0;двоичное
ARXIV/UDH3/Vfp98/Wizards/Template/Video Collection/Data/video programs.dbf;video programs.dbf;5;PROGRAMTYP;I;целый;4;0;двоичное
ARXIV/UDH3/Vfp98/Wizards/Template/Video Collection/Data/video programs.dbf;video programs.dbf;6;RECORDINGD;T;дата-время;8;0;двоичное
ARXIV/UDH3/Vfp98/Wizards/Template/Video Collection/Data/video programs.dbf;video programs.dbf;7;LENGTH;C;символьный;20;0;
ARXIV/UDH3/Vfp98/Wizards/Template/Video Collection/Data/video programs.dbf;video programs.dbf;8;COUNTERPOS;B;неизвестный;8;2;двоичное
ARXIV/UDH3/Vfp98/Wizards/Template/Video Collection/Data/video programs.dbf;video programs.dbf;9;DIRECTOR;C;символьный;30;0;
ARXIV/UDH3/Vfp98/Wizards/Template/Video Collection/Data/video programs.dbf;video programs.dbf;10;PRODUCER;C;символьный;30;0;
ARXIV/UDH3/Vfp98/Wizards/Template/Video Collection/Data/video programs.dbf;video programs.dbf;11;YEARRELEAS;I;целый;4;0;двоичное
ARXIV/UDH3/Vfp98/Wizards/Template/Video Collection/Data/video programs.dbf;video programs.dbf;12;RATING;C;символьный;20;0;
ARXIV/UDH3/Vfp98/Wizards/Template/Video Collection/Data/video programs.dbf;video programs.dbf;13;SUBJECT;M;memo (текст);4;0;
ARXIV/UDH3/Vfp98/Wizards/Template/Video Collection/Data/video programs.dbf;video programs.dbf;14;DATEACQUIR;T;дата-время;8;0;двоичное
ARXIV/UDH3/Vfp98/Wizards/Template/Video Collection/Data/video programs.dbf;video programs.dbf;15;PURCHASEDA;C;символьный;50;0;
ARXIV/UDH3/Vfp98/Wizards/Template/Video Collection/Data/video programs.dbf;video programs.dbf;16;PURCHASEPR;Y;денежный;8;4;двоичное
ARXIV/UDH3/Vfp98/Wizards/Template/Video Collection/Data/video programs.dbf;video programs.dbf;17;REVIEW;M;memo (текст);4;0;
ARXIV/UDH3/Vfp98/Wizards/Template/Video Collection/Data/video programs.dbf;video programs.dbf;18;NOTES;M;memo (текст);4;0;
ARXIV/UDH3/Vfp98/Wizards/Template/Video Collection/Data/videotapes.dbf;videotapes.dbf;1;VIDEOTAPEI;I;целый;4;0;двоичное
ARXIV/UDH3/Vfp98/Wizards/Template/Video Collection/Data/videotapes.dbf;videotapes.dbf;2;DESCRIPTIO;M;memo (текст);4;0;
ARXIV/UDH3/Vfp98/Wizards/Template/Wine List/Data/wine list.dbf;wine list.dbf;1;WINELISTID;I;целый;4;0;двоичное
ARXIV/UDH3/Vfp98/Wizards/Template/Wine List/Data/wine list.dbf;wine list.dbf;2;WINENAME;C;символьный;50;0;
ARXIV/UDH3/Vfp98/Wizards/Template/Wine List/Data/wine list.dbf;wine list.dbf;3;VINEYARD;C;символьный;50;0;
ARXIV/UDH3/Vfp98/Wizards/Template/Wine List/Data/wine list.dbf;wine list.dbf;4;VINTAGE;I;целый;4;0;двоичное
ARXIV/UDH3/Vfp98/Wizards/Template/Wine List/Data/wine list.dbf;wine list.dbf;5;WINETYPEID;I;целый;4;0;двоичное
ARXIV/UDH3/Vfp98/Wizards/Template/Wine List/Data/wine list.dbf;wine list.dbf;6;COLOR;C;символьный;30;0;
ARXIV/UDH3/Vfp98/Wizards/Template/Wine List/Data/wine list.dbf;wine list.dbf;7;SWEETORDRY;C;символьный;20;0;
ARXIV/UDH3/Vfp98/Wizards/Template/Wine List/Data/wine list.dbf;wine list.dbf;8;COUNTRYOFO;C;символьный;50;0;
ARXIV/UDH3/Vfp98/Wizards/Template/Wine List/Data/wine list.dbf;wine list.dbf;9;REGION;C;символьный;50;0;
ARXIV/UDH3/Vfp98/Wizards/Template/Wine List/Data/wine list.dbf;wine list.dbf;10;SERVINGINS;M;memo (текст);4;0;
ARXIV/UDH3/Vfp98/Wizards/Template/Wine List/Data/wine list.dbf;wine list.dbf;11;PERCENTALC;B;неизвестный;8;2;двоичное
ARXIV/UDH3/Vfp98/Wizards/Template/Wine List/Data/wine list.dbf;wine list.dbf;12;MARKETVALU;Y;денежный;8;4;двоичное
ARXIV/UDH3/Vfp98/Wizards/Template/Wine List/Data/wine list.dbf;wine list.dbf;13;BOTTLESIZE;B;неизвестный;8;2;двоичное
ARXIV/UDH3/Vfp98/Wizards/Template/Wine List/Data/wine list.dbf;wine list.dbf;14;NOTES;M;memo (текст);4;0;
ARXIV/UDH3/Vfp98/Wizards/Template/Wine List/Data/wine purchases.dbf;wine purchases.dbf;1;WINEPURCHA;I;целый;4;0;двоичное
ARXIV/UDH3/Vfp98/Wizards/Template/Wine List/Data/wine purchases.dbf;wine purchases.dbf;2;WINELISTID;I;целый;4;0;двоичное
ARXIV/UDH3/Vfp98/Wizards/Template/Wine List/Data/wine purchases.dbf;wine purchases.dbf;3;DATEPURCHA;T;дата-время;8;0;двоичное
ARXIV/UDH3/Vfp98/Wizards/Template/Wine List/Data/wine purchases.dbf;wine purchases.dbf;4;PURCHASELO;C;символьный;50;0;
ARXIV/UDH3/Vfp98/Wizards/Template/Wine List/Data/wine purchases.dbf;wine purchases.dbf;5;BOTTLESIZE;B;неизвестный;8;2;двоичное
ARXIV/UDH3/Vfp98/Wizards/Template/Wine List/Data/wine purchases.dbf;wine purchases.dbf;6;QUANTITY;B;неизвестный;8;2;двоичное
ARXIV/UDH3/Vfp98/Wizards/Template/Wine List/Data/wine purchases.dbf;wine purchases.dbf;7;UNITPRICE;Y;денежный;8;4;двоичное
ARXIV/UDH3/Vfp98/Wizards/Template/Wine List/Data/wine purchases.dbf;wine purchases.dbf;8;COMMENTS;M;memo (текст);4;0;
ARXIV/UDH3/Vfp98/Wizards/Template/Wine List/Data/wine types.dbf;wine types.dbf;1;WINETYPEID;I;целый;4;0;двоичное
ARXIV/UDH3/Vfp98/Wizards/Template/Wine List/Data/wine types.dbf;wine types.dbf;2;WINETYPE;C;символьный;50;0;
ARXIV/UDH3/Vfp98/Wizards/Template/Workout/Data/UNITS.DBF;UNITS.DBF;1;UNITSID;I;целый;4;0;двоичное
ARXIV/UDH3/Vfp98/Wizards/Template/Workout/Data/UNITS.DBF;UNITS.DBF;2;UNITS;C;символьный;30;0;
ARXIV/UDH3/Vfp98/Wizards/Template/Workout/Data/WORKOUTS.DBF;WORKOUTS.DBF;1;WORKOUTID;I;целый;4;0;двоичное
ARXIV/UDH3/Vfp98/Wizards/Template/Workout/Data/WORKOUTS.DBF;WORKOUTS.DBF;2;WORKOUTDES;M;memo (текст);4;0;
ARXIV/UDH3/Vfp98/Wizards/Template/Workout/Data/WORKOUTS.DBF;WORKOUTS.DBF;3;DATEENTERE;T;дата-время;8;0;двоичное
ARXIV/UDH3/Vfp98/Wizards/Template/Workout/Data/exercise types.dbf;exercise types.dbf;1;EXERCISETY;I;целый;4;0;двоичное
ARXIV/UDH3/Vfp98/Wizards/Template/Workout/Data/exercise types.dbf;exercise types.dbf;2;EXERCISET2;C;символьный;50;0;
ARXIV/UDH3/Vfp98/Wizards/Template/Workout/Data/exercises.dbf;exercises.dbf;1;EXERCISEID;I;целый;4;0;двоичное
ARXIV/UDH3/Vfp98/Wizards/Template/Workout/Data/exercises.dbf;exercises.dbf;2;EXERCISENA;C;символьный;50;0;
ARXIV/UDH3/Vfp98/Wizards/Template/Workout/Data/exercises.dbf;exercises.dbf;3;EXERCISEDE;M;memo (текст);4;0;
ARXIV/UDH3/Vfp98/Wizards/Template/Workout/Data/exercises.dbf;exercises.dbf;4;UNITSID;I;целый;4;0;двоичное
ARXIV/UDH3/Vfp98/Wizards/Template/Workout/Data/exercises.dbf;exercises.dbf;5;DEFAULTSET;B;неизвестный;8;2;двоичное
ARXIV/UDH3/Vfp98/Wizards/Template/Workout/Data/exercises.dbf;exercises.dbf;6;DEFAULTREP;B;неизвестный;8;2;двоичное
ARXIV/UDH3/Vfp98/Wizards/Template/Workout/Data/exercises.dbf;exercises.dbf;7;DEFAULTWEI;B;неизвестный;8;2;двоичное
ARXIV/UDH3/Vfp98/Wizards/Template/Workout/Data/exercises.dbf;exercises.dbf;8;EXERCISETY;I;целый;4;0;двоичное
ARXIV/UDH3/Vfp98/Wizards/Template/Workout/Data/workout details.dbf;workout details.dbf;1;WORKOUTDET;I;целый;4;0;двоичное
ARXIV/UDH3/Vfp98/Wizards/Template/Workout/Data/workout details.dbf;workout details.dbf;2;WORKOUTID;I;целый;4;0;двоичное
ARXIV/UDH3/Vfp98/Wizards/Template/Workout/Data/workout details.dbf;workout details.dbf;3;EXERCISEID;I;целый;4;0;двоичное
ARXIV/UDH3/Vfp98/Wizards/Template/Workout/Data/workout details.dbf;workout details.dbf;4;SETS;B;неизвестный;8;2;двоичное
ARXIV/UDH3/Vfp98/Wizards/Template/Workout/Data/workout details.dbf;workout details.dbf;5;REPSORDURA;B;неизвестный;8;2;двоичное
ARXIV/UDH3/Vfp98/Wizards/Template/Workout/Data/workout details.dbf;workout details.dbf;6;UNITSID;I;целый;4;0;двоичное
ARXIV/UDH3/Vfp98/Wizards/Template/Workout/Data/workout details.dbf;workout details.dbf;7;WEIGHTORSE;B;неизвестный;8;2;двоичное
ARXIV/UDH3/Vfp98/Wizards/Template/Workout/Data/workout history.dbf;workout history.dbf;1;WORKOUTHIS;I;целый;4;0;двоичное
ARXIV/UDH3/Vfp98/Wizards/Template/Workout/Data/workout history.dbf;workout history.dbf;2;WORKOUTDAT;T;дата-время;8;0;двоичное
ARXIV/UDH3/Vfp98/Wizards/Template/Workout/Data/workout history.dbf;workout history.dbf;3;WORKOUTID;I;целый;4;0;двоичное
ARXIV/UDH3/Vfp98/Wizards/Template/Workout/Data/workout history.dbf;workout history.dbf;4;COMMENTS;M;memo (текст);4;0;
