Путь;Каталог;Имя файла;Расширение;Размер, байт;Изменён;Разбор;Формат по содержимому;Статус
ARXIV/BAğ-HESABAT(Bağçılığlar).xls;ARXIV;BAğ-HESABAT(Bağçılığlar).xls;.xls;421376;2020-02-12 10:37:17;Excel;xls (BIFF8);ok
ARXIV/Ozallasma-abş-reg- yeni.xls;ARXIV;Ozallasma-abş-reg- yeni.xls;.xls;19379200;2026-07-30 04:41:10;Excel;xls (BIFF8);ok
ARXIV/PROTOKOLLAR baza bağ.xls;ARXIV;PROTOKOLLAR baza bağ.xls;.xls;80384;2026-07-14 05:56:56;Excel;xls (BIFF8);ok
ARXIV/Pasport ƏMDK-əsas.xls;ARXIV;Pasport ƏMDK-əsas.xls;.xls;2802176;2026-07-18 11:36:06;Excel;xls (BIFF8);ok
ARXIV/TORPAQ KOMİTESİ 03.06.2020 - Copy Şifrə (4687).xlsx;ARXIV;TORPAQ KOMİTESİ 03.06.2020 - Copy Şifrə (4687).xlsx;.xlsx;4972544;2026-07-30 06:50:16;Excel;OLE2, зашифрован;зашифрован паролем, структура недоступна (книга xlsx под паролем)
ARXIV/YOLDASHLIQ SIYAHISI.xls;ARXIV;YOLDASHLIQ SIYAHISI.xls;.xls;200704;2024-04-15 08:39:11;Excel;xls (BIFF8);ok
ARXIV/order.xlsx;ARXIV;order.xlsx;.xlsx;5277517;2026-07-24 07:31:27;Excel;xlsx;ok
ARXIV/Fərdi yaş və qarajlar/Balaxanı həy evi.xls;ARXIV/Fərdi yaş və qarajlar;Balaxanı həy evi.xls;.xls;169472;2024-07-23 05:10:49;Excel;xls (BIFF8);ok
ARXIV/Fərdi yaş və qarajlar/Bilqəh-Bakıx həy evi.xls;ARXIV/Fərdi yaş və qarajlar;Bilqəh-Bakıx həy evi.xls;.xls;219136;2025-11-14 13:15:07;Excel;xls (BIFF8);ok
ARXIV/Fərdi yaş və qarajlar/Bülbülə həy evi.xls;ARXIV/Fərdi yaş və qarajlar;Bülbülə həy evi.xls;.xls;253440;2025-12-12 12:22:29;Excel;xls (BIFF8);ok
ARXIV/Fərdi yaş və qarajlar/Fərdi yaş ev.SS.xlsx;ARXIV/Fərdi yaş və qarajlar;Fərdi yaş ev.SS.xlsx;.xlsx;107088;2025-02-12 08:43:29;Excel;xlsx;ok
ARXIV/Fərdi yaş və qarajlar/Hövsan həy evi.xls;ARXIV/Fərdi yaş və qarajlar;Hövsan həy evi.xls;.xls;106496;2025-12-25 12:23:08;Excel;xls (BIFF8);ok
ARXIV/Fərdi yaş və qarajlar/Köhnə Texniki-pasportlar (qutuda olanlar).xlsx;ARXIV/Fərdi yaş və qarajlar;Köhnə Texniki-pasportlar (qutuda olanlar).xlsx;.xlsx;903289;2026-04-23 08:08:07;Excel;xlsx;ok
ARXIV/Fərdi yaş və qarajlar/Kürdaxanı həyət evi.xls;ARXIV/Fərdi yaş və qarajlar;Kürdaxanı həyət evi.xls;.xls;104960;2025-12-03 06:38:17;Excel;xls (BIFF8);ok
ARXIV/Fərdi yaş və qarajlar/Mərd-Şüv həyət evi.lnk;ARXIV/Fərdi yaş və qarajlar;Mərd-Şüv həyət evi.lnk;.lnk;880;2017-01-10 12:05:07;;;ok
ARXIV/Fərdi yaş və qarajlar/Mərdəkan, Şüvəlan həyət evi.xls;ARXIV/Fərdi yaş və qarajlar;Mərdəkan, Şüvəlan həyət evi.xls;.xls;539648;2026-07-06 07:13:21;Excel;xls (BIFF8);ok
ARXIV/Fərdi yaş və qarajlar/Nard-Sabuncu həy evi.xls;ARXIV/Fərdi yaş və qarajlar;Nard-Sabuncu həy evi.xls;.xls;274432;2025-09-24 07:14:47;Excel;xls (BIFF8);ok
ARXIV/Fərdi yaş və qarajlar/Pirşağı həy evi.xls;ARXIV/Fərdi yaş və qarajlar;Pirşağı həy evi.xls;.xls;96256;2025-10-22 05:58:57;Excel;xls (BIFF8);ok
ARXIV/Fərdi yaş və qarajlar/Qaracuxur həy evi.xls;ARXIV/Fərdi yaş və qarajlar;Qaracuxur həy evi.xls;.xls;258560;2026-03-19 04:45:20;Excel;xls (BIFF8);ok
ARXIV/Fərdi yaş və qarajlar/Qaradağ həy evi.xls;ARXIV/Fərdi yaş və qarajlar;Qaradağ həy evi.xls;.xls;1136640;2025-11-21 05:29:35;Excel;xls (BIFF8);ok
ARXIV/Fərdi yaş və qarajlar/Ramana həy evi.xls;ARXIV/Fərdi yaş və qarajlar;Ramana həy evi.xls;.xls;117760;2024-12-05 08:33:49;Excel;xls (BIFF8);ok
ARXIV/Fərdi yaş və qarajlar/Surax-Əmircan hey evi.xls;ARXIV/Fərdi yaş və qarajlar;Surax-Əmircan hey evi.xls;.xls;383488;2026-07-17 08:29:45;Excel;xls (BIFF8);ok
ARXIV/Fərdi yaş və qarajlar/Türkan-Qala həy evi.xls;ARXIV/Fərdi yaş və qarajlar;Türkan-Qala həy evi.xls;.xls;307712;2023-10-04 13:20:15;Excel;xls (BIFF8);ok
ARXIV/Fərdi yaş və qarajlar/Vişnyovka, Dübəndi, Xaşa-Xuna.xlsx;ARXIV/Fərdi yaş və qarajlar;Vişnyovka, Dübəndi, Xaşa-Xuna.xlsx;.xlsx;28571;2025-04-17 10:41:43;Excel;xlsx;ok
ARXIV/Fərdi yaş və qarajlar/Vorovski-Rəsulzadə-Biləc həy evi.xls;ARXIV/Fərdi yaş və qarajlar;Vorovski-Rəsulzadə-Biləc həy evi.xls;.xls;496640;2026-05-19 07:36:54;Excel;xls (BIFF8);ok
ARXIV/Fərdi yaş və qarajlar/Yasamal həyət evi.xls;ARXIV/Fərdi yaş və qarajlar;Yasamal həyət evi.xls;.xls;7302656;2026-03-19 05:18:42;Excel;xls (BIFF8);ok
ARXIV/Fərdi yaş və qarajlar/Zığ həy evi.xls;ARXIV/Fərdi yaş və qarajlar;Zığ həy evi.xls;.xls;150016;2022-12-26 07:52:18;Excel;xls (BIFF8);ok
ARXIV/Fərdi yaş və qarajlar/binəqədi.xls;ARXIV/Fərdi yaş və qarajlar;binəqədi.xls;.xls;212480;2026-04-07 06:40:37;Excel;xls (BIFF8);ok
ARXIV/Fərdi yaş və qarajlar/~$Fərdi yaş ev.SS.xlsx;ARXIV/Fərdi yaş və qarajlar;~$Fərdi yaş ev.SS.xlsx;.xlsx;165;2026-03-19 05:21:42;;;временный файл Excel (~$), пропущен
ARXIV/Fərdi yaş və qarajlar/~$Köhnə Texniki-pasportlar (qutuda olanlar).xlsx;ARXIV/Fərdi yaş və qarajlar;~$Köhnə Texniki-pasportlar (qutuda olanlar).xlsx;.xlsx;165;2020-10-30 05:14:18;;;временный файл Excel (~$), пропущен
ARXIV/Fərdi yaş və qarajlar/Əhmədli həy evi.xls;ARXIV/Fərdi yaş və qarajlar;Əhmədli həy evi.xls;.xls;169472;2026-05-19 06:09:59;Excel;xls (BIFF8);ok
ARXIV/Fərdi yaş və qarajlar/Ярлык для Maştağa həyət evi.lnk;ARXIV/Fərdi yaş və qarajlar;Ярлык для Maştağa həyət evi.lnk;.lnk;874;2017-01-10 12:05:07;;;ok
ARXIV/Fərdi yaş və qarajlar/Ярлык для Nizami-Keşlə həy evi.lnk;ARXIV/Fərdi yaş və qarajlar;Ярлык для Nizami-Keşlə həy evi.lnk;.lnk;894;2017-01-10 12:05:07;;;ok
ARXIV/Fərdi yaş və qarajlar/Ярлык для Nərimanov həyət evi.lnk;ARXIV/Fərdi yaş və qarajlar;Ярлык для Nərimanov həyət evi.lnk;.lnk;888;2017-01-10 12:05:07;;;ok
ARXIV/Fərdi yaş və qarajlar/Ярлык для Nəsimi həyət evi.lnk;ARXIV/Fərdi yaş və qarajlar;Ярлык для Nəsimi həyət evi.lnk;.lnk;866;2017-01-10 12:05:07;;;ok
ARXIV/Fərdi yaş və qarajlar/Ярлык для Səbayil  həy evi.lnk;ARXIV/Fərdi yaş və qarajlar;Ярлык для Səbayil  həy evi.lnk;.lnk;866;2017-01-10 12:05:07;;;ok
ARXIV/Fərdi yaş və qarajlar/Ярлык для Xətai həyət evleri.lnk;ARXIV/Fərdi yaş və qarajlar;Ярлык для Xətai həyət evleri.lnk;.lnk;880;2017-01-10 12:05:07;;;ok
ARXIV/INVEN/inv/ADRES.DBF;ARXIV/INVEN/inv;ADRES.DBF;.dbf;585;2026-07-30 08:17:26;DBF;Visual FoxPro;ok
ARXIV/INVEN/inv/ALTKEYB.DLL;ARXIV/INVEN/inv;ALTKEYB.DLL;.dll;5217;2026-07-30 08:17:27;;;ok
ARXIV/INVEN/inv/ARJ.EXE;ARXIV/INVEN/inv;ARJ.EXE;.exe;116272;2026-07-30 08:17:27;;;ok
ARXIV/INVEN/inv/ARXIV.DBF;ARXIV/INVEN/inv;ARXIV.DBF;.dbf;1064;2026-07-30 08:17:27;DBF;dBase IV с memo (.dbt);ok
ARXIV/INVEN/inv/AZTCB.TTF;ARXIV/INVEN/inv;AZTCB.TTF;.ttf;44188;2026-07-30 08:17:28;;;ok
ARXIV/INVEN/inv/AZTCBI.TTF;ARXIV/INVEN/inv;AZTCBI.TTF;.ttf;47220;2026-07-30 08:17:28;;;ok
ARXIV/INVEN/inv/AZTCN.TTF;ARXIV/INVEN/inv;AZTCN.TTF;.ttf;44536;2026-07-30 08:17:28;;;ok
ARXIV/INVEN/inv/AZTCNI.TTF;ARXIV/INVEN/inv;AZTCNI.TTF;.ttf;47676;2026-07-30 08:17:28;;;ok
ARXIV/INVEN/inv/AZTLB.TTF;ARXIV/INVEN/inv;AZTLB.TTF;.ttf;49940;2026-07-30 08:17:29;;;ok
ARXIV/INVEN/inv/AZTLBI.TTF;ARXIV/INVEN/inv;AZTLBI.TTF;.ttf;51000;2026-07-30 08:17:29;;;ok
ARXIV/INVEN/inv/AZTLI.TTF;ARXIV/INVEN/inv;AZTLI.TTF;.ttf;52068;2026-07-30 08:17:30;;;ok
ARXIV/INVEN/inv/AZTLN.TTF;ARXIV/INVEN/inv;AZTLN.TTF;.ttf;44844;2026-07-30 08:17:30;;;ok
ARXIV/INVEN/inv/AZ_DOS.KBD;ARXIV/INVEN/inv;AZ_DOS.KBD;.kbd;360;2026-07-30 08:17:30;;;ok
ARXIV/INVEN/inv/BANTAM.DLL;ARXIV/INVEN/inv;BANTAM.DLL;.dll;101376;2026-07-30 08:17:30;;;ok
ARXIV/INVEN/inv/BCB.A01;ARXIV/INVEN/inv;BCB.A01;.a01;169434;2026-07-30 08:17:31;;;ok
ARXIV/INVEN/inv/BCB.ARJ;ARXIV/INVEN/inv;BCB.ARJ;.arj;1212393;2026-07-30 08:17:32;;;ok
ARXIV/INVEN/inv/BCBSMP35.BPL;ARXIV/INVEN/inv;BCBSMP35.BPL;.bpl;187392;2026-07-30 08:17:32;;;ok
ARXIV/INVEN/inv/BDE32.CNT;ARXIV/INVEN/inv;BDE32.CNT;.cnt;20;2026-07-30 08:17:32;;;ok
ARXIV/INVEN/inv/BDE32.TOC;ARXIV/INVEN/inv;BDE32.TOC;.toc;6818;2026-07-30 08:17:32;;;ok
ARXIV/INVEN/inv/BDEADMIN.CNT;ARXIV/INVEN/inv;BDEADMIN.CNT;.cnt;23;2026-07-30 08:17:32;;;ok
ARXIV/INVEN/inv/BDEADMIN.TOC;ARXIV/INVEN/inv;BDEADMIN.TOC;.toc;2472;2026-07-30 08:17:32;;;ok
ARXIV/INVEN/inv/BDEDEP~1.TXT;ARXIV/INVEN/inv;BDEDEP~1.TXT;.txt;12393;2026-07-30 08:17:32;;;ok
ARXIV/INVEN/inv/BDEINST.CAB;ARXIV/INVEN/inv;BDEINST.CAB;.cab;3661561;2026-07-30 08:17:34;;;ok
ARXIV/INVEN/inv/BDEINST.TXT;ARXIV/INVEN/inv;BDEINST.TXT;.txt;1592;2026-07-30 08:17:34;;;ok
ARXIV/INVEN/inv/BDEREA~1.TXT;ARXIV/INVEN/inv;BDEREA~1.TXT;.txt;13159;2026-07-30 08:17:34;;;ok
ARXIV/INVEN/inv/BLW32.DLL;ARXIV/INVEN/inv;BLW32.DLL;.dll;45568;2026-07-30 08:17:34;;;ok
ARXIV/INVEN/inv/BORLNDMM.DLL;ARXIV/INVEN/inv;BORLNDMM.DLL;.dll;29952;2026-07-30 08:17:34;;;ok
ARXIV/INVEN/inv/CEEUROPE.BTL;ARXIV/INVEN/inv;CEEUROPE.BTL;.btl;122170;2026-07-30 08:17:35;;;ok
ARXIV/INVEN/inv/CHARSET.CVB;ARXIV/INVEN/inv;CHARSET.CVB;.cvb;144454;2026-07-30 08:17:35;;;ok
ARXIV/INVEN/inv/COP.BAT;ARXIV/INVEN/inv;COP.BAT;.bat;43;2026-07-30 08:17:36;;;ok
ARXIV/INVEN/inv/CP3240MT.DLL;ARXIV/INVEN/inv;CP3240MT.DLL;.dll;996872;2026-07-30 08:17:36;;;ok
ARXIV/INVEN/inv/CYRWIN.EXE;ARXIV/INVEN/inv;CYRWIN.EXE;.exe;45274;2026-07-30 08:17:36;;;ok
ARXIV/INVEN/inv/EUROPE.BTL;ARXIV/INVEN/inv;EUROPE.BTL;.btl;250896;2026-07-30 08:17:37;;;ok
ARXIV/INVEN/inv/FAREAST.BTL;ARXIV/INVEN/inv;FAREAST.BTL;.btl;517810;2026-07-30 08:17:37;;;ok
ARXIV/INVEN/inv/FIO.DBF;ARXIV/INVEN/inv;FIO.DBF;.dbf;397;2026-07-30 08:17:37;DBF;Visual FoxPro;ok
ARXIV/INVEN/inv/FIOARXIV.DBF;ARXIV/INVEN/inv;FIOARXIV.DBF;.dbf;700987;2026-07-30 08:17:38;DBF;Visual FoxPro;ok
ARXIV/INVEN/inv/FOXUSER.DBF;ARXIV/INVEN/inv;FOXUSER.DBF;.dbf;857;2026-07-30 08:17:38;DBF;Visual FoxPro;ok
ARXIV/INVEN/inv/FOXUSER.FPT;ARXIV/INVEN/inv;FOXUSER.FPT;.fpt;3072;2026-07-30 08:17:38;;;ok
ARXIV/INVEN/inv/IDAPI.CFG;ARXIV/INVEN/inv;IDAPI.CFG;.cfg;81;2026-07-30 08:17:38;;;ok
ARXIV/INVEN/inv/IDAPI32.DLL;ARXIV/INVEN/inv;IDAPI32.DLL;.dll;589312;2026-07-30 08:17:38;;;ok
ARXIV/INVEN/inv/IDASCI32.DLL;ARXIV/INVEN/inv;IDASCI32.DLL;.dll;116224;2026-07-30 08:17:39;;;ok
ARXIV/INVEN/inv/IDBAT32.DLL;ARXIV/INVEN/inv;IDBAT32.DLL;.dll;139264;2026-07-30 08:17:39;;;ok
ARXIV/INVEN/inv/IDDA3532.DLL;ARXIV/INVEN/inv;IDDA3532.DLL;.dll;601600;2026-07-30 08:17:40;;;ok
ARXIV/INVEN/inv/IDDAO32.DLL;ARXIV/INVEN/inv;IDDAO32.DLL;.dll;647168;2026-07-30 08:17:41;;;ok
ARXIV/INVEN/inv/IDDBAS32.DLL;ARXIV/INVEN/inv;IDDBAS32.DLL;.dll;454144;2026-07-30 08:17:42;;;ok
ARXIV/INVEN/inv/IDDR32.DLL;ARXIV/INVEN/inv;IDDR32.DLL;.dll;167936;2026-07-30 08:17:42;;;ok
ARXIV/INVEN/inv/IDODBC32.DLL;ARXIV/INVEN/inv;IDODBC32.DLL;.dll;432640;2026-07-30 08:17:42;;;ok
ARXIV/INVEN/inv/IDPDX32.DLL;ARXIV/INVEN/inv;IDPDX32.DLL;.dll;255488;2026-07-30 08:17:43;;;ok
ARXIV/INVEN/inv/IDQBE32.DLL;ARXIV/INVEN/inv;IDQBE32.DLL;.dll;422400;2026-07-30 08:17:43;;;ok
ARXIV/INVEN/inv/IDR20009.DLL;ARXIV/INVEN/inv;IDR20009.DLL;.dll;116736;2026-07-30 08:17:44;;;ok
ARXIV/INVEN/inv/IDSQL32.DLL;ARXIV/INVEN/inv;IDSQL32.DLL;.dll;464896;2026-07-30 08:17:44;;;ok
ARXIV/INVEN/inv/INDYENI.IDX;ARXIV/INVEN/inv;INDYENI.IDX;.idx;6403072;2026-07-30 08:17:48;;;ok
ARXIV/INVEN/inv/INV.ARJ;ARXIV/INVEN/inv;INV.ARJ;.arj;107939;2026-07-30 08:17:48;;;ok
ARXIV/INVEN/inv/INVEN.EXE;ARXIV/INVEN/inv;INVEN.EXE;.exe;505344;2026-07-30 08:17:48;;;ok
ARXIV/INVEN/inv/INVREAD.EXE;ARXIV/INVEN/inv;INVREAD.EXE;.exe;385536;2026-07-30 08:17:49;;;ok
ARXIV/INVEN/inv/JAPAN.BTL;ARXIV/INVEN/inv;JAPAN.BTL;.btl;880364;2026-07-30 08:17:51;;;ok
ARXIV/INVEN/inv/KONVER.EXE;ARXIV/INVEN/inv;KONVER.EXE;.exe;24964;2026-07-30 08:17:51;;;ok
ARXIV/INVEN/inv/LOCALSQL.CNT;ARXIV/INVEN/inv;LOCALSQL.CNT;.cnt;23;2026-07-30 08:17:51;;;ok
ARXIV/INVEN/inv/LOCALSQL.TOC;ARXIV/INVEN/inv;LOCALSQL.TOC;.toc;2766;2026-07-30 08:17:51;;;ok
ARXIV/INVEN/inv/MULK2.DBF;ARXIV/INVEN/inv;MULK2.DBF;.dbf;1385;2026-07-30 08:19:36;DBF;Visual FoxPro;ok
ARXIV/INVEN/inv/MULKB.DBF;ARXIV/INVEN/inv;MULKB.DBF;.dbf;1654;2026-07-30 08:19:37;DBF;dBase 7;ok
ARXIV/INVEN/inv/MULKB.MDX;ARXIV/INVEN/inv;MULKB.MDX;.mdx;7168;2026-07-30 08:19:37;;;ok
ARXIV/INVEN/inv/MULKN.DBF;ARXIV/INVEN/inv;MULKN.DBF;.dbf;1315;2026-07-30 08:19:38;DBF;Visual FoxPro;ok
ARXIV/INVEN/inv/NOV.DBF;ARXIV/INVEN/inv;NOV.DBF;.dbf;2772;2026-07-30 08:19:38;DBF;Visual FoxPro;ok
ARXIV/INVEN/inv/NTXD.EXE;ARXIV/INVEN/inv;NTXD.EXE;.exe;20830;2026-07-30 08:19:39;;;ok
ARXIV/INVEN/inv/NTXIST.EXE;ARXIV/INVEN/inv;NTXIST.EXE;.exe;20834;2026-07-30 08:19:40;;;ok
ARXIV/INVEN/inv/OTHER.BTL;ARXIV/INVEN/inv;OTHER.BTL;.btl;59950;2026-07-30 08:19:40;;;ok
ARXIV/INVEN/inv/QRPT35.BPL;ARXIV/INVEN/inv;QRPT35.BPL;.bpl;458184;2026-07-30 08:19:41;;;ok
ARXIV/INVEN/inv/RAYON.DBF;ARXIV/INVEN/inv;RAYON.DBF;.dbf;1560;2026-07-30 08:19:43;DBF;Visual FoxPro;ok
ARXIV/INVEN/inv/RavMonLog;ARXIV/INVEN/inv;RavMonLog;;5;2026-07-30 08:19:42;;;ok
ARXIV/INVEN/inv/SVADRES.DBF;ARXIV/INVEN/inv;SVADRES.DBF;.dbf;809;2026-07-30 08:19:43;DBF;Visual FoxPro;ok
ARXIV/INVEN/inv/TARIX2.DBF;ARXIV/INVEN/inv;TARIX2.DBF;.dbf;585;2026-07-30 08:20:12;DBF;Visual FoxPro;ok
ARXIV/INVEN/inv/TARIXB.DBF;ARXIV/INVEN/inv;TARIXB.DBF;.dbf;616;2026-07-30 08:20:13;DBF;Visual FoxPro;ok
ARXIV/INVEN/inv/USA.BTL;ARXIV/INVEN/inv;USA.BTL;.btl;36458;2026-07-30 08:21:06;;;ok
ARXIV/INVEN/inv/VCL35.BPL;ARXIV/INVEN/inv;VCL35.BPL;.bpl;1455736;2026-07-30 08:21:07;;;ok
ARXIV/INVEN/inv/VCLDB35.BPL;ARXIV/INVEN/inv;VCLDB35.BPL;.bpl;728880;2026-07-30 08:21:08;;;ok
ARXIV/INVEN/inv/VCLDBX35.BPL;ARXIV/INVEN/inv;VCLDBX35.BPL;.bpl;68936;2026-07-30 08:21:08;;;ok
ARXIV/INVEN/inv/VCLMID35.BPL;ARXIV/INVEN/inv;VCLMID35.BPL;.bpl;58872;2026-07-30 08:21:09;;;ok
ARXIV/INVEN/inv/VCLSMP35.BPL;ARXIV/INVEN/inv;VCLSMP35.BPL;.bpl;69272;2026-07-30 08:21:09;;;ok
ARXIV/INVEN/inv/VCLX35.BPL;ARXIV/INVEN/inv;VCLX35.BPL;.bpl;245912;2026-07-30 08:21:10;;;ok
ARXIV/INVEN/inv/VDM3.tmp;ARXIV/INVEN/inv;VDM3.tmp;.tmp;0;2026-07-30 08:21:11;;;ok
ARXIV/INVEN/inv/VFP.A01;ARXIV/INVEN/inv;VFP.A01;.a01;939155;2026-07-30 08:21:12;;;ok
ARXIV/INVEN/inv/VFP.ARJ;ARXIV/INVEN/inv;VFP.ARJ;.arj;1212364;2026-07-30 08:21:13;;;ok
ARXIV/INVEN/inv/VFP500.DLL;ARXIV/INVEN/inv;VFP500.DLL;.dll;3220752;2026-07-30 08:21:15;;;ok
ARXIV/INVEN/inv/VFP5ENU.DLL;ARXIV/INVEN/inv;VFP5ENU.DLL;.dll;770560;2026-07-30 08:21:17;;;ok
ARXIV/INVEN/inv/YENI.DBF;ARXIV/INVEN/inv;YENI.DBF;.dbf;5592453;2026-07-30 08:21:21;DBF;Visual FoxPro;ok
ARXIV/INVEN/inv/YENI.EXE;ARXIV/INVEN/inv;YENI.EXE;.exe;31779;2026-07-30 08:21:21;;;ok
ARXIV/INVEN/inv/YENI2.EXE;ARXIV/INVEN/inv;YENI2.EXE;.exe;30283;2026-07-30 08:21:21;;;ok
ARXIV/INVEN/inv/_QSQL000.DBF;ARXIV/INVEN/inv;_QSQL000.DBF;.dbf;994;2026-07-30 08:21:21;DBF;dBase III / FoxPro без memo;ok
ARXIV/INVEN/inv/_QSQL149.DBF;ARXIV/INVEN/inv;_QSQL149.DBF;.dbf;1026;2026-07-30 08:21:22;DBF;dBase III / FoxPro без memo;ok
ARXIV/INVEN/inv/_QSQL189.DBF;ARXIV/INVEN/inv;_QSQL189.DBF;.dbf;1026;2026-07-30 08:21:22;DBF;dBase III / FoxPro без memo;ok
ARXIV/INVEN/inv/_QSQL383.DBF;ARXIV/INVEN/inv;_QSQL383.DBF;.dbf;1090;2026-07-30 08:21:22;DBF;dBase III / FoxPro без memo;ok
ARXIV/INVEN/inv/_QSQL390.DBF;ARXIV/INVEN/inv;_QSQL390.DBF;.dbf;1026;2026-07-30 08:21:22;DBF;dBase III / FoxPro без memo;ok
ARXIV/INVEN/inv/_QSQL395.DBF;ARXIV/INVEN/inv;_QSQL395.DBF;.dbf;1026;2026-07-30 08:21:22;DBF;dBase III / FoxPro без memo;ok
ARXIV/INVEN/inv/_QSQL813.DBF;ARXIV/INVEN/inv;_QSQL813.DBF;.dbf;1090;2026-07-30 08:21:22;DBF;dBase III / FoxPro без memo;ok
ARXIV/INVEN/inv/_QSQL840.DBF;ARXIV/INVEN/inv;_QSQL840.DBF;.dbf;1026;2026-07-30 08:21:22;DBF;dBase III / FoxPro без memo;ok
ARXIV/INVEN/inv/_QSQL876.DBF;ARXIV/INVEN/inv;_QSQL876.DBF;.dbf;17402;2026-07-30 08:21:22;DBF;dBase III / FoxPro без memo;ok
ARXIV/INVEN/inv/_QSQL973.DBF;ARXIV/INVEN/inv;_QSQL973.DBF;.dbf;1026;2026-07-30 08:21:22;DBF;dBase III / FoxPro без memo;ok
ARXIV/INVEN/inv/__KYT982.DBF;ARXIV/INVEN/inv;__KYT982.DBF;.dbf;166;2026-07-30 08:21:23;DBF;dBase 7;ok
ARXIV/INVEN/inv/adres.CDX;ARXIV/INVEN/inv;adres.CDX;.cdx;3072;2026-07-30 08:17:26;;;ok
ARXIV/INVEN/inv/arxiv.DBT;ARXIV/INVEN/inv;arxiv.DBT;.dbt;46080;2026-07-30 08:17:27;;;ok
ARXIV/INVEN/inv/arxiv.MDX;ARXIV/INVEN/inv;arxiv.MDX;.mdx;4096;2026-07-30 08:17:28;;;ok
ARXIV/INVEN/inv/copiy COP.BAT;ARXIV/INVEN/inv;copiy COP.BAT;.bat;43;2026-07-30 08:17:36;;;ok
ARXIV/INVEN/inv/fioarxiv.CDX;ARXIV/INVEN/inv;fioarxiv.CDX;.cdx;610816;2026-07-30 08:17:37;;;ok
ARXIV/INVEN/inv/mulk.BAK;ARXIV/INVEN/inv;mulk.BAK;.bak;123701824;2026-07-30 08:18:46;DBF;Visual FoxPro;ok
ARXIV/INVEN/inv/mulk.CDX;ARXIV/INVEN/inv;mulk.CDX;.cdx;2020352;2026-07-30 08:18:48;;;ok
ARXIV/INVEN/inv/mulk.DBF;ARXIV/INVEN/inv;mulk.DBF;.dbf;130933827;2026-07-30 08:19:36;DBF;Visual FoxPro;ok
ARXIV/INVEN/inv/mulk2.CDX;ARXIV/INVEN/inv;mulk2.CDX;.cdx;4608;2026-07-30 08:19:36;;;ok
ARXIV/INVEN/inv/new.EXE;ARXIV/INVEN/inv;new.EXE;.exe;20722;2026-07-30 08:19:38;;;ok
ARXIV/INVEN/inv/new.rar;ARXIV/INVEN/inv;new.rar;.rar;10435;2026-07-30 08:19:38;;;ok
ARXIV/INVEN/inv/ntxd.BAK;ARXIV/INVEN/inv;ntxd.BAK;.bak;130;2026-07-30 08:19:39;;;ok
ARXIV/INVEN/inv/ntxd.FXP;ARXIV/INVEN/inv;ntxd.FXP;.fxp;356;2026-07-30 08:19:39;;;ok
ARXIV/INVEN/inv/ntxd.PRG;ARXIV/INVEN/inv;ntxd.PRG;.prg;138;2026-07-30 08:19:39;;;ok
ARXIV/INVEN/inv/svadres.CDX;ARXIV/INVEN/inv;svadres.CDX;.cdx;3072;2026-07-30 08:19:43;;;ok
ARXIV/INVEN/inv/tarix.BAK;ARXIV/INVEN/inv;tarix.BAK;.bak;43199148;2026-07-30 08:19:55;DBF;Visual FoxPro;ok
ARXIV/INVEN/inv/tarix.CDX;ARXIV/INVEN/inv;tarix.CDX;.cdx;2212864;2026-07-30 08:19:56;;;ok
ARXIV/INVEN/inv/tarix.DBF;ARXIV/INVEN/inv;tarix.DBF;.dbf;48678476;2026-07-30 08:20:12;DBF;Visual FoxPro;ok
ARXIV/INVEN/inv/tarix2.CDX;ARXIV/INVEN/inv;tarix2.CDX;.cdx;3072;2026-07-30 08:20:12;;;ok
ARXIV/INVEN/inv/ulk.DBF;ARXIV/INVEN/inv;ulk.DBF;.dbf;123778982;2026-07-30 08:21:05;DBF;Visual FoxPro;ok
ARXIV/INVEN/inv/Копия MULK2.CDX;ARXIV/INVEN/inv;Копия MULK2.CDX;.cdx;4608;2026-07-30 08:21:24;;;ok
ARXIV/INVEN/inv/Копия mulk.CDX;ARXIV/INVEN/inv;Копия mulk.CDX;.cdx;2227712;2026-07-30 08:21:24;;;ok
ARXIV/INVEN/inv/ARXIV/ADORTL60.BPL;ARXIV/INVEN/inv/ARXIV;ADORTL60.BPL;.bpl;148992;2026-07-30 08:21:24;;;ok
ARXIV/INVEN/inv/ARXIV/ARXIV.EXE;ARXIV/INVEN/inv/ARXIV;ARXIV.EXE;.exe;1836032;2026-07-30 08:21:29;;;ok
ARXIV/INVEN/inv/ARXIV/BANTAM.DLL;ARXIV/INVEN/inv/ARXIV;BANTAM.DLL;.dll;101376;2026-07-30 08:21:31;;;ok
ARXIV/INVEN/inv/ARXIV/BCBSMP60.BPL;ARXIV/INVEN/inv/ARXIV;BCBSMP60.BPL;.bpl;127488;2026-07-30 08:21:32;;;ok
ARXIV/INVEN/inv/ARXIV/BDE32.CNT;ARXIV/INVEN/inv/ARXIV;BDE32.CNT;.cnt;20;2026-07-30 08:21:33;;;ok
ARXIV/INVEN/inv/ARXIV/BDE32.TOC;ARXIV/INVEN/inv/ARXIV;BDE32.TOC;.toc;6818;2026-07-30 08:21:33;;;ok
ARXIV/INVEN/inv/ARXIV/BDEADMIN.CNT;ARXIV/INVEN/inv/ARXIV;BDEADMIN.CNT;.cnt;23;2026-07-30 08:21:33;;;ok
ARXIV/INVEN/inv/ARXIV/BDEADMIN.TOC;ARXIV/INVEN/inv/ARXIV;BDEADMIN.TOC;.toc;2472;2026-07-30 08:21:33;;;ok
ARXIV/INVEN/inv/ARXIV/BDEDEP~1.TXT;ARXIV/INVEN/inv/ARXIV;BDEDEP~1.TXT;.txt;12393;2026-07-30 08:21:33;;;ok
ARXIV/INVEN/inv/ARXIV/BDEINST.CAB;ARXIV/INVEN/inv/ARXIV;BDEINST.CAB;.cab;3661561;2026-07-30 08:21:37;;;ok
ARXIV/INVEN/inv/ARXIV/BDEINST.TXT;ARXIV/INVEN/inv/ARXIV;BDEINST.TXT;.txt;1592;2026-07-30 08:21:37;;;ok
ARXIV/INVEN/inv/ARXIV/BDEREA~1.TXT;ARXIV/INVEN/inv/ARXIV;BDEREA~1.TXT;.txt;13159;2026-07-30 08:21:37;;;ok
ARXIV/INVEN/inv/ARXIV/BDERTL60.BPL;ARXIV/INVEN/inv/ARXIV;BDERTL60.BPL;.bpl;222208;2026-07-30 08:21:37;;;ok
ARXIV/INVEN/inv/ARXIV/BLW32.DLL;ARXIV/INVEN/inv/ARXIV;BLW32.DLL;.dll;45568;2026-07-30 08:21:39;;;ok
ARXIV/INVEN/inv/ARXIV/BORLNDMM.DLL;ARXIV/INVEN/inv/ARXIV;BORLNDMM.DLL;.dll;22016;2026-07-30 08:21:41;;;ok
ARXIV/INVEN/inv/ARXIV/CC3260MT.DLL;ARXIV/INVEN/inv/ARXIV;CC3260MT.DLL;.dll;1497088;2026-07-30 08:21:42;;;ok
ARXIV/INVEN/inv/ARXIV/CEEUROPE.BTL;ARXIV/INVEN/inv/ARXIV;CEEUROPE.BTL;.btl;122170;2026-07-30 08:21:43;;;ok
ARXIV/INVEN/inv/ARXIV/CHARSET.CVB;ARXIV/INVEN/inv/ARXIV;CHARSET.CVB;.cvb;144454;2026-07-30 08:21:43;;;ok
ARXIV/INVEN/inv/ARXIV/DAC60.BPL;ARXIV/INVEN/inv/ARXIV;DAC60.BPL;.bpl;243200;2026-07-30 08:21:44;;;ok
ARXIV/INVEN/inv/ARXIV/DBRTL60.BPL;ARXIV/INVEN/inv/ARXIV;DBRTL60.BPL;.bpl;254464;2026-07-30 08:21:45;;;ok
ARXIV/INVEN/inv/ARXIV/EUROPE.BTL;ARXIV/INVEN/inv/ARXIV;EUROPE.BTL;.btl;250896;2026-07-30 08:21:46;;;ok
ARXIV/INVEN/inv/ARXIV/FAREAST.BTL;ARXIV/INVEN/inv/ARXIV;FAREAST.BTL;.btl;517810;2026-07-30 08:21:46;;;ok
ARXIV/INVEN/inv/ARXIV/FIO.DBF;ARXIV/INVEN/inv/ARXIV;FIO.DBF;.dbf;412;2026-07-30 08:21:47;DBF;Visual FoxPro;ok
ARXIV/INVEN/inv/ARXIV/IDAPI32.DLL;ARXIV/INVEN/inv/ARXIV;IDAPI32.DLL;.dll;589312;2026-07-30 08:21:47;;;ok
ARXIV/INVEN/inv/ARXIV/IDASCI32.DLL;ARXIV/INVEN/inv/ARXIV;IDASCI32.DLL;.dll;116224;2026-07-30 08:21:47;;;ok
ARXIV/INVEN/inv/ARXIV/IDBAT32.DLL;ARXIV/INVEN/inv/ARXIV;IDBAT32.DLL;.dll;139264;2026-07-30 08:21:48;;;ok
ARXIV/INVEN/inv/ARXIV/IDDA3532.DLL;ARXIV/INVEN/inv/ARXIV;IDDA3532.DLL;.dll;601600;2026-07-30 08:21:49;;;ok
ARXIV/INVEN/inv/ARXIV/IDDAO32.DLL;ARXIV/INVEN/inv/ARXIV;IDDAO32.DLL;.dll;647168;2026-07-30 08:21:50;;;ok
ARXIV/INVEN/inv/ARXIV/IDDBAS32.DLL;ARXIV/INVEN/inv/ARXIV;IDDBAS32.DLL;.dll;454144;2026-07-30 08:21:50;;;ok
ARXIV/INVEN/inv/ARXIV/IDDR32.DLL;ARXIV/INVEN/inv/ARXIV;IDDR32.DLL;.dll;167936;2026-07-30 08:21:50;;;ok
ARXIV/INVEN/inv/ARXIV/IDODBC32.DLL;ARXIV/INVEN/inv/ARXIV;IDODBC32.DLL;.dll;432640;2026-07-30 08:21:50;;;ok
ARXIV/INVEN/inv/ARXIV/IDPDX32.DLL;ARXIV/INVEN/inv/ARXIV;IDPDX32.DLL;.dll;255488;2026-07-30 08:21:51;;;ok
ARXIV/INVEN/inv/ARXIV/IDQBE32.DLL;ARXIV/INVEN/inv/ARXIV;IDQBE32.DLL;.dll;422400;2026-07-30 08:21:51;;;ok
ARXIV/INVEN/inv/ARXIV/IDR20009.DLL;ARXIV/INVEN/inv/ARXIV;IDR20009.DLL;.dll;116736;2026-07-30 08:21:51;;;ok
ARXIV/INVEN/inv/ARXIV/IDSQL32.DLL;ARXIV/INVEN/inv/ARXIV;IDSQL32.DLL;.dll;464896;2026-07-30 08:21:51;;;ok
ARXIV/INVEN/inv/ARXIV/INVEN.SQL;ARXIV/INVEN/inv/ARXIV;INVEN.SQL;.sql;4806;2026-07-30 08:21:51;;;ok
ARXIV/INVEN/inv/ARXIV/JAPAN.BTL;ARXIV/INVEN/inv/ARXIV;JAPAN.BTL;.btl;880364;2026-07-30 08:21:52;;;ok
ARXIV/INVEN/inv/ARXIV/LOCALSQL.CNT;ARXIV/INVEN/inv/ARXIV;LOCALSQL.CNT;.cnt;23;2026-07-30 08:21:52;;;ok
ARXIV/INVEN/inv/ARXIV/LOCALSQL.TOC;ARXIV/INVEN/inv/ARXIV;LOCALSQL.TOC;.toc;2766;2026-07-30 08:21:52;;;ok
ARXIV/INVEN/inv/ARXIV/MESSAGE.ICO;ARXIV/INVEN/inv/ARXIV;MESSAGE.ICO;.ico;766;2026-07-30 08:21:52;;;ok
ARXIV/INVEN/inv/ARXIV/OTHER.BTL;ARXIV/INVEN/inv/ARXIV;OTHER.BTL;.btl;59950;2026-07-30 08:21:52;;;ok
ARXIV/INVEN/inv/ARXIV/QTINTF.DLL;ARXIV/INVEN/inv/ARXIV;QTINTF.DLL;.dll;4163072;2026-07-30 08:21:54;;;ok
ARXIV/INVEN/inv/ARXIV/RTL60.BPL;ARXIV/INVEN/inv/ARXIV;RTL60.BPL;.bpl;676352;2026-07-30 08:21:55;;;ok
ARXIV/INVEN/inv/ARXIV/Thumbs.db;ARXIV/INVEN/inv/ARXIV;Thumbs.db;.db;5632;2026-07-30 08:21:55;;;ok
ARXIV/INVEN/inv/ARXIV/USA.BTL;ARXIV/INVEN/inv/ARXIV;USA.BTL;.btl;36458;2026-07-30 08:21:56;;;ok
ARXIV/INVEN/inv/ARXIV/VCL60.BPL;ARXIV/INVEN/inv/ARXIV;VCL60.BPL;.bpl;1326080;2026-07-30 08:21:56;;;ok
ARXIV/INVEN/inv/ARXIV/VCLDB60.BPL;ARXIV/INVEN/inv/ARXIV;VCLDB60.BPL;.bpl;262656;2026-07-30 08:21:57;;;ok
ARXIV/INVEN/inv/ARXIV/VCLX60.BPL;ARXIV/INVEN/inv/ARXIV;VCLX60.BPL;.bpl;213504;2026-07-30 08:21:57;;;ok
ARXIV/INVEN/inv/ARXIV/VISUA~20.BPL;ARXIV/INVEN/inv/ARXIV;VISUA~20.BPL;.bpl;1059328;2026-07-30 08:21:58;;;ok
ARXIV/INVEN/inv/BDE/BANTAM.DLL;ARXIV/INVEN/inv/BDE;BANTAM.DLL;.dll;101376;2026-07-30 08:22:00;;;ok
ARXIV/INVEN/inv/BDE/BDE32.CNT;ARXIV/INVEN/inv/BDE;BDE32.CNT;.cnt;20;2026-07-30 08:22:00;;;ok
ARXIV/INVEN/inv/BDE/BDE32.TOC;ARXIV/INVEN/inv/BDE;BDE32.TOC;.toc;6818;2026-07-30 08:22:00;;;ok
ARXIV/INVEN/inv/BDE/BDEADMIN.CNT;ARXIV/INVEN/inv/BDE;BDEADMIN.CNT;.cnt;23;2026-07-30 08:22:00;;;ok
ARXIV/INVEN/inv/BDE/BDEADMIN.TOC;ARXIV/INVEN/inv/BDE;BDEADMIN.TOC;.toc;2472;2026-07-30 08:22:01;;;ok
ARXIV/INVEN/inv/BDE/BDEDEP~1.TXT;ARXIV/INVEN/inv/BDE;BDEDEP~1.TXT;.txt;12393;2026-07-30 08:22:01;;;ok
ARXIV/INVEN/inv/BDE/BDEINST.CAB;ARXIV/INVEN/inv/BDE;BDEINST.CAB;.cab;3661561;2026-07-30 08:22:05;;;ok
ARXIV/INVEN/inv/BDE/BDEINST.TXT;ARXIV/INVEN/inv/BDE;BDEINST.TXT;.txt;1592;2026-07-30 08:22:05;;;ok
ARXIV/INVEN/inv/BDE/BDEREA~1.TXT;ARXIV/INVEN/inv/BDE;BDEREA~1.TXT;.txt;13159;2026-07-30 08:22:06;;;ok
ARXIV/INVEN/inv/BDE/BLW32.DLL;ARXIV/INVEN/inv/BDE;BLW32.DLL;.dll;45568;2026-07-30 08:22:07;;;ok
ARXIV/INVEN/inv/BDE/CEEUROPE.BTL;ARXIV/INVEN/inv/BDE;CEEUROPE.BTL;.btl;122170;2026-07-30 08:22:08;;;ok
ARXIV/INVEN/inv/BDE/CHARSET.CVB;ARXIV/INVEN/inv/BDE;CHARSET.CVB;.cvb;144454;2026-07-30 08:22:08;;;ok
ARXIV/INVEN/inv/BDE/EUROPE.BTL;ARXIV/INVEN/inv/BDE;EUROPE.BTL;.btl;250896;2026-07-30 08:22:09;;;ok
ARXIV/INVEN/inv/BDE/FAREAST.BTL;ARXIV/INVEN/inv/BDE;FAREAST.BTL;.btl;517810;2026-07-30 08:22:09;;;ok
ARXIV/INVEN/inv/BDE/FIO.DBF;ARXIV/INVEN/inv/BDE;FIO.DBF;.dbf;397;2026-07-30 08:22:10;DBF;Visual FoxPro;ok
ARXIV/INVEN/inv/BDE/IDAPI.CFG;ARXIV/INVEN/inv/BDE;IDAPI.CFG;.cfg;81;2026-07-30 08:22:10;;;ok
ARXIV/INVEN/inv/BDE/IDAPI32.DLL;ARXIV/INVEN/inv/BDE;IDAPI32.DLL;.dll;589312;2026-07-30 08:22:11;;;ok
ARXIV/INVEN/inv/BDE/IDASCI32.DLL;ARXIV/INVEN/inv/BDE;IDASCI32.DLL;.dll;116224;2026-07-30 08:22:12;;;ok
ARXIV/INVEN/inv/BDE/IDBAT32.DLL;ARXIV/INVEN/inv/BDE;IDBAT32.DLL;.dll;139264;2026-07-30 08:22:12;;;ok
ARXIV/INVEN/inv/BDE/IDDA3532.DLL;ARXIV/INVEN/inv/BDE;IDDA3532.DLL;.dll;601600;2026-07-30 08:22:13;;;ok
ARXIV/INVEN/inv/BDE/IDDAO32.DLL;ARXIV/INVEN/inv/BDE;IDDAO32.DLL;.dll;647168;2026-07-30 08:22:14;;;ok
ARXIV/INVEN/inv/BDE/IDDBAS32.DLL;ARXIV/INVEN/inv/BDE;IDDBAS32.DLL;.dll;454144;2026-07-30 08:22:15;;;ok
ARXIV/INVEN/inv/BDE/IDDR32.DLL;ARXIV/INVEN/inv/BDE;IDDR32.DLL;.dll;167936;2026-07-30 08:22:15;;;ok
ARXIV/INVEN/inv/BDE/IDODBC32.DLL;ARXIV/INVEN/inv/BDE;IDODBC32.DLL;.dll;432640;2026-07-30 08:22:15;;;ok
ARXIV/INVEN/inv/BDE/IDPDX32.DLL;ARXIV/INVEN/inv/BDE;IDPDX32.DLL;.dll;255488;2026-07-30 08:22:16;;;ok
ARXIV/INVEN/inv/BDE/IDQBE32.DLL;ARXIV/INVEN/inv/BDE;IDQBE32.DLL;.dll;422400;2026-07-30 08:22:17;;;ok
ARXIV/INVEN/inv/BDE/IDR20009.DLL;ARXIV/INVEN/inv/BDE;IDR20009.DLL;.dll;116736;2026-07-30 08:22:17;;;ok
ARXIV/INVEN/inv/BDE/IDSQL32.DLL;ARXIV/INVEN/inv/BDE;IDSQL32.DLL;.dll;464896;2026-07-30 08:22:18;;;ok
ARXIV/INVEN/inv/BDE/JAPAN.BTL;ARXIV/INVEN/inv/BDE;JAPAN.BTL;.btl;880364;2026-07-30 08:22:19;;;ok
ARXIV/INVEN/inv/BDE/LOCALSQL.CNT;ARXIV/INVEN/inv/BDE;LOCALSQL.CNT;.cnt;23;2026-07-30 08:22:19;;;ok
ARXIV/INVEN/inv/BDE/LOCALSQL.TOC;ARXIV/INVEN/inv/BDE;LOCALSQL.TOC;.toc;2766;2026-07-30 08:22:20;;;ok
ARXIV/INVEN/inv/BDE/OTHER.BTL;ARXIV/INVEN/inv/BDE;OTHER.BTL;.btl;59950;2026-07-30 08:22:20;;;ok
ARXIV/INVEN/inv/BDE/USA.BTL;ARXIV/INVEN/inv/BDE;USA.BTL;.btl;36458;2026-07-30 08:22:20;;;ok
ARXIV/INVEN/inv/VC/Thumbs.db;ARXIV/INVEN/inv/VC;Thumbs.db;.db;7168;2026-07-30 08:22:20;;;ok
ARXIV/INVEN/inv/VC/VC.COM;ARXIV/INVEN/inv/VC;VC.COM;.com;65028;2026-07-30 08:22:21;;;ok
ARXIV/INVEN/inv/VC/VC.EXT;ARXIV/INVEN/inv/VC;VC.EXT;.ext;271;2026-07-30 08:22:21;;;ok
ARXIV/INVEN/inv/VC/VC.ICO;ARXIV/INVEN/inv/VC;VC.ICO;.ico;766;2026-07-30 08:22:21;;;ok
ARXIV/INVEN/inv/VC/VC.INI;ARXIV/INVEN/inv/VC;VC.INI;.ini;460;2026-07-30 08:22:21;;;ok
ARXIV/INVEN/inv/VC/VC.MNU;ARXIV/INVEN/inv/VC;VC.MNU;.mnu;310;2026-07-30 08:22:21;;;ok
ARXIV/INVEN/inv/VC/VC.PIF;ARXIV/INVEN/inv/VC;VC.PIF;.pif;967;2026-07-30 08:22:21;;;ok
ARXIV/INVEN/inv/VC/XBIOS.OVL;ARXIV/INVEN/inv/VC;XBIOS.OVL;.ovl;4095;2026-07-30 08:22:21;;;ok
ARXIV/MS binalar/~$Лист Microsoft Excel 1.xlsx;ARXIV/MS binalar;~$Лист Microsoft Excel 1.xlsx;.xlsx;165;2020-09-28 10:41:36;;;временный файл Excel (~$), пропущен
ARXIV/MS binalar/Лист Microsoft Excel 1.xlsx;ARXIV/MS binalar;Лист Microsoft Excel 1.xlsx;.xlsx;430044;2021-02-23 07:55:14;Excel;xlsx;ok
ARXIV/Qeyri yaşayışlar(MP)/MP ler butun rayonlar.xlsx;ARXIV/Qeyri yaşayışlar(MP);MP ler butun rayonlar.xlsx;.xlsx;642756;2025-04-11 10:01:05;Excel;xlsx;ok
ARXIV/Qeyri yaşayışlar(MP)/Nəsimi-Nizami MP..xlsx;ARXIV/Qeyri yaşayışlar(MP);Nəsimi-Nizami MP..xlsx;.xlsx;165738;2025-01-25 12:54:58;Excel;xlsx;ok
ARXIV/Qeyri yaşayışlar(MP)/Sab-Sur -Qarad-XəzərMP.xlsx;ARXIV/Qeyri yaşayışlar(MP);Sab-Sur -Qarad-XəzərMP.xlsx;.xlsx;131058;2025-01-21 08:00:44;Excel;xlsx;ok
ARXIV/Qeyri yaşayışlar(MP)/Səbail MP.xlsx;ARXIV/Qeyri yaşayışlar(MP);Səbail MP.xlsx;.xlsx;96227;2025-02-14 11:49:25;Excel;xlsx;ok
ARXIV/Qeyri yaşayışlar(MP)/Xətai-Binəqədi  MP.xlsx;ARXIV/Qeyri yaşayışlar(MP);Xətai-Binəqədi  MP.xlsx;.xlsx;125753;2024-09-18 11:40:34;Excel;xlsx;ok
ARXIV/Qeyri yaşayışlar(MP)/YDM.xlsx;ARXIV/Qeyri yaşayışlar(MP);YDM.xlsx;.xlsx;15476;2024-06-24 11:50:07;Excel;xlsx;ok
ARXIV/Qeyri yaşayışlar(MP)/Yasamal MP.xls;ARXIV/Qeyri yaşayışlar(MP);Yasamal MP.xls;.xls;246784;2025-01-25 13:09:09;Excel;xls (BIFF8);ok
ARXIV/Qeyri yaşayışlar(MP)/~$MP ler butun rayonlar.xlsx;ARXIV/Qeyri yaşayışlar(MP);~$MP ler butun rayonlar.xlsx;.xlsx;165;2023-05-01 07:40:33;;;временный файл Excel (~$), пропущен
ARXIV/Qeyri yaşayışlar(MP)/~$MP ler.xlsx;ARXIV/Qeyri yaşayışlar(MP);~$MP ler.xlsx;.xlsx;165;2021-06-23 10:27:24;;;временный файл Excel (~$), пропущен
ARXIV/Qeyri yaşayışlar(MP)/~$Nəsimi-Nizami MP..xlsx;ARXIV/Qeyri yaşayışlar(MP);~$Nəsimi-Nizami MP..xlsx;.xlsx;165;2021-07-13 08:58:59;;;временный файл Excel (~$), пропущен
ARXIV/Qeyri yaşayışlar(MP)/~$Sab-Sur -Qarad-XəzərMP.xlsx;ARXIV/Qeyri yaşayışlar(MP);~$Sab-Sur -Qarad-XəzərMP.xlsx;.xlsx;165;2022-06-06 05:31:18;;;временный файл Excel (~$), пропущен
ARXIV/Qeyri yaşayışlar(MP)/~$Səbail MP.xlsx;ARXIV/Qeyri yaşayışlar(MP);~$Səbail MP.xlsx;.xlsx;165;2021-08-13 08:07:01;;;временный файл Excel (~$), пропущен
ARXIV/Qeyri yaşayışlar(MP)/~$Xətai-Binəqədi  MP.xlsx;ARXIV/Qeyri yaşayışlar(MP);~$Xətai-Binəqədi  MP.xlsx;.xlsx;165;2021-06-22 11:40:50;;;временный файл Excel (~$), пропущен
ARXIV/Təhvil Abşeron/Aşağı Güzdək.xls;ARXIV/Təhvil Abşeron;Aşağı Güzdək.xls;.xls;56832;2025-06-04 07:33:59;Excel;xls (BIFF8);ok
ARXIV/Təhvil Abşeron/Bilgəh.xlsx;ARXIV/Təhvil Abşeron;Bilgəh.xlsx;.xlsx;47987;2026-07-17 10:03:52;Excel;xlsx;ok
ARXIV/Təhvil Abşeron/Buzovna.xls;ARXIV/Təhvil Abşeron;Buzovna.xls;.xls;1843712;2026-07-17 08:36:15;Excel;xls (BIFF8);ok
ARXIV/Təhvil Abşeron/Hökməli-Xird-Masaz.Goradil abşeron.xls;ARXIV/Təhvil Abşeron;Hökməli-Xird-Masaz.Goradil abşeron.xls;.xls;28160;2026-06-22 04:57:22;Excel;xls (BIFF8);ok
ARXIV/Təhvil Abşeron/Kohne Bine.xls;ARXIV/Təhvil Abşeron;Kohne Bine.xls;.xls;158208;2022-11-14 05:02:16;Excel;xls (BIFF8);ok
ARXIV/Təhvil Abşeron/Kohne Hovsan.xls;ARXIV/Təhvil Abşeron;Kohne Hovsan.xls;.xls;199168;2020-06-19 13:02:03;Excel;xls (BIFF8);ok
ARXIV/Təhvil Abşeron/Kohne Kurdaxani.xls;ARXIV/Təhvil Abşeron;Kohne Kurdaxani.xls;.xls;128512;2025-11-13 10:03:52;Excel;xls (BIFF8);ok
ARXIV/Təhvil Abşeron/Kohne Mashtaga.xls;ARXIV/Təhvil Abşeron;Kohne Mashtaga.xls;.xls;171008;2025-10-10 11:10:05;Excel;xls (BIFF8);ok
ARXIV/Təhvil Abşeron/Kohne Turkan.xls;ARXIV/Təhvil Abşeron;Kohne Turkan.xls;.xls;122368;2022-04-20 08:59:43;Excel;xls (BIFF8);ok
ARXIV/Təhvil Abşeron/Novxanı-apşeron.xls;ARXIV/Təhvil Abşeron;Novxanı-apşeron.xls;.xls;15872;2012-06-30 10:15:03;Excel;xls (BIFF8);ok
ARXIV/Təhvil Abşeron/Ramana.xls;ARXIV/Təhvil Abşeron;Ramana.xls;.xls;108544;2026-02-25 05:39:03;Excel;xls (BIFF8);ok
ARXIV/Təhvil Abşeron/Sabuncu.xls;ARXIV/Təhvil Abşeron;Sabuncu.xls;.xls;115712;2022-05-10 10:28:08;Excel;xls (BIFF8);ok
ARXIV/Təhvil Abşeron/Sovxoz uchun sihayi Köhnə və təzə.xls;ARXIV/Təhvil Abşeron;Sovxoz uchun sihayi Köhnə və təzə.xls;.xls;333312;2019-10-08 13:27:38;Excel;xls (BIFF8);ok
ARXIV/Təhvil Abşeron/Suraxanı zeyt Apşer.xls;ARXIV/Təhvil Abşeron;Suraxanı zeyt Apşer.xls;.xls;43008;2025-07-25 10:22:27;Excel;xls (BIFF8);ok
ARXIV/Təhvil Abşeron/Zeytun Tam.xls;ARXIV/Təhvil Abşeron;Zeytun Tam.xls;.xls;502272;2025-05-16 07:07:04;Excel;xls (BIFF8);ok
ARXIV/Təhvil Abşeron/~$Bilgəh.xlsx;ARXIV/Təhvil Abşeron;~$Bilgəh.xlsx;.xlsx;165;2023-04-05 08:27:29;;;временный файл Excel (~$), пропущен
ARXIV/Təhvil Abşeron/Этот компьютер - Ярлык.lnk;ARXIV/Təhvil Abşeron;Этот компьютер - Ярлык.lnk;.lnk;440;2022-04-18 07:59:38;;;ok
ARXIV/UDH3/UDH3.lnk;ARXIV/UDH3;UDH3.lnk;.lnk;1333;2020-06-04 07:57:55;;;ok
ARXIV/UDH3/Şifrə (1995).txt;ARXIV/UDH3;Şifrə (1995).txt;.txt;0;2026-07-30 08:28:12;;;ok
ARXIV/UDH3/UDH3/BASA3.DCT;ARXIV/UDH3/UDH3;BASA3.DCT;.dct;2752;2004-01-14 16:01:36;;;ok
ARXIV/UDH3/UDH3/BASA3.DCX;ARXIV/UDH3/UDH3;BASA3.DCX;.dcx;6144;2004-01-14 16:01:36;;;ok
ARXIV/UDH3/UDH3/BOTTOM.BMP;ARXIV/UDH3/UDH3;BOTTOM.BMP;.bmp;322;1998-05-24 19:00:00;;;ok
ARXIV/UDH3/UDH3/FOXUSER.DBF;ARXIV/UDH3/UDH3;FOXUSER.DBF;.dbf;1241;2007-05-31 12:22:02;DBF;Visual FoxPro;ok
ARXIV/UDH3/UDH3/FOXUSER.FPT;ARXIV/UDH3/UDH3;FOXUSER.FPT;.fpt;6720;2007-05-31 12:22:02;;;ok
ARXIV/UDH3/UDH3/IDENT3.CDX;ARXIV/UDH3/UDH3;IDENT3.CDX;.cdx;177152;2025-04-02 13:39:09;;;ok
ARXIV/UDH3/UDH3/NEXT.BMP;ARXIV/UDH3/UDH3;NEXT.BMP;.bmp;322;1998-05-24 19:00:00;;;ok
ARXIV/UDH3/UDH3/PREVIOUS.BMP;ARXIV/UDH3/UDH3;PREVIOUS.BMP;.bmp;322;1998-05-24 19:00:00;;;ok
ARXIV/UDH3/UDH3/RAYON.CDX;ARXIV/UDH3/UDH3;RAYON.CDX;.cdx;4608;2002-11-20 16:26:56;;;ok
ARXIV/UDH3/UDH3/RAYON.DBF;ARXIV/UDH3/UDH3;RAYON.DBF;.dbf;559;2003-06-07 17:32:52;DBF;Visual FoxPro;ok
ARXIV/UDH3/UDH3/TOP.BMP;ARXIV/UDH3/UDH3;TOP.BMP;.bmp;322;1998-05-24 19:00:00;;;ok
ARXIV/UDH3/UDH3/UDH3.PJT;ARXIV/UDH3/UDH3;UDH3.PJT;.pjt;13002;2007-08-25 01:18:06;;;ok
ARXIV/UDH3/UDH3/UDH3.pjx;ARXIV/UDH3/UDH3;UDH3.pjx;.pjx;5743;2007-08-25 01:18:06;;;ok
ARXIV/UDH3/UDH3/UKAZ.DBF;ARXIV/UDH3/UDH3;UKAZ.DBF;.dbf;1081;2003-09-20 16:46:38;DBF;Visual FoxPro;ok
ARXIV/UDH3/UDH3/basa3.dbc;ARXIV/UDH3/UDH3;basa3.dbc;.dbc;47083;2004-01-14 16:01:36;;;ok
ARXIV/UDH3/UDH3/buh.BAK;ARXIV/UDH3/UDH3;buh.BAK;.bak;4180596;2003-11-12 11:21:34;DBF;Visual FoxPro;ok
ARXIV/UDH3/UDH3/buh.dbf;ARXIV/UDH3/UDH3;buh.dbf;.dbf;4803977;2025-08-23 12:11:10;DBF;Visual FoxPro;ok
ARXIV/UDH3/UDH3/buhtmp.dbf;ARXIV/UDH3/UDH3;buhtmp.dbf;.dbf;207013;2003-11-09 18:27:52;DBF;Visual FoxPro;ok
ARXIV/UDH3/UDH3/find_rep.FRT;ARXIV/UDH3/UDH3;find_rep.FRT;.frt;4191;2007-08-25 01:17:58;;;ok
ARXIV/UDH3/UDH3/find_rep.frx;ARXIV/UDH3/UDH3;find_rep.frx;.frx;18956;2007-08-25 01:17:58;;;ok
ARXIV/UDH3/UDH3/form1.SCT;ARXIV/UDH3/UDH3;form1.SCT;.sct;2184;2007-08-25 01:17:58;;;ok
ARXIV/UDH3/UDH3/form1.scx;ARXIV/UDH3/UDH3;form1.scx;.scx;1905;2007-08-25 01:17:58;;;ok
ARXIV/UDH3/UDH3/form_buh.SCT;ARXIV/UDH3/UDH3;form_buh.SCT;.sct;30983;2007-08-25 01:17:58;;;ok
ARXIV/UDH3/UDH3/form_buh.scx;ARXIV/UDH3/UDH3;form_buh.scx;.scx;12587;2007-08-25 01:17:58;;;ok
ARXIV/UDH3/UDH3/form_buh_edit.SCT;ARXIV/UDH3/UDH3;form_buh_edit.SCT;.sct;16552;2007-08-25 01:17:58;;;ok
ARXIV/UDH3/UDH3/form_buh_edit.scx;ARXIV/UDH3/UDH3;form_buh_edit.scx;.scx;6701;2007-08-25 01:17:58;;;ok
ARXIV/UDH3/UDH3/form_dat.SCT;ARXIV/UDH3/UDH3;form_dat.SCT;.sct;5149;2007-08-25 01:17:58;;;ok
ARXIV/UDH3/UDH3/form_dat.scx;ARXIV/UDH3/UDH3;form_dat.scx;.scx;1687;2007-08-25 01:17:58;;;ok
ARXIV/UDH3/UDH3/form_edit.SCT;ARXIV/UDH3/UDH3;form_edit.SCT;.sct;33387;2007-08-25 01:17:58;;;ok
ARXIV/UDH3/UDH3/form_edit.scx;ARXIV/UDH3/UDH3;form_edit.scx;.scx;8227;2007-08-25 01:17:58;;;ok
ARXIV/UDH3/UDH3/form_find.SCT;ARXIV/UDH3/UDH3;form_find.SCT;.sct;31698;2007-08-25 01:17:58;;;ok
ARXIV/UDH3/UDH3/form_find.scx;ARXIV/UDH3/UDH3;form_find.scx;.scx;7682;2007-08-25 01:17:58;;;ok
ARXIV/UDH3/UDH3/form_new.SCT;ARXIV/UDH3/UDH3;form_new.SCT;.sct;26742;2007-08-25 01:17:58;;;ok
ARXIV/UDH3/UDH3/form_new.scx;ARXIV/UDH3/UDH3;form_new.scx;.scx;7573;2007-08-25 01:17:58;;;ok
ARXIV/UDH3/UDH3/form_otchet.SCT;ARXIV/UDH3/UDH3;form_otchet.SCT;.sct;24583;2007-08-25 01:17:58;;;ok
ARXIV/UDH3/UDH3/form_otchet.scx;ARXIV/UDH3/UDH3;form_otchet.scx;.scx;5502;2007-08-25 01:17:58;;;ok
ARXIV/UDH3/UDH3/form_prim.SCT;ARXIV/UDH3/UDH3;form_prim.SCT;.sct;2858;2007-08-25 01:17:58;;;ok
ARXIV/UDH3/UDH3/form_prim.scx;ARXIV/UDH3/UDH3;form_prim.scx;.scx;2014;2007-08-25 01:17:58;;;ok
ARXIV/UDH3/UDH3/form_search.SCT;ARXIV/UDH3/UDH3;form_search.SCT;.sct;7490;2007-08-25 01:17:58;;;ok
ARXIV/UDH3/UDH3/form_search.scx;ARXIV/UDH3/UDH3;form_search.scx;.scx;3104;2007-08-25 01:17:58;;;ok
ARXIV/UDH3/UDH3/form_serch.SCT;ARXIV/UDH3/UDH3;form_serch.SCT;.sct;14641;2007-08-25 01:17:58;;;ok
ARXIV/UDH3/UDH3/form_serch.scx;ARXIV/UDH3/UDH3;form_serch.scx;.scx;3540;2007-08-25 01:17:58;;;ok
ARXIV/UDH3/UDH3/form_view.SCT;ARXIV/UDH3/UDH3;form_view.SCT;.sct;1687;2007-08-25 01:17:58;;;ok
ARXIV/UDH3/UDH3/form_view.scx;ARXIV/UDH3/UDH3;form_view.scx;.scx;1687;2007-08-25 01:17:58;;;ok
ARXIV/UDH3/UDH3/grid.VCT;ARXIV/UDH3/UDH3;grid.VCT;.vct;2048;2003-04-10 06:32:32;;;ok
ARXIV/UDH3/UDH3/grid.vcx;ARXIV/UDH3/UDH3;grid.vcx;.vcx;1359;2003-02-18 08:19:10;;;ok
ARXIV/UDH3/UDH3/gridbasa.VCT;ARXIV/UDH3/UDH3;gridbasa.VCT;.vct;1751;2003-06-29 08:04:16;;;ok
ARXIV/UDH3/UDH3/gridbasa.vcx;ARXIV/UDH3/UDH3;gridbasa.vcx;.vcx;1359;2003-06-29 09:21:56;;;ok
ARXIV/UDH3/UDH3/ident3.BAK;ARXIV/UDH3/UDH3;ident3.BAK;.bak;10721795;2004-01-14 15:40:42;DBF;Visual FoxPro;ok
ARXIV/UDH3/UDH3/ident3.dbf;ARXIV/UDH3/UDH3;ident3.dbf;.dbf;15704785;2025-09-10 13:05:28;DBF;Visual FoxPro;ok
ARXIV/UDH3/UDH3/local!buhtmp.dbf;ARXIV/UDH3/UDH3;local!buhtmp.dbf;.dbf;83778;2003-11-12 12:30:20;DBF;Visual FoxPro;ok
ARXIV/UDH3/UDH3/local.DCT;ARXIV/UDH3/UDH3;local.DCT;.dct;832;2007-08-25 01:18:06;;;ok
ARXIV/UDH3/UDH3/local.DCX;ARXIV/UDH3/UDH3;local.DCX;.dcx;5632;2003-11-12 15:42:10;;;ok
ARXIV/UDH3/UDH3/local.dbc;ARXIV/UDH3/UDH3;local.dbc;.dbc;8142;2007-08-25 01:18:06;;;ok
ARXIV/UDH3/UDH3/menu1.MNT;ARXIV/UDH3/UDH3;menu1.MNT;.mnt;2099;2003-09-09 19:02:00;;;ok
ARXIV/UDH3/UDH3/menu1.MPX;ARXIV/UDH3/UDH3;menu1.MPX;.mpx;1237;2007-08-25 01:17:16;;;ok
ARXIV/UDH3/UDH3/menu1.mnx;ARXIV/UDH3/UDH3;menu1.mnx;.mnx;3983;2003-06-09 15:34:18;;;ok
ARXIV/UDH3/UDH3/menu1.mpr;ARXIV/UDH3/UDH3;menu1.mpr;.mpr;3193;2003-07-27 15:59:34;;;ok
ARXIV/UDH3/UDH3/nameofmest.dbf;ARXIV/UDH3/UDH3;nameofmest.dbf;.dbf;1425;2003-11-13 08:43:40;DBF;Visual FoxPro;ok
ARXIV/UDH3/UDH3/otchet.dbf;ARXIV/UDH3/UDH3;otchet.dbf;.dbf;4773;2021-07-14 08:09:29;DBF;Visual FoxPro;ok
ARXIV/UDH3/UDH3/passw.SCT;ARXIV/UDH3/UDH3;passw.SCT;.sct;2764;2007-08-25 01:17:58;;;ok
ARXIV/UDH3/UDH3/passw.scx;ARXIV/UDH3/UDH3;passw.scx;.scx;1796;2007-08-25 01:17:58;;;ok
ARXIV/UDH3/UDH3/pict1.FPT;ARXIV/UDH3/UDH3;pict1.FPT;.fpt;170789504;2004-05-18 07:24:08;;;ok
ARXIV/UDH3/UDH3/pict1.FRT;ARXIV/UDH3/UDH3;pict1.FRT;.frt;2508;2007-08-25 01:17:58;;;ok
ARXIV/UDH3/UDH3/pict1.dbf;ARXIV/UDH3/UDH3;pict1.dbf;.dbf;671;2004-05-18 07:24:08;DBF;Visual FoxPro;ok
ARXIV/UDH3/UDH3/pict1.frx;ARXIV/UDH3/UDH3;pict1.frx;.frx;7735;2007-08-25 01:17:58;;;ok
ARXIV/UDH3/UDH3/prim.dbf;ARXIV/UDH3/UDH3;prim.dbf;.dbf;1166;2015-09-08 12:07:01;DBF;Visual FoxPro;ok
ARXIV/UDH3/UDH3/program1.BAK;ARXIV/UDH3/UDH3;program1.BAK;.bak;1238;2003-11-12 15:11:20;;;ok
ARXIV/UDH3/UDH3/program1.FXP;ARXIV/UDH3/UDH3;program1.FXP;.fxp;1574;2007-08-25 01:17:16;;;ok
ARXIV/UDH3/UDH3/program1.prg;ARXIV/UDH3/UDH3;program1.prg;.prg;1236;2003-11-14 05:33:36;;;ok
ARXIV/UDH3/UDH3/program2.BAK;ARXIV/UDH3/UDH3;program2.BAK;.bak;2229;2003-10-29 19:43:46;;;ok
ARXIV/UDH3/UDH3/program2.FXP;ARXIV/UDH3/UDH3;program2.FXP;.fxp;1770;2007-08-25 01:17:16;;;ok
ARXIV/UDH3/UDH3/program2.prg;ARXIV/UDH3/UDH3;program2.prg;.prg;2229;2003-10-29 19:46:48;;;ok
ARXIV/UDH3/UDH3/program3.BAK;ARXIV/UDH3/UDH3;program3.BAK;.bak;584;2003-11-13 09:26:20;;;ok
ARXIV/UDH3/UDH3/program3.FXP;ARXIV/UDH3/UDH3;program3.FXP;.fxp;639;2007-08-25 01:17:16;;;ok
ARXIV/UDH3/UDH3/program3.prg;ARXIV/UDH3/UDH3;program3.prg;.prg;576;2003-11-13 09:26:56;;;ok
ARXIV/UDH3/UDH3/qqq1.QPX;ARXIV/UDH3/UDH3;qqq1.QPX;.qpx;446;2007-08-25 01:17:16;;;ok
ARXIV/UDH3/UDH3/qqq1.qpr;ARXIV/UDH3/UDH3;qqq1.qpr;.qpr;276;2003-11-09 11:11:50;;;ok
ARXIV/UDH3/UDH3/report1.FRT;ARXIV/UDH3/UDH3;report1.FRT;.frt;4323;2007-08-25 01:17:58;;;ok
ARXIV/UDH3/UDH3/report1.frx;ARXIV/UDH3/UDH3;report1.frx;.frx;19185;2007-08-25 01:17:58;;;ok
ARXIV/UDH3/UDH3/report2.FRT;ARXIV/UDH3/UDH3;report2.FRT;.frt;1221;2007-08-25 01:17:58;;;ok
ARXIV/UDH3/UDH3/report2.frx;ARXIV/UDH3/UDH3;report2.frx;.frx;4071;2007-08-25 01:17:58;;;ok
ARXIV/UDH3/UDH3/search.dbf;ARXIV/UDH3/UDH3;search.dbf;.dbf;119068;2025-09-11 11:43:23;DBF;Visual FoxPro;ok
ARXIV/UDH3/UDH3/sss2.DBF;ARXIV/UDH3/UDH3;sss2.DBF;.dbf;1504;2004-06-18 04:49:52;DBF;Visual FoxPro;ok
ARXIV/UDH3/UDH3/tool.SCT;ARXIV/UDH3/UDH3;tool.SCT;.sct;13387;2007-08-25 01:17:58;;;ok
ARXIV/UDH3/UDH3/tool.scx;ARXIV/UDH3/UDH3;tool.scx;.scx;2232;2007-08-25 01:17:58;;;ok
ARXIV/UDH3/UDH3/udh3.exe;ARXIV/UDH3/UDH3;udh3.exe;.exe;356909;2007-09-12 05:26:15;;;ok
ARXIV/UDH3/UDH3/udh3.ini;ARXIV/UDH3/UDH3;udh3.ini;.ini;38;2003-11-14 05:52:40;;;ok
ARXIV/UDH3/UDH3/udh3.rar;ARXIV/UDH3/UDH3;udh3.rar;.rar;48577;2007-08-25 01:35:48;;;ok
ARXIV/UDH3/UDH3/ukaz.CDX;ARXIV/UDH3/UDH3;ukaz.CDX;.cdx;3072;2003-06-07 17:41:50;;;ok
ARXIV/UDH3/UDH3/user.BAK;ARXIV/UDH3/UDH3;user.BAK;.bak;537;2003-11-09 09:44:16;DBF;Visual FoxPro;ok
ARXIV/UDH3/UDH3/user.dbf;ARXIV/UDH3/UDH3;user.dbf;.dbf;481;2021-04-29 14:06:47;DBF;Visual FoxPro;ok
ARXIV/UDH3/UDH3/uslsearch.dbf;ARXIV/UDH3/UDH3;uslsearch.dbf;.dbf;5456;2004-01-14 15:50:04;DBF;Visual FoxPro;ok
ARXIV/UDH3/UDH3/none/BASA3.DCT;ARXIV/UDH3/UDH3/none;BASA3.DCT;.dct;2752;2004-01-14 16:01:36;;;ok
ARXIV/UDH3/UDH3/none/BASA3.DCX;ARXIV/UDH3/UDH3/none;BASA3.DCX;.dcx;6144;2004-01-14 16:01:36;;;ok
ARXIV/UDH3/UDH3/none/BOTTOM.BMP;ARXIV/UDH3/UDH3/none;BOTTOM.BMP;.bmp;322;1998-05-24 19:00:00;;;ok
ARXIV/UDH3/UDH3/none/FOXUSER.DBF;ARXIV/UDH3/UDH3/none;FOXUSER.DBF;.dbf;1241;2007-05-31 12:22:02;DBF;Visual FoxPro;ok
ARXIV/UDH3/UDH3/none/FOXUSER.FPT;ARXIV/UDH3/UDH3/none;FOXUSER.FPT;.fpt;6720;2007-05-31 12:22:02;;;ok
ARXIV/UDH3/UDH3/none/IDENT3.CDX;ARXIV/UDH3/UDH3/none;IDENT3.CDX;.cdx;126464;2007-08-17 02:47:00;;;ok
ARXIV/UDH3/UDH3/none/NEXT.BMP;ARXIV/UDH3/UDH3/none;NEXT.BMP;.bmp;322;1998-05-24 19:00:00;;;ok
ARXIV/UDH3/UDH3/none/PREVIOUS.BMP;ARXIV/UDH3/UDH3/none;PREVIOUS.BMP;.bmp;322;1998-05-24 19:00:00;;;ok
ARXIV/UDH3/UDH3/none/RAYON.CDX;ARXIV/UDH3/UDH3/none;RAYON.CDX;.cdx;4608;2002-11-20 16:26:56;;;ok
ARXIV/UDH3/UDH3/none/RAYON.DBF;ARXIV/UDH3/UDH3/none;RAYON.DBF;.dbf;559;2003-06-07 17:32:52;DBF;Visual FoxPro;ok
ARXIV/UDH3/UDH3/none/TOP.BMP;ARXIV/UDH3/UDH3/none;TOP.BMP;.bmp;322;1998-05-24 19:00:00;;;ok
ARXIV/UDH3/UDH3/none/UDH3.PJT;ARXIV/UDH3/UDH3/none;UDH3.PJT;.pjt;12969;2004-01-14 16:07:54;;;ok
ARXIV/UDH3/UDH3/none/UDH3.pjx;ARXIV/UDH3/UDH3/none;UDH3.pjx;.pjx;5743;2007-08-17 03:27:33;;;ok
ARXIV/UDH3/UDH3/none/UKAZ.DBF;ARXIV/UDH3/UDH3/none;UKAZ.DBF;.dbf;1081;2003-09-20 16:46:38;DBF;Visual FoxPro;ok
ARXIV/UDH3/UDH3/none/basa3.dbc;ARXIV/UDH3/UDH3/none;basa3.dbc;.dbc;47083;2004-01-14 16:01:36;;;ok
ARXIV/UDH3/UDH3/none/buh.BAK;ARXIV/UDH3/UDH3/none;buh.BAK;.bak;4180596;2003-11-12 11:21:34;DBF;Visual FoxPro;ok
ARXIV/UDH3/UDH3/none/buh.dbf;ARXIV/UDH3/UDH3/none;buh.dbf;.dbf;4344297;2007-08-17 02:47:00;DBF;Visual FoxPro;ok
ARXIV/UDH3/UDH3/none/buhtmp.dbf;ARXIV/UDH3/UDH3/none;buhtmp.dbf;.dbf;207013;2003-11-09 18:27:52;DBF;Visual FoxPro;ok
ARXIV/UDH3/UDH3/none/find_rep.FRT;ARXIV/UDH3/UDH3/none;find_rep.FRT;.frt;4191;2004-01-14 16:05:00;;;ok
ARXIV/UDH3/UDH3/none/find_rep.frx;ARXIV/UDH3/UDH3/none;find_rep.frx;.frx;18956;2004-01-14 16:05:00;;;ok
ARXIV/UDH3/UDH3/none/form1.SCT;ARXIV/UDH3/UDH3/none;form1.SCT;.sct;2184;2004-01-14 16:05:00;;;ok
ARXIV/UDH3/UDH3/none/form1.scx;ARXIV/UDH3/UDH3/none;form1.scx;.scx;1905;2004-01-14 16:05:00;;;ok
ARXIV/UDH3/UDH3/none/form_buh.SCT;ARXIV/UDH3/UDH3/none;form_buh.SCT;.sct;30983;2004-01-14 16:05:00;;;ok
ARXIV/UDH3/UDH3/none/form_buh.scx;ARXIV/UDH3/UDH3/none;form_buh.scx;.scx;12587;2004-01-14 16:05:00;;;ok
ARXIV/UDH3/UDH3/none/form_buh_edit.SCT;ARXIV/UDH3/UDH3/none;form_buh_edit.SCT;.sct;16564;2004-01-14 16:05:00;;;ok
ARXIV/UDH3/UDH3/none/form_buh_edit.scx;ARXIV/UDH3/UDH3/none;form_buh_edit.scx;.scx;6701;2004-01-14 16:05:00;;;ok
ARXIV/UDH3/UDH3/none/form_dat.SCT;ARXIV/UDH3/UDH3/none;form_dat.SCT;.sct;5149;2004-01-14 16:05:00;;;ok
ARXIV/UDH3/UDH3/none/form_dat.scx;ARXIV/UDH3/UDH3/none;form_dat.scx;.scx;1687;2004-01-14 16:05:00;;;ok
ARXIV/UDH3/UDH3/none/form_edit.SCT;ARXIV/UDH3/UDH3/none;form_edit.SCT;.sct;33387;2004-01-14 16:05:00;;;ok
ARXIV/UDH3/UDH3/none/form_edit.scx;ARXIV/UDH3/UDH3/none;form_edit.scx;.scx;8227;2004-01-14 16:05:00;;;ok
ARXIV/UDH3/UDH3/none/form_find.SCT;ARXIV/UDH3/UDH3/none;form_find.SCT;.sct;31698;2004-01-14 16:05:00;;;ok
ARXIV/UDH3/UDH3/none/form_find.scx;ARXIV/UDH3/UDH3/none;form_find.scx;.scx;7682;2004-01-14 16:05:00;;;ok
ARXIV/UDH3/UDH3/none/form_new.SCT;ARXIV/UDH3/UDH3/none;form_new.SCT;.sct;26742;2004-01-14 16:05:00;;;ok
ARXIV/UDH3/UDH3/none/form_new.scx;ARXIV/UDH3/UDH3/none;form_new.scx;.scx;7573;2004-01-14 16:05:00;;;ok
ARXIV/UDH3/UDH3/none/form_otchet.SCT;ARXIV/UDH3/UDH3/none;form_otchet.SCT;.sct;24583;2004-01-14 16:05:00;;;ok
ARXIV/UDH3/UDH3/none/form_otchet.scx;ARXIV/UDH3/UDH3/none;form_otchet.scx;.scx;5502;2004-01-14 16:05:00;;;ok
ARXIV/UDH3/UDH3/none/form_prim.SCT;ARXIV/UDH3/UDH3/none;form_prim.SCT;.sct;2858;2004-01-14 16:05:00;;;ok
ARXIV/UDH3/UDH3/none/form_prim.scx;ARXIV/UDH3/UDH3/none;form_prim.scx;.scx;2014;2004-01-14 16:05:00;;;ok
ARXIV/UDH3/UDH3/none/form_search.SCT;ARXIV/UDH3/UDH3/none;form_search.SCT;.sct;7490;2004-01-14 16:05:00;;;ok
ARXIV/UDH3/UDH3/none/form_search.scx;ARXIV/UDH3/UDH3/none;form_search.scx;.scx;3104;2004-01-14 16:05:00;;;ok
ARXIV/UDH3/UDH3/none/form_serch.SCT;ARXIV/UDH3/UDH3/none;form_serch.SCT;.sct;14641;2004-01-14 16:05:00;;;ok
ARXIV/UDH3/UDH3/none/form_serch.scx;ARXIV/UDH3/UDH3/none;form_serch.scx;.scx;3540;2004-01-14 16:05:00;;;ok
ARXIV/UDH3/UDH3/none/form_view.SCT;ARXIV/UDH3/UDH3/none;form_view.SCT;.sct;1687;2004-01-14 16:05:00;;;ok
ARXIV/UDH3/UDH3/none/form_view.scx;ARXIV/UDH3/UDH3/none;form_view.scx;.scx;1687;2004-01-14 16:05:00;;;ok
ARXIV/UDH3/UDH3/none/grid.VCT;ARXIV/UDH3/UDH3/none;grid.VCT;.vct;2048;2003-04-10 06:32:32;;;ok
ARXIV/UDH3/UDH3/none/grid.vcx;ARXIV/UDH3/UDH3/none;grid.vcx;.vcx;1359;2003-02-18 08:19:10;;;ok
ARXIV/UDH3/UDH3/none/gridbasa.VCT;ARXIV/UDH3/UDH3/none;gridbasa.VCT;.vct;1751;2003-06-29 08:04:16;;;ok
ARXIV/UDH3/UDH3/none/gridbasa.vcx;ARXIV/UDH3/UDH3/none;gridbasa.vcx;.vcx;1359;2003-06-29 09:21:56;;;ok
ARXIV/UDH3/UDH3/none/ident3.BAK;ARXIV/UDH3/UDH3/none;ident3.BAK;.bak;10721795;2004-01-14 15:40:42;DBF;Visual FoxPro;ok
ARXIV/UDH3/UDH3/none/ident3.dbf;ARXIV/UDH3/UDH3/none;ident3.dbf;.dbf;11184643;2007-08-17 02:47:00;DBF;Visual FoxPro;ok
ARXIV/UDH3/UDH3/none/local!buhtmp.dbf;ARXIV/UDH3/UDH3/none;local!buhtmp.dbf;.dbf;83778;2003-11-12 12:30:20;DBF;Visual FoxPro;ok
ARXIV/UDH3/UDH3/none/local.DCT;ARXIV/UDH3/UDH3/none;local.DCT;.dct;832;2004-01-14 16:07:54;;;ok
ARXIV/UDH3/UDH3/none/local.DCX;ARXIV/UDH3/UDH3/none;local.DCX;.dcx;5632;2003-11-12 15:42:10;;;ok
ARXIV/UDH3/UDH3/none/local.dbc;ARXIV/UDH3/UDH3/none;local.dbc;.dbc;8142;2004-01-14 16:07:54;;;ok
ARXIV/UDH3/UDH3/none/menu1.MNT;ARXIV/UDH3/UDH3/none;menu1.MNT;.mnt;2099;2003-09-09 19:02:00;;;ok
ARXIV/UDH3/UDH3/none/menu1.MPX;ARXIV/UDH3/UDH3/none;menu1.MPX;.mpx;1237;2003-07-21 18:40:46;;;ok
ARXIV/UDH3/UDH3/none/menu1.mnx;ARXIV/UDH3/UDH3/none;menu1.mnx;.mnx;3983;2003-06-09 15:34:18;;;ok
ARXIV/UDH3/UDH3/none/menu1.mpr;ARXIV/UDH3/UDH3/none;menu1.mpr;.mpr;3193;2003-07-27 15:59:34;;;ok
ARXIV/UDH3/UDH3/none/nameofmest.dbf;ARXIV/UDH3/UDH3/none;nameofmest.dbf;.dbf;1425;2003-11-13 08:43:40;DBF;Visual FoxPro;ok
ARXIV/UDH3/UDH3/none/otchet.dbf;ARXIV/UDH3/UDH3/none;otchet.dbf;.dbf;4773;2004-04-15 06:33:18;DBF;Visual FoxPro;ok
ARXIV/UDH3/UDH3/none/passw.SCT;ARXIV/UDH3/UDH3/none;passw.SCT;.sct;2764;2004-01-14 16:05:00;;;ok
ARXIV/UDH3/UDH3/none/passw.scx;ARXIV/UDH3/UDH3/none;passw.scx;.scx;1796;2004-01-14 16:05:00;;;ok
ARXIV/UDH3/UDH3/none/pict1.FPT;ARXIV/UDH3/UDH3/none;pict1.FPT;.fpt;170789504;2004-05-18 07:24:08;;;ok
ARXIV/UDH3/UDH3/none/pict1.FRT;ARXIV/UDH3/UDH3/none;pict1.FRT;.frt;2508;2004-01-14 16:05:00;;;ok
ARXIV/UDH3/UDH3/none/pict1.dbf;ARXIV/UDH3/UDH3/none;pict1.dbf;.dbf;671;2004-05-18 07:24:08;DBF;Visual FoxPro;ok
ARXIV/UDH3/UDH3/none/pict1.frx;ARXIV/UDH3/UDH3/none;pict1.frx;.frx;7735;2004-01-14 16:05:00;;;ok
ARXIV/UDH3/UDH3/none/prim.dbf;ARXIV/UDH3/UDH3/none;prim.dbf;.dbf;1135;2004-06-16 12:32:06;DBF;Visual FoxPro;ok
ARXIV/UDH3/UDH3/none/program1.BAK;ARXIV/UDH3/UDH3/none;program1.BAK;.bak;1238;2003-11-12 15:11:20;;;ok
ARXIV/UDH3/UDH3/none/program1.FXP;ARXIV/UDH3/UDH3/none;program1.FXP;.fxp;1574;2003-11-14 05:33:38;;;ok
ARXIV/UDH3/UDH3/none/program1.prg;ARXIV/UDH3/UDH3/none;program1.prg;.prg;1236;2003-11-14 05:33:36;;;ok
ARXIV/UDH3/UDH3/none/program2.BAK;ARXIV/UDH3/UDH3/none;program2.BAK;.bak;2229;2003-10-29 19:43:46;;;ok
ARXIV/UDH3/UDH3/none/program2.FXP;ARXIV/UDH3/UDH3/none;program2.FXP;.fxp;1858;2003-10-29 19:46:52;;;ok
ARXIV/UDH3/UDH3/none/program2.prg;ARXIV/UDH3/UDH3/none;program2.prg;.prg;2229;2003-10-29 19:46:48;;;ok
ARXIV/UDH3/UDH3/none/program3.BAK;ARXIV/UDH3/UDH3/none;program3.BAK;.bak;584;2003-11-13 09:26:20;;;ok
ARXIV/UDH3/UDH3/none/program3.FXP;ARXIV/UDH3/UDH3/none;program3.FXP;.fxp;639;2003-11-13 09:26:56;;;ok
ARXIV/UDH3/UDH3/none/program3.prg;ARXIV/UDH3/UDH3/none;program3.prg;.prg;576;2003-11-13 09:26:56;;;ok
ARXIV/UDH3/UDH3/none/qqq1.QPX;ARXIV/UDH3/UDH3/none;qqq1.QPX;.qpx;446;2007-08-17 02:52:56;;;ok
ARXIV/UDH3/UDH3/none/qqq1.qpr;ARXIV/UDH3/UDH3/none;qqq1.qpr;.qpr;276;2003-11-09 11:11:50;;;ok
ARXIV/UDH3/UDH3/none/report1.FRT;ARXIV/UDH3/UDH3/none;report1.FRT;.frt;4323;2004-01-14 16:05:00;;;ok
ARXIV/UDH3/UDH3/none/report1.frx;ARXIV/UDH3/UDH3/none;report1.frx;.frx;19185;2004-01-14 16:05:00;;;ok
ARXIV/UDH3/UDH3/none/report2.FRT;ARXIV/UDH3/UDH3/none;report2.FRT;.frt;1221;2004-01-14 16:05:00;;;ok
ARXIV/UDH3/UDH3/none/report2.frx;ARXIV/UDH3/UDH3/none;report2.frx;.frx;4071;2004-01-14 16:05:00;;;ok
ARXIV/UDH3/UDH3/none/search.dbf;ARXIV/UDH3/UDH3/none;search.dbf;.dbf;18466;2007-07-05 10:32:20;DBF;Visual FoxPro;ok
ARXIV/UDH3/UDH3/none/sss2.DBF;ARXIV/UDH3/UDH3/none;sss2.DBF;.dbf;1504;2004-06-18 04:49:52;DBF;Visual FoxPro;ok
ARXIV/UDH3/UDH3/none/tool.SCT;ARXIV/UDH3/UDH3/none;tool.SCT;.sct;13387;2004-01-14 16:05:00;;;ok
ARXIV/UDH3/UDH3/none/tool.scx;ARXIV/UDH3/UDH3/none;tool.scx;.scx;2232;2004-01-14 16:05:00;;;ok
ARXIV/UDH3/UDH3/none/udh3.exe;ARXIV/UDH3/UDH3/none;udh3.exe;.exe;481325;2007-09-13 01:57:26;;;ok
ARXIV/UDH3/UDH3/none/udh3.ini;ARXIV/UDH3/UDH3/none;udh3.ini;.ini;38;2003-11-14 05:52:40;;;ok
ARXIV/UDH3/UDH3/none/ukaz.CDX;ARXIV/UDH3/UDH3/none;ukaz.CDX;.cdx;3072;2003-06-07 17:41:50;;;ok
ARXIV/UDH3/UDH3/none/user.BAK;ARXIV/UDH3/UDH3/none;user.BAK;.bak;537;2003-11-09 09:44:16;DBF;Visual FoxPro;ok
ARXIV/UDH3/UDH3/none/user.dbf;ARXIV/UDH3/UDH3/none;user.dbf;.dbf;481;2007-08-17 03:10:37;DBF;Visual FoxPro;ok
ARXIV/UDH3/UDH3/none/uslsearch.dbf;ARXIV/UDH3/UDH3/none;uslsearch.dbf;.dbf;5456;2004-01-14 15:50:04;DBF;Visual FoxPro;ok
ARXIV/UDH3/UDH3/sri/46152___.TTF;ARXIV/UDH3/UDH3/sri;46152___.TTF;.ttf;59938;1997-12-31 05:54:04;;;ok
ARXIV/UDH3/UDH3/sri/ABALC.TTF;ARXIV/UDH3/UDH3/sri;ABALC.TTF;.ttf;65572;1999-05-05 17:22:00;;;ok
ARXIV/UDH3/UDH3/sri/AMAZB___.TTF;ARXIV/UDH3/UDH3/sri;AMAZB___.TTF;.ttf;80376;1995-10-23 07:00:00;;;ok
ARXIV/UDH3/UDH3/sri/AMAZI___.TTF;ARXIV/UDH3/UDH3/sri;AMAZI___.TTF;.ttf;81052;1995-10-23 07:00:00;;;ok
ARXIV/UDH3/UDH3/sri/AMAZR___.TTF;ARXIV/UDH3/UDH3/sri;AMAZR___.TTF;.ttf;74144;1995-10-23 07:00:00;;;ok
ARXIV/UDH3/UDH3/sri/AZCOUR.TTF;ARXIV/UDH3/UDH3/sri;AZCOUR.TTF;.ttf;56584;1996-01-05 03:24:06;;;ok
ARXIV/UDH3/UDH3/sri/AZHCB.TTF;ARXIV/UDH3/UDH3/sri;AZHCB.TTF;.ttf;32574;1998-10-07 08:33:18;;;ok
ARXIV/UDH3/UDH3/sri/AZHCBI.TTF;ARXIV/UDH3/UDH3/sri;AZHCBI.TTF;.ttf;35348;1998-10-07 08:33:18;;;ok
ARXIV/UDH3/UDH3/sri/AZHCN.TTF;ARXIV/UDH3/UDH3/sri;AZHCN.TTF;.ttf;32260;1998-10-07 08:33:18;;;ok
ARXIV/UDH3/UDH3/sri/AZHCNI.TTF;ARXIV/UDH3/UDH3/sri;AZHCNI.TTF;.ttf;35294;1998-10-07 08:33:18;;;ok
ARXIV/UDH3/UDH3/sri/AZLATINO.TTF;ARXIV/UDH3/UDH3/sri;AZLATINO.TTF;.ttf;50210;1998-10-07 08:33:18;;;ok
ARXIV/UDH3/UDH3/sri/AZTCB.TTF;ARXIV/UDH3/UDH3/sri;AZTCB.TTF;.ttf;44998;1998-10-07 08:33:18;;;ok
ARXIV/UDH3/UDH3/sri/AZTCN.TTF;ARXIV/UDH3/UDH3/sri;AZTCN.TTF;.ttf;45370;1998-10-07 08:33:18;;;ok
ARXIV/UDH3/UDH3/sri/AZTCNI.TTF;ARXIV/UDH3/UDH3/sri;AZTCNI.TTF;.ttf;48458;1998-10-07 08:33:18;;;ok
ARXIV/UDH3/UDH3/sri/AZTIMES.TTF;ARXIV/UDH3/UDH3/sri;AZTIMES.TTF;.ttf;55830;1998-10-07 08:33:18;;;ok
ARXIV/UDH3/UDH3/sri/AZTLB.TTF;ARXIV/UDH3/UDH3/sri;AZTLB.TTF;.ttf;50830;1998-10-07 08:33:18;;;ok
ARXIV/UDH3/UDH3/sri/AZTLNI.TTF;ARXIV/UDH3/UDH3/sri;AZTLNI.TTF;.ttf;52938;1998-10-07 08:33:18;;;ok
ARXIV/UDH3/UDH3/sri/AZ_OLD_0.TTF;ARXIV/UDH3/UDH3/sri;AZ_OLD_0.TTF;.ttf;41678;1998-10-07 08:33:18;;;ok
ARXIV/UDH3/UDH3/sri/AZ_OLD_1.TTF;ARXIV/UDH3/UDH3/sri;AZ_OLD_1.TTF;.ttf;51464;1998-10-07 08:33:18;;;ok
ARXIV/UDH3/UDH3/sri/AZ_OLD_2.TTF;ARXIV/UDH3/UDH3/sri;AZ_OLD_2.TTF;.ttf;52312;1998-10-07 08:33:18;;;ok
ARXIV/UDH3/UDH3/sri/a3ar(ca).TTF;ARXIV/UDH3/UDH3/sri;a3ar(ca).TTF;.ttf;44840;1998-10-23 11:54:28;;;ok
ARXIV/UDH3/UDH3/sri/a3ar(cb).TTF;ARXIV/UDH3/UDH3/sri;a3ar(cb).TTF;.ttf;44384;1998-10-26 13:30:56;;;ok
ARXIV/UDH3/UDH3/sri/a3ar(ci).TTF;ARXIV/UDH3/UDH3/sri;a3ar(ci).TTF;.ttf;49788;1998-10-28 09:01:08;;;ok
ARXIV/UDH3/UDH3/sri/a3ar(co).TTF;ARXIV/UDH3/UDH3/sri;a3ar(co).TTF;.ttf;48568;1998-10-28 09:44:24;;;ok
ARXIV/UDH3/UDH3/sri/a3ar(la).TTF;ARXIV/UDH3/UDH3/sri;a3ar(la).TTF;.ttf;40080;1998-10-23 12:59:32;;;ok
ARXIV/UDH3/UDH3/sri/a3ar(lb).TTF;ARXIV/UDH3/UDH3/sri;a3ar(lb).TTF;.ttf;39972;1998-10-26 13:54:14;;;ok
ARXIV/UDH3/UDH3/sri/a3ar(li).TTF;ARXIV/UDH3/UDH3/sri;a3ar(li).TTF;.ttf;44200;1998-10-28 09:16:40;;;ok
ARXIV/UDH3/UDH3/sri/a3ar(lo).TTF;ARXIV/UDH3/UDH3/sri;a3ar(lo).TTF;.ttf;43172;1998-11-13 13:32:42;;;ok
ARXIV/UDH3/UDH3/sri/a3ar(ra0.TTF;ARXIV/UDH3/UDH3/sri;a3ar(ra0.TTF;.ttf;45260;1998-06-04 15:32:24;;;ok
ARXIV/UDH3/UDH3/sri/a3co(ca).TTF;ARXIV/UDH3/UDH3/sri;a3co(ca).TTF;.ttf;53556;1998-11-13 14:20:58;;;ok
ARXIV/UDH3/UDH3/sri/a3co(cb).TTF;ARXIV/UDH3/UDH3/sri;a3co(cb).TTF;.ttf;52888;1998-11-13 14:22:54;;;ok
ARXIV/UDH3/UDH3/sri/a3co(ci).TTF;ARXIV/UDH3/UDH3/sri;a3co(ci).TTF;.ttf;58316;1998-11-13 14:24:40;;;ok
ARXIV/UDH3/UDH3/sri/a3co(co).TTF;ARXIV/UDH3/UDH3/sri;a3co(co).TTF;.ttf;57968;1998-11-13 14:26:20;;;ok
ARXIV/UDH3/UDH3/sri/a3co(la).TTF;ARXIV/UDH3/UDH3/sri;a3co(la).TTF;.ttf;45828;1998-11-13 14:28:20;;;ok
ARXIV/UDH3/UDH3/sri/a3co(lb).TTF;ARXIV/UDH3/UDH3/sri;a3co(lb).TTF;.ttf;45392;1998-11-13 14:29:38;;;ok
ARXIV/UDH3/UDH3/sri/a3co(li).TTF;ARXIV/UDH3/UDH3/sri;a3co(li).TTF;.ttf;49216;1998-11-13 14:32:10;;;ok
ARXIV/UDH3/UDH3/sri/a3co(lo).TTF;ARXIV/UDH3/UDH3/sri;a3co(lo).TTF;.ttf;49312;1998-11-13 14:33:42;;;ok
ARXIV/UDH3/UDH3/sri/a3ti(la).TTF;ARXIV/UDH3/UDH3/sri;a3ti(la).TTF;.ttf;48608;1998-10-28 11:54:16;;;ok
ARXIV/UDH3/UDH3/sri/a3ti(lb).TTF;ARXIV/UDH3/UDH3/sri;a3ti(lb).TTF;.ttf;48576;1998-11-13 13:58:22;;;ok
ARXIV/UDH3/UDH3/sri/a3ti(li).TTF;ARXIV/UDH3/UDH3/sri;a3ti(li).TTF;.ttf;49100;1998-11-13 14:00:28;;;ok
ARXIV/UDH3/UDH3/sri/a3ti(lo).TTF;ARXIV/UDH3/UDH3/sri;a3ti(lo).TTF;.ttf;48848;1998-11-13 14:03:16;;;ok
ARXIV/UDH3/UDH3/sri/albr55w.ttf;ARXIV/UDH3/UDH3/sri;albr55w.ttf;.ttf;92344;1998-09-01 09:08:52;;;ok
ARXIV/UDH3/UDH3/sri/albr56w.ttf;ARXIV/UDH3/UDH3/sri;albr56w.ttf;.ttf;83376;1998-09-01 08:08:54;;;ok
ARXIV/UDH3/UDH3/sri/albr65w.ttf;ARXIV/UDH3/UDH3/sri;albr65w.ttf;.ttf;91900;1998-09-01 08:08:48;;;ok
ARXIV/UDH3/UDH3/sri/albr85w.ttf;ARXIV/UDH3/UDH3/sri;albr85w.ttf;.ttf;92088;1998-09-01 09:08:50;;;ok
ARXIV/UDH3/UDH3/sri/arial.ttf;ARXIV/UDH3/UDH3/sri;arial.ttf;.ttf;367112;2003-06-19 07:05:04;;;ok
ARXIV/UDH3/UDH3/sri/az_kino.TTF;ARXIV/UDH3/UDH3/sri;az_kino.TTF;.ttf;44406;1999-11-23 13:00:32;;;ok
ARXIV/UDH3/UDH3/sri/az_old_3.TTF;ARXIV/UDH3/UDH3/sri;az_old_3.TTF;.ttf;54404;1999-11-23 13:00:32;;;ok
ARXIV/UDH3/UDH3/sri/azadverg.TTF;ARXIV/UDH3/UDH3/sri;azadverg.TTF;.ttf;46334;1999-11-23 13:00:32;;;ok
ARXIV/UDH3/UDH3/sri/azantiq.TTF;ARXIV/UDH3/UDH3/sri;azantiq.TTF;.ttf;68738;1999-11-23 13:00:32;;;ok
ARXIV/UDH3/UDH3/sri/azantiq0.TTF;ARXIV/UDH3/UDH3/sri;azantiq0.TTF;.ttf;69266;1999-11-23 13:00:32;;;ok
ARXIV/UDH3/UDH3/sri/azantiq1.TTF;ARXIV/UDH3/UDH3/sri;azantiq1.TTF;.ttf;75134;1999-11-23 13:00:32;;;ok
ARXIV/UDH3/UDH3/sri/azantiq2.TTF;ARXIV/UDH3/UDH3/sri;azantiq2.TTF;.ttf;106282;1999-11-23 13:00:32;;;ok
ARXIV/UDH3/UDH3/sri/azari_.TTF;ARXIV/UDH3/UDH3/sri;azari_.TTF;.ttf;37992;1997-03-11 09:00:16;;;ok
ARXIV/UDH3/UDH3/sri/azari_l.TTF;ARXIV/UDH3/UDH3/sri;azari_l.TTF;.ttf;34386;1999-11-23 13:00:32;;;ok
ARXIV/UDH3/UDH3/sri/azarib_.TTF;ARXIV/UDH3/UDH3/sri;azarib_.TTF;.ttf;38396;1997-03-11 09:02:22;;;ok
ARXIV/UDH3/UDH3/sri/azarib_l.TTF;ARXIV/UDH3/UDH3/sri;azarib_l.TTF;.ttf;33294;1999-11-23 13:00:32;;;ok
ARXIV/UDH3/UDH3/sri/azaribi_.TTF;ARXIV/UDH3/UDH3/sri;azaribi_.TTF;.ttf;39996;1997-03-11 09:03:24;;;ok
ARXIV/UDH3/UDH3/sri/azaribil.TTF;ARXIV/UDH3/UDH3/sri;azaribil.TTF;.ttf;33962;1999-11-23 13:00:32;;;ok
ARXIV/UDH3/UDH3/sri/azarii_.TTF;ARXIV/UDH3/UDH3/sri;azarii_.TTF;.ttf;39952;1997-03-11 09:01:36;;;ok
ARXIV/UDH3/UDH3/sri/azarii_l.TTF;ARXIV/UDH3/UDH3/sri;azarii_l.TTF;.ttf;34382;1999-11-23 13:00:32;;;ok
ARXIV/UDH3/UDH3/sri/azbrd_en.TTF;ARXIV/UDH3/UDH3/sri;azbrd_en.TTF;.ttf;68720;1999-11-23 13:00:32;;;ok
ARXIV/UDH3/UDH3/sri/azbrd_i.TTF;ARXIV/UDH3/UDH3/sri;azbrd_i.TTF;.ttf;146944;1999-11-23 13:00:32;;;ok
ARXIV/UDH3/UDH3/sri/azcop_b.TTF;ARXIV/UDH3/UDH3/sri;azcop_b.TTF;.ttf;121076;1999-11-23 13:00:32;;;ok
ARXIV/UDH3/UDH3/sri/azcop_bi.TTF;ARXIV/UDH3/UDH3/sri;azcop_bi.TTF;.ttf;135628;1999-11-23 13:00:32;;;ok
ARXIV/UDH3/UDH3/sri/azcop_l.TTF;ARXIV/UDH3/UDH3/sri;azcop_l.TTF;.ttf;83766;1999-11-23 13:00:32;;;ok
ARXIV/UDH3/UDH3/sri/azerie_l.TTF;ARXIV/UDH3/UDH3/sri;azerie_l.TTF;.ttf;40088;1999-11-23 13:00:32;;;ok
ARXIV/UDH3/UDH3/sri/azeriebl.TTF;ARXIV/UDH3/UDH3/sri;azeriebl.TTF;.ttf;36660;1999-11-23 13:00:32;;;ok
ARXIV/UDH3/UDH3/sri/azhcni_0.TTF;ARXIV/UDH3/UDH3/sri;azhcni_0.TTF;.ttf;33624;1999-11-23 13:00:32;;;ok
ARXIV/UDH3/UDH3/sri/azltm.TTF;ARXIV/UDH3/UDH3/sri;azltm.TTF;.ttf;74256;1998-09-14 08:18:46;;;ok
ARXIV/UDH3/UDH3/sri/azltmb.TTF;ARXIV/UDH3/UDH3/sri;azltmb.TTF;.ttf;74048;1998-09-14 08:20:28;;;ok
ARXIV/UDH3/UDH3/sri/azltmbi.TTF;ARXIV/UDH3/UDH3/sri;azltmbi.TTF;.ttf;75424;1998-09-14 08:22:32;;;ok
ARXIV/UDH3/UDH3/sri/azltmi.TTF;ARXIV/UDH3/UDH3/sri;azltmi.TTF;.ttf;76132;1998-09-14 08:23:56;;;ok
ARXIV/UDH3/UDH3/sri/azold3.TTF;ARXIV/UDH3/UDH3/sri;azold3.TTF;.ttf;42300;1999-11-23 13:00:32;;;ok
ARXIV/UDH3/UDH3/sri/azprz.TTF;ARXIV/UDH3/UDH3/sri;azprz.TTF;.ttf;50696;1999-11-23 13:00:32;;;ok
ARXIV/UDH3/UDH3/sri/azprz_b.TTF;ARXIV/UDH3/UDH3/sri;azprz_b.TTF;.ttf;92844;1999-11-23 13:00:32;;;ok
ARXIV/UDH3/UDH3/sri/azprz_bi.TTF;ARXIV/UDH3/UDH3/sri;azprz_bi.TTF;.ttf;101988;1999-11-23 13:00:32;;;ok
ARXIV/UDH3/UDH3/sri/azprz_i.TTF;ARXIV/UDH3/UDH3/sri;azprz_i.TTF;.ttf;100560;1999-11-23 13:00:32;;;ok
ARXIV/UDH3/UDH3/sri/azrene.TTF;ARXIV/UDH3/UDH3/sri;azrene.TTF;.ttf;44412;1999-11-23 13:00:32;;;ok
ARXIV/UDH3/UDH3/sri/azrenei.TTF;ARXIV/UDH3/UDH3/sri;azrenei.TTF;.ttf;45324;1999-11-23 13:00:32;;;ok
ARXIV/UDH3/UDH3/sri/aztcbi.TTF;ARXIV/UDH3/UDH3/sri;aztcbi.TTF;.ttf;48030;1999-11-23 13:00:32;;;ok
ARXIV/UDH3/UDH3/sri/aztcni_0.TTF;ARXIV/UDH3/UDH3/sri;aztcni_0.TTF;.ttf;48538;1999-11-23 13:00:32;;;ok
ARXIV/UDH3/UDH3/sri/aztln__0.TTF;ARXIV/UDH3/UDH3/sri;aztln__0.TTF;.ttf;45674;1999-11-23 13:00:32;;;ok
ARXIV/UDH3/UDH3/sri/aztms.TTF;ARXIV/UDH3/UDH3/sri;aztms.TTF;.ttf;45886;1999-11-23 13:00:32;;;ok
ARXIV/UDH3/UDH3/sri/aztms_b.TTF;ARXIV/UDH3/UDH3/sri;aztms_b.TTF;.ttf;52292;1996-11-16 10:49:00;;;ok
ARXIV/UDH3/UDH3/sri/aztms_bi.TTF;ARXIV/UDH3/UDH3/sri;aztms_bi.TTF;.ttf;54688;1996-11-16 11:20:02;;;ok
ARXIV/UDH3/UDH3/sri/aztms_i.TTF;ARXIV/UDH3/UDH3/sri;aztms_i.TTF;.ttf;55120;1996-11-16 11:51:04;;;ok
ARXIV/UDH3/UDH3/sri/azweb___.TTF;ARXIV/UDH3/UDH3/sri;azweb___.TTF;.ttf;66332;1999-04-16 18:51:42;;;ok
ARXIV/UDH3/UDH3/sri/azwebb__.ttf;ARXIV/UDH3/UDH3/sri;azwebb__.ttf;.ttf;58348;1999-04-16 18:50:00;;;ok
ARXIV/UDH3/UDH3/sri/azwebi__.TTF;ARXIV/UDH3/UDH3/sri;azwebi__.TTF;.ttf;64936;1999-04-16 18:47:48;;;ok
ARXIV/UDH3/UDH3/sri/azwebn__.ttf;ARXIV/UDH3/UDH3/sri;azwebn__.ttf;.ttf;59332;1999-04-16 18:46:34;;;ok
ARXIV/UDH3/UDH3/sri/olvr55w.ttf;ARXIV/UDH3/UDH3/sri;olvr55w.ttf;.ttf;83148;1998-09-01 09:08:54;;;ok
ARXIV/UDH3/UDH3/sri/olvr56w.ttf;ARXIV/UDH3/UDH3/sri;olvr56w.ttf;.ttf;78224;1998-09-01 09:08:56;;;ok
ARXIV/UDH3/UDH3/sri/olvr75w.ttf;ARXIV/UDH3/UDH3/sri;olvr75w.ttf;.ttf;83424;1998-09-01 09:08:58;;;ok
ARXIV/UDH3/UDH3/sri/olvr93w.ttf;ARXIV/UDH3/UDH3/sri;olvr93w.ttf;.ttf;83432;1998-09-01 08:09:00;;;ok
ARXIV/UDH3/Vfp98/BEAUTIFY.APP;ARXIV/UDH3/Vfp98;BEAUTIFY.APP;.app;2391;1998-05-24 19:00:00;;;ok
ARXIV/UDH3/Vfp98/BROWSER.APP;ARXIV/UDH3/Vfp98;BROWSER.APP;.app;829339;1998-05-30 19:00:00;;;ok
ARXIV/UDH3/Vfp98/BUILDER.APP;ARXIV/UDH3/Vfp98;BUILDER.APP;.app;179988;1998-05-24 19:00:00;;;ok
ARXIV/UDH3/Vfp98/CONVERT.APP;ARXIV/UDH3/Vfp98;CONVERT.APP;.app;585136;1998-05-24 19:00:00;;;ok
ARXIV/UDH3/Vfp98/COVERAGE.APP;ARXIV/UDH3/Vfp98;COVERAGE.APP;.app;464919;1998-05-24 19:00:00;;;ok
ARXIV/UDH3/Vfp98/DDEREG.EXE;ARXIV/UDH3/Vfp98;DDEREG.EXE;.exe;21216;1998-05-24 19:00:00;;;ok
ARXIV/UDH3/Vfp98/EUROPEAN.MEM;ARXIV/UDH3/Vfp98;EUROPEAN.MEM;.mem;577;1998-05-24 19:00:00;;;ok
ARXIV/UDH3/Vfp98/FOX.BMP;ARXIV/UDH3/Vfp98;FOX.BMP;.bmp;534;1998-05-24 19:00:00;;;ok
ARXIV/UDH3/Vfp98/FOX.MSK;ARXIV/UDH3/Vfp98;FOX.MSK;.msk;166;1998-05-24 19:00:00;;;ok
ARXIV/UDH3/Vfp98/FOXFONT.850;ARXIV/UDH3/Vfp98;FOXFONT.850;.850;16600;1998-05-24 19:00:00;;;ok
ARXIV/UDH3/Vfp98/FOXFONT.852;ARXIV/UDH3/Vfp98;FOXFONT.852;.852;16596;1998-05-24 19:00:00;;;ok
ARXIV/UDH3/Vfp98/FOXFONT.866;ARXIV/UDH3/Vfp98;FOXFONT.866;.866;16596;1998-05-24 19:00:00;;;ok
ARXIV/UDH3/Vfp98/FOXFONT.FON;ARXIV/UDH3/Vfp98;FOXFONT.FON;.fon;16596;1998-05-24 19:00:00;;;ok
ARXIV/UDH3/Vfp98/FOXHHELP.EXE;ARXIV/UDH3/Vfp98;FOXHHELP.EXE;.exe;26112;1998-06-08 19:00:00;;;ok
ARXIV/UDH3/Vfp98/FOXPRO.H;ARXIV/UDH3/Vfp98;FOXPRO.H;.h;39489;1998-05-24 19:00:00;;;ok
ARXIV/UDH3/Vfp98/FOXRUN.PIF;ARXIV/UDH3/Vfp98;FOXRUN.PIF;.pif;707;1998-05-24 19:00:00;;;ok
ARXIV/UDH3/Vfp98/FOXTOOLS.FLL;ARXIV/UDH3/Vfp98;FOXTOOLS.FLL;.fll;41548;1998-06-08 19:00:00;;;ok
ARXIV/UDH3/Vfp98/FOXUSER.DBF;ARXIV/UDH3/Vfp98;FOXUSER.DBF;.dbf;11033;2019-10-28 11:18:11;DBF;Visual FoxPro;ok
ARXIV/UDH3/Vfp98/FOXUSER.FPT;ARXIV/UDH3/Vfp98;FOXUSER.FPT;.fpt;115392;2019-10-28 11:18:11;;;ok
ARXIV/UDH3/Vfp98/FPOLE.DLL;ARXIV/UDH3/Vfp98;FPOLE.DLL;.dll;43520;1998-06-08 19:00:00;;;ok
ARXIV/UDH3/Vfp98/FPOLE.OCX;ARXIV/UDH3/Vfp98;FPOLE.OCX;.ocx;45624;1998-06-22 19:00:00;;;ok
ARXIV/UDH3/Vfp98/GALLERY.APP;ARXIV/UDH3/Vfp98;GALLERY.APP;.app;490;1998-05-24 19:00:00;;;ok
ARXIV/UDH3/Vfp98/GENHTML.PRG;ARXIV/UDH3/Vfp98;GENHTML.PRG;.prg;20616;1998-05-24 19:00:00;;;ok
ARXIV/UDH3/Vfp98/GENMENU.PRG;ARXIV/UDH3/Vfp98;GENMENU.PRG;.prg;75930;1998-05-24 19:00:00;;;ok
ARXIV/UDH3/Vfp98/HLP2FOX.PRG;ARXIV/UDH3/Vfp98;HLP2FOX.PRG;.prg;2220;1998-05-24 19:00:00;;;ok
ARXIV/UDH3/Vfp98/LABELS.DBF;ARXIV/UDH3/Vfp98;LABELS.DBF;.dbf;6622;1998-05-24 19:00:00;DBF;FoxPro 2.x с memo (.fpt);ok
ARXIV/UDH3/Vfp98/LABELS.FPT;ARXIV/UDH3/Vfp98;LABELS.FPT;.fpt;11520;1998-05-24 19:00:00;;;ok
ARXIV/UDH3/Vfp98/MSCREATE.DIR;ARXIV/UDH3/Vfp98;MSCREATE.DIR;.dir;0;2004-07-20 18:09:22;;;ok
ARXIV/UDH3/Vfp98/RESERVED.FLL;ARXIV/UDH3/Vfp98;RESERVED.FLL;.fll;9728;1998-06-08 19:00:00;;;ok
ARXIV/UDH3/Vfp98/RUNACTD.PRG;ARXIV/UDH3/Vfp98;RUNACTD.PRG;.prg;8505;1998-05-24 19:00:00;;;ok
ARXIV/UDH3/Vfp98/SCCTEXT.PRG;ARXIV/UDH3/Vfp98;SCCTEXT.PRG;.prg;59390;1998-05-24 19:00:00;;;ok
ARXIV/UDH3/Vfp98/SPELLCHK.APP;ARXIV/UDH3/Vfp98;SPELLCHK.APP;.app;77607;1998-05-24 19:00:00;;;ok
ARXIV/UDH3/Vfp98/VFP6.EXE;ARXIV/UDH3/Vfp98;VFP6.EXE;.exe;4192528;1998-06-15 19:00:00;;;ok
ARXIV/UDH3/Vfp98/VFP6.rar;ARXIV/UDH3/Vfp98;VFP6.rar;.rar;2062531;2007-09-12 05:31:26;;;ok
ARXIV/UDH3/Vfp98/VFP6ENU.DLL;ARXIV/UDH3/Vfp98;VFP6ENU.DLL;.dll;1094144;1998-06-15 19:00:00;;;ok
ARXIV/UDH3/Vfp98/VFP6FAQ.TXT;ARXIV/UDH3/Vfp98;VFP6FAQ.TXT;.txt;39172;1998-05-24 19:00:00;;;ok
ARXIV/UDH3/Vfp98/VFP6STRT.APP;ARXIV/UDH3/Vfp98;VFP6STRT.APP;.app;792258;1998-05-24 19:00:00;;;ok
ARXIV/UDH3/Vfp98/VFPXTAB.PRG;ARXIV/UDH3/Vfp98;VFPXTAB.PRG;.prg;42722;1998-05-24 19:00:00;;;ok
ARXIV/UDH3/Vfp98/WIZARD.APP;ARXIV/UDH3/Vfp98;WIZARD.APP;.app;101446;1998-05-24 19:00:00;;;ok
ARXIV/UDH3/Vfp98/ccc2.dbf;ARXIV/UDH3/Vfp98;ccc2.dbf;.dbf;31111;2006-03-30 12:23:44;DBF;Visual FoxPro;ok
ARXIV/UDH3/Vfp98/ccc3.dbf;ARXIV/UDH3/Vfp98;ccc3.dbf;.dbf;31111;2006-03-30 12:23:44;DBF;Visual FoxPro;ok
ARXIV/UDH3/Vfp98/foxhhelpps.dll;ARXIV/UDH3/Vfp98;foxhhelpps.dll;.dll;6656;1998-06-08 19:00:00;;;ok
ARXIV/UDH3/Vfp98/ssf2.DBF;ARXIV/UDH3/Vfp98;ssf2.DBF;.dbf;28773;2005-02-22 07:53:20;DBF;Visual FoxPro;ok
ARXIV/UDH3/Vfp98/ssf4.dbf;ARXIV/UDH3/Vfp98;ssf4.dbf;.dbf;1504;2005-02-15 05:14:28;DBF;Visual FoxPro;ok
ARXIV/UDH3/Vfp98/sss2.dbf;ARXIV/UDH3/Vfp98;sss2.dbf;.dbf;3946;2019-10-30 05:39:04;DBF;Visual FoxPro;ok
ARXIV/UDH3/Vfp98/sss4.dbf;ARXIV/UDH3/Vfp98;sss4.dbf;.dbf;21854;2005-02-15 05:03:54;DBF;Visual FoxPro;ok
ARXIV/UDH3/Vfp98/Api/MSCREATE.DIR;ARXIV/UDH3/Vfp98/Api;MSCREATE.DIR;.dir;0;2004-07-20 18:09:34;;;ok
ARXIV/UDH3/Vfp98/Api/OCXAPI.LIB;ARXIV/UDH3/Vfp98/Api;OCXAPI.LIB;.lib;51448;1998-05-24 19:00:00;;;ok
ARXIV/UDH3/Vfp98/Api/PRO_EXT.H;ARXIV/UDH3/Vfp98/Api;PRO_EXT.H;.h;40964;1998-03-27 19:00:00;;;ok
ARXIV/UDH3/Vfp98/Api/WINAPIMS.LIB;ARXIV/UDH3/Vfp98/Api;WINAPIMS.LIB;.lib;49082;1998-05-24 19:00:00;;;ok
ARXIV/UDH3/Vfp98/Api/Samples/EVENT.C;ARXIV/UDH3/Vfp98/Api/Samples;EVENT.C;.c;9807;1998-05-24 19:00:00;;;ok
ARXIV/UDH3/Vfp98/Api/Samples/EXAMPLES.DBF;ARXIV/UDH3/Vfp98/Api/Samples;EXAMPLES.DBF;.dbf;5327;1998-05-24 19:00:00;DBF;Visual FoxPro;ok
ARXIV/UDH3/Vfp98/Api/Samples/EXAMPLES.FPT;ARXIV/UDH3/Vfp98/Api/Samples;EXAMPLES.FPT;.fpt;272896;1998-05-24 19:00:00;;;ok
ARXIV/UDH3/Vfp98/Api/Samples/GREETING.MAK;ARXIV/UDH3/Vfp98/Api/Samples;GREETING.MAK;.mak;6053;1998-05-24 19:00:00;;;ok
ARXIV/UDH3/Vfp98/Api/Samples/HELLO.C;ARXIV/UDH3/Vfp98/Api/Samples;HELLO.C;.c;425;1998-05-24 19:00:00;;;ok
ARXIV/UDH3/Vfp98/Api/Samples/LOGIREPL.C;ARXIV/UDH3/Vfp98/Api/Samples;LOGIREPL.C;.c;1032;1998-05-24 19:00:00;;;ok
ARXIV/UDH3/Vfp98/Api/Samples/MEMREPL.C;ARXIV/UDH3/Vfp98/Api/Samples;MEMREPL.C;.c;2271;1998-05-24 19:00:00;;;ok
ARXIV/UDH3/Vfp98/Api/Samples/MODIFER.C;ARXIV/UDH3/Vfp98/Api/Samples;MODIFER.C;.c;1931;1998-05-24 19:00:00;;;ok
ARXIV/UDH3/Vfp98/Api/Samples/MSCREATE.DIR;ARXIV/UDH3/Vfp98/Api/Samples;MSCREATE.DIR;.dir;0;2004-07-20 18:09:34;;;ok
ARXIV/UDH3/Vfp98/Api/Samples/NEWVAR.C;ARXIV/UDH3/Vfp98/Api/Samples;NEWVAR.C;.c;1494;1998-05-24 19:00:00;;;ok
ARXIV/UDH3/Vfp98/Api/Samples/REVERSE.C;ARXIV/UDH3/Vfp98/Api/Samples;REVERSE.C;.c;1619;1998-05-24 19:00:00;;;ok
ARXIV/UDH3/Vfp98/Api/Samples/Foxtlib/FOXTLIB.CPP;ARXIV/UDH3/Vfp98/Api/Samples/Foxtlib;FOXTLIB.CPP;.cpp;1911;1998-05-24 19:00:00;;;ok
ARXIV/UDH3/Vfp98/Api/Samples/Foxtlib/FOXTLIB.DEF;ARXIV/UDH3/Vfp98/Api/Samples/Foxtlib;FOXTLIB.DEF;.def;222;1998-05-24 19:00:00;;;ok
ARXIV/UDH3/Vfp98/Api/Samples/Foxtlib/FOXTLIB.H;ARXIV/UDH3/Vfp98/Api/Samples/Foxtlib;FOXTLIB.H;.h;531;1998-05-24 19:00:00;;;ok
ARXIV/UDH3/Vfp98/Api/Samples/Foxtlib/FOXTLIB.MAK;ARXIV/UDH3/Vfp98/Api/Samples/Foxtlib;FOXTLIB.MAK;.mak;23862;1998-05-24 19:00:00;;;ok
ARXIV/UDH3/Vfp98/Api/Samples/Foxtlib/FOXTLIB.ODL;ARXIV/UDH3/Vfp98/Api/Samples/Foxtlib;FOXTLIB.ODL;.odl;2473;1998-05-24 19:00:00;;;ok
ARXIV/UDH3/Vfp98/Api/Samples/Foxtlib/FOXTLIB.RC;ARXIV/UDH3/Vfp98/Api/Samples/Foxtlib;FOXTLIB.RC;.rc;3089;1998-05-24 19:00:00;;;ok
ARXIV/UDH3/Vfp98/Api/Samples/Foxtlib/MSCREATE.DIR;ARXIV/UDH3/Vfp98/Api/Samples/Foxtlib;MSCREATE.DIR;.dir;0;2004-07-20 18:09:34;;;ok
ARXIV/UDH3/Vfp98/Api/Samples/Foxtlib/README.TXT;ARXIV/UDH3/Vfp98/Api/Samples/Foxtlib;README.TXT;.txt;3714;1998-05-26 19:00:00;;;ok
ARXIV/UDH3/Vfp98/Api/Samples/Foxtlib/RESOURCE.H;ARXIV/UDH3/Vfp98/Api/Samples/Foxtlib;RESOURCE.H;.h;484;1998-05-24 19:00:00;;;ok
ARXIV/UDH3/Vfp98/Api/Samples/Foxtlib/STDAFX.CPP;ARXIV/UDH3/Vfp98/Api/Samples/Foxtlib;STDAFX.CPP;.cpp;204;1998-05-24 19:00:00;;;ok
ARXIV/UDH3/Vfp98/Api/Samples/Foxtlib/STDAFX.H;ARXIV/UDH3/Vfp98/Api/Samples/Foxtlib;STDAFX.H;.h;534;1998-05-24 19:00:00;;;ok
ARXIV/UDH3/Vfp98/Api/Samples/Foxtlib/foxtlibctl.bmp;ARXIV/UDH3/Vfp98/Api/Samples/Foxtlib;foxtlibctl.bmp;.bmp;238;1998-05-24 19:00:00;;;ok
ARXIV/UDH3/Vfp98/Api/Samples/Foxtlib/foxtlibctl.cpp;ARXIV/UDH3/Vfp98/Api/Samples/Foxtlib;foxtlibctl.cpp;.cpp;36491;1998-05-24 19:00:00;;;ok
ARXIV/UDH3/Vfp98/Api/Samples/Foxtlib/foxtlibctl.h;ARXIV/UDH3/Vfp98/Api/Samples/Foxtlib;foxtlibctl.h;.h;2949;1998-05-24 19:00:00;;;ok
ARXIV/UDH3/Vfp98/Api/Samples/Foxtlib/foxtlibppg.cpp;ARXIV/UDH3/Vfp98/Api/Samples/Foxtlib;foxtlibppg.cpp;.cpp;2395;1998-05-24 19:00:00;;;ok
ARXIV/UDH3/Vfp98/Api/Samples/Foxtlib/foxtlibppg.h;ARXIV/UDH3/Vfp98/Api/Samples/Foxtlib;foxtlibppg.h;.h;984;1998-05-24 19:00:00;;;ok
ARXIV/UDH3/Vfp98/Distrib.src/ACTIVEX.DEP;ARXIV/UDH3/Vfp98/Distrib.src;ACTIVEX.DEP;.dep;5527;1998-05-24 19:00:00;;;ok
ARXIV/UDH3/Vfp98/Distrib.src/COMPRESS.DBF;ARXIV/UDH3/Vfp98/Distrib.src;COMPRESS.DBF;.dbf;29615;1998-05-24 19:00:00;DBF;dBase III / FoxPro без memo;ok
ARXIV/UDH3/Vfp98/Distrib.src/GR8409.DLL;ARXIV/UDH3/Vfp98/Distrib.src;GR8409.DLL;.dll;5120;1998-04-23 19:00:00;;;ok
ARXIV/UDH3/Vfp98/Distrib.src/GR8GALRY.GRA;ARXIV/UDH3/Vfp98/Distrib.src;GR8GALRY.GRA;.gra;229376;1998-04-23 19:00:00;;;ok
ARXIV/UDH3/Vfp98/Distrib.src/GRAPH8.DEP;ARXIV/UDH3/Vfp98/Distrib.src;GRAPH8.DEP;.dep;3658;1998-05-24 19:00:00;;;ok
ARXIV/UDH3/Vfp98/Distrib.src/GRAPH8.EXE;ARXIV/UDH3/Vfp98/Distrib.src;GRAPH8.EXE;.exe;1584912;1998-04-23 19:00:00;;;ok
ARXIV/UDH3/Vfp98/Distrib.src/GRAPH8.OLB;ARXIV/UDH3/Vfp98/Distrib.src;GRAPH8.OLB;.olb;111104;1998-04-23 19:00:00;;;ok
ARXIV/UDH3/Vfp98/Distrib.src/GRAPH8RT.SRG;ARXIV/UDH3/Vfp98/Distrib.src;GRAPH8RT.SRG;.srg;3307;1998-04-23 19:00:00;;;ok
ARXIV/UDH3/Vfp98/Distrib.src/GRINTL32.DLL;ARXIV/UDH3/Vfp98/Distrib.src;GRINTL32.DLL;.dll;161792;1998-04-23 19:00:00;;;ok
ARXIV/UDH3/Vfp98/Distrib.src/MRT7ENU.DLL;ARXIV/UDH3/Vfp98/Distrib.src;MRT7ENU.DLL;.dll;487184;1998-04-23 19:00:00;;;ok
ARXIV/UDH3/Vfp98/Distrib.src/MSCREATE.DIR;ARXIV/UDH3/Vfp98/Distrib.src;MSCREATE.DIR;.dir;0;2004-07-20 18:09:28;;;ok
ARXIV/UDH3/Vfp98/Distrib.src/MSO97RT.DLL;ARXIV/UDH3/Vfp98/Distrib.src;MSO97RT.DLL;.dll;3673360;1998-04-23 19:00:00;;;ok
ARXIV/UDH3/Vfp98/Distrib.src/ODBC.DEP;ARXIV/UDH3/Vfp98/Distrib.src;ODBC.DEP;.dep;22154;1998-05-24 19:00:00;;;ok
ARXIV/UDH3/Vfp98/Distrib.src/SCP32.DLL;ARXIV/UDH3/Vfp98/Distrib.src;SCP32.DLL;.dll;15872;1998-03-23 19:00:00;;;ok
ARXIV/UDH3/Vfp98/Distrib.src/SETUP.DEP;ARXIV/UDH3/Vfp98/Distrib.src;SETUP.DEP;.dep;2035;1998-05-24 19:00:00;;;ok
ARXIV/UDH3/Vfp98/Distrib.src/VFP6R.DEP;ARXIV/UDH3/Vfp98/Distrib.src;VFP6R.DEP;.dep;3682;1998-05-24 19:00:00;;;ok
ARXIV/UDH3/Vfp98/Distrib.src/VFP6R.REG;ARXIV/UDH3/Vfp98/Distrib.src;VFP6R.REG;.reg;870;1998-05-24 19:00:00;;;ok
ARXIV/UDH3/Vfp98/Distrib.src/Setup/ACMSETUP.EXE;ARXIV/UDH3/Vfp98/Distrib.src/Setup;ACMSETUP.EXE;.exe;371200;1998-05-10 19:00:00;;;ok
ARXIV/UDH3/Vfp98/Distrib.src/Setup/ACMSETUP.HLP;ARXIV/UDH3/Vfp98/Distrib.src/Setup;ACMSETUP.HLP;.hlp;14490;1998-04-23 19:00:00;;;ok
ARXIV/UDH3/Vfp98/Distrib.src/Setup/ADVPACK.DLL;ARXIV/UDH3/Vfp98/Distrib.src/Setup;ADVPACK.DLL;.dll;74960;1998-04-23 19:00:00;;;ok
ARXIV/UDH3/Vfp98/Distrib.src/Setup/DEFAULT.SED;ARXIV/UDH3/Vfp98/Distrib.src/Setup;DEFAULT.SED;.sed;1053;1998-04-23 19:00:00;;;ok
ARXIV/UDH3/Vfp98/Distrib.src/Setup/DIANTZ.EXE;ARXIV/UDH3/Vfp98/Distrib.src/Setup;DIANTZ.EXE;.exe;121344;1998-04-23 19:00:00;;;ok
ARXIV/UDH3/Vfp98/Distrib.src/Setup/IEXPRESS.EXE;ARXIV/UDH3/Vfp98/Distrib.src/Setup;IEXPRESS.EXE;.exe;130880;1998-04-23 19:00:00;;;ok
ARXIV/UDH3/Vfp98/Distrib.src/Setup/MAKECAB.EXE;ARXIV/UDH3/Vfp98/Distrib.src/Setup;MAKECAB.EXE;.exe;152576;1998-04-23 19:00:00;;;ok
ARXIV/UDH3/Vfp98/Distrib.src/Setup/MSCREATE.DIR;ARXIV/UDH3/Vfp98/Distrib.src/Setup;MSCREATE.DIR;.dir;0;2004-07-20 18:09:32;;;ok
ARXIV/UDH3/Vfp98/Distrib.src/Setup/MSSETUP.DLL;ARXIV/UDH3/Vfp98/Distrib.src/Setup;MSSETUP.DLL;.dll;283136;1998-04-23 19:00:00;;;ok
ARXIV/UDH3/Vfp98/Distrib.src/Setup/ODBCCONF.EXE;ARXIV/UDH3/Vfp98/Distrib.src/Setup;ODBCCONF.EXE;.exe;31744;1998-06-21 19:00:00;;;ok
ARXIV/UDH3/Vfp98/Distrib.src/Setup/ODBCKEY.INF;ARXIV/UDH3/Vfp98/Distrib.src/Setup;ODBCKEY.INF;.inf;3281;1998-05-30 19:00:00;;;ok
ARXIV/UDH3/Vfp98/Distrib.src/Setup/ODBCSTF.DLL;ARXIV/UDH3/Vfp98/Distrib.src/Setup;ODBCSTF.DLL;.dll;28672;1998-06-21 19:00:00;;;ok
ARXIV/UDH3/Vfp98/Distrib.src/Setup/SETUP.EXE;ARXIV/UDH3/Vfp98/Distrib.src/Setup;SETUP.EXE;.exe;74192;1998-04-23 19:00:00;;;ok
ARXIV/UDH3/Vfp98/Distrib.src/Setup/SETUP.INI;ARXIV/UDH3/Vfp98/Distrib.src/Setup;SETUP.INI;.ini;149;1998-04-23 19:00:00;;;ok
ARXIV/UDH3/Vfp98/Distrib.src/Setup/SETUP.STF;ARXIV/UDH3/Vfp98/Distrib.src/Setup;SETUP.STF;.stf;67;1998-04-23 19:00:00;;;ok
ARXIV/UDH3/Vfp98/Distrib.src/Setup/SETUP.TDF;ARXIV/UDH3/Vfp98/Distrib.src/Setup;SETUP.TDF;.tdf;84;1998-04-23 19:00:00;;;ok
ARXIV/UDH3/Vfp98/Distrib.src/Setup/UPDFILE.EXE;ARXIV/UDH3/Vfp98/Distrib.src/Setup;UPDFILE.EXE;.exe;61936;1998-04-23 19:00:00;;;ok
ARXIV/UDH3/Vfp98/Distrib.src/Setup/W95INF16.DLL;ARXIV/UDH3/Vfp98/Distrib.src/Setup;W95INF16.DLL;.dll;2272;1998-04-23 19:00:00;;;ok
ARXIV/UDH3/Vfp98/Distrib.src/Setup/W95INF32.DLL;ARXIV/UDH3/Vfp98/Distrib.src/Setup;W95INF32.DLL;.dll;4608;1998-04-23 19:00:00;;;ok
ARXIV/UDH3/Vfp98/Distrib.src/Setup/WEXTRACT.EXE;ARXIV/UDH3/Vfp98/Distrib.src/Setup;WEXTRACT.EXE;.exe;70368;1998-04-23 19:00:00;;;ok
ARXIV/UDH3/Vfp98/Distrib.src/Setup/WIZSET32.DLL;ARXIV/UDH3/Vfp98/Distrib.src/Setup;WIZSET32.DLL;.dll;60928;1998-04-23 19:00:00;;;ok
ARXIV/UDH3/Vfp98/Distrib.src/System/12500852.CPX;ARXIV/UDH3/Vfp98/Distrib.src/System;12500852.CPX;.cpx;2320;1998-04-23 19:00:00;;;ok
ARXIV/UDH3/Vfp98/Distrib.src/System/12510866.CPX;ARXIV/UDH3/Vfp98/Distrib.src/System;12510866.CPX;.cpx;2318;1998-04-23 19:00:00;;;ok
ARXIV/UDH3/Vfp98/Distrib.src/System/12520437.CPX;ARXIV/UDH3/Vfp98/Distrib.src/System;12520437.CPX;.cpx;2151;1998-04-23 19:00:00;;;ok
ARXIV/UDH3/Vfp98/Distrib.src/System/12520850.CPX;ARXIV/UDH3/Vfp98/Distrib.src/System;12520850.CPX;.cpx;2233;1998-04-23 19:00:00;;;ok
ARXIV/UDH3/Vfp98/Distrib.src/System/12520860.CPX;ARXIV/UDH3/Vfp98/Distrib.src/System;12520860.CPX;.cpx;2167;1998-04-23 19:00:00;;;ok
ARXIV/UDH3/Vfp98/Distrib.src/System/12520861.CPX;ARXIV/UDH3/Vfp98/Distrib.src/System;12520861.CPX;.cpx;2162;1998-04-23 19:00:00;;;ok
ARXIV/UDH3/Vfp98/Distrib.src/System/12520863.CPX;ARXIV/UDH3/Vfp98/Distrib.src/System;12520863.CPX;.cpx;2173;1998-04-23 19:00:00;;;ok
ARXIV/UDH3/Vfp98/Distrib.src/System/12520865.CPX;ARXIV/UDH3/Vfp98/Distrib.src/System;12520865.CPX;.cpx;2147;1998-04-23 19:00:00;;;ok
ARXIV/UDH3/Vfp98/Distrib.src/System/ASYCFILT.DLL;ARXIV/UDH3/Vfp98/Distrib.src/System;ASYCFILT.DLL;.dll;147728;1998-06-17 19:00:00;;;ok
ARXIV/UDH3/Vfp98/Distrib.src/System/AUTMGR32.EXE;ARXIV/UDH3/Vfp98/Distrib.src/System;AUTMGR32.EXE;.exe;153088;1998-04-23 19:00:00;;;ok
ARXIV/UDH3/Vfp98/Distrib.src/System/AUTPRX32.DLL;ARXIV/UDH3/Vfp98/Distrib.src/System;AUTPRX32.DLL;.dll;140288;1998-05-30 19:00:00;;;ok
ARXIV/UDH3/Vfp98/Distrib.src/System/CLIREG32.EXE;ARXIV/UDH3/Vfp98/Distrib.src/System;CLIREG32.EXE;.exe;42496;1998-06-16 19:00:00;;;ok
ARXIV/UDH3/Vfp98/Distrib.src/System/COMCAT.DLL;ARXIV/UDH3/Vfp98/Distrib.src/System;COMCAT.DLL;.dll;22288;1998-05-30 19:00:00;;;ok
ARXIV/UDH3/Vfp98/Distrib.src/System/COMCTL1.CNT;ARXIV/UDH3/Vfp98/Distrib.src/System;COMCTL1.CNT;.cnt;1288;1998-04-23 19:00:00;;;ok
ARXIV/UDH3/Vfp98/Distrib.src/System/COMCTL1.HLP;ARXIV/UDH3/Vfp98/Distrib.src/System;COMCTL1.HLP;.hlp;438481;1998-04-23 19:00:00;;;ok
ARXIV/UDH3/Vfp98/Distrib.src/System/COMCTL32.DEP;ARXIV/UDH3/Vfp98/Distrib.src/System;COMCTL32.DEP;.dep;2495;1998-06-13 19:00:00;;;ok
ARXIV/UDH3/Vfp98/Distrib.src/System/COMCTL32.OCX;ARXIV/UDH3/Vfp98/Distrib.src/System;COMCTL32.OCX;.ocx;609584;1998-06-23 19:00:00;;;ok
ARXIV/UDH3/Vfp98/Distrib.src/System/DBMSSOCN.DLL;ARXIV/UDH3/Vfp98/Distrib.src/System;DBMSSOCN.DLL;.dll;11536;1998-06-23 19:00:00;;;ok
ARXIV/UDH3/Vfp98/Distrib.src/System/DBNMPNTW.DLL;ARXIV/UDH3/Vfp98/Distrib.src/System;DBNMPNTW.DLL;.dll;24848;1998-06-23 19:00:00;;;ok
ARXIV/UDH3/Vfp98/Distrib.src/System/DRVSSRVR.HLP;ARXIV/UDH3/Vfp98/Distrib.src/System;DRVSSRVR.HLP;.hlp;15787;1998-05-30 19:00:00;;;ok
ARXIV/UDH3/Vfp98/Distrib.src/System/DRVVFP.CNT;ARXIV/UDH3/Vfp98/Distrib.src/System;DRVVFP.CNT;.cnt;5446;1998-04-23 19:00:00;;;ok
ARXIV/UDH3/Vfp98/Distrib.src/System/DRVVFP.HLP;ARXIV/UDH3/Vfp98/Distrib.src/System;DRVVFP.HLP;.hlp;198797;1998-04-23 19:00:00;;;ok
ARXIV/UDH3/Vfp98/Distrib.src/System/DS16GT.DLL;ARXIV/UDH3/Vfp98/Distrib.src/System;DS16GT.DLL;.dll;4656;1998-06-21 19:00:00;;;ok
ARXIV/UDH3/Vfp98/Distrib.src/System/DS32GT.DLL;ARXIV/UDH3/Vfp98/Distrib.src/System;DS32GT.DLL;.dll;5632;1998-06-21 19:00:00;;;ok
ARXIV/UDH3/Vfp98/Distrib.src/System/EXPSRV.DLL;ARXIV/UDH3/Vfp98/Distrib.src/System;EXPSRV.DLL;.dll;378128;1998-06-17 19:00:00;;;ok
ARXIV/UDH3/Vfp98/Distrib.src/System/HH.EXE;ARXIV/UDH3/Vfp98/Distrib.src/System;HH.EXE;.exe;30992;1998-06-19 19:00:00;;;ok
ARXIV/UDH3/Vfp98/Distrib.src/System/HHCTRL.OCX;ARXIV/UDH3/Vfp98/Distrib.src/System;HHCTRL.OCX;.ocx;542992;1998-06-12 19:00:00;;;ok
ARXIV/UDH3/Vfp98/Distrib.src/System/HLP95EN.DLL;ARXIV/UDH3/Vfp98/Distrib.src/System;HLP95EN.DLL;.dll;31744;1998-04-23 19:00:00;;;ok
ARXIV/UDH3/Vfp98/Distrib.src/System/INSTCAT.SQL;ARXIV/UDH3/Vfp98/Distrib.src/System;INSTCAT.SQL;.sql;558789;1998-06-04 19:00:00;;;ok
ARXIV/UDH3/Vfp98/Distrib.src/System/ITIRCL.DLL;ARXIV/UDH3/Vfp98/Distrib.src/System;ITIRCL.DLL;.dll;138000;1998-05-30 19:00:00;;;ok
ARXIV/UDH3/Vfp98/Distrib.src/System/ITSS.DLL;ARXIV/UDH3/Vfp98/Distrib.src/System;ITSS.DLL;.dll;138048;1998-05-30 19:00:00;;;ok
ARXIV/UDH3/Vfp98/Distrib.src/System/MFC40.DLL;ARXIV/UDH3/Vfp98/Distrib.src/System;MFC40.DLL;.dll;921872;1998-04-23 19:00:00;;;ok
ARXIV/UDH3/Vfp98/Distrib.src/System/MSCPXL32.DLL;ARXIV/UDH3/Vfp98/Distrib.src/System;MSCPXL32.DLL;.dll;13824;1998-06-11 19:00:00;;;ok
ARXIV/UDH3/Vfp98/Distrib.src/System/MSCREATE.DIR;ARXIV/UDH3/Vfp98/Distrib.src/System;MSCREATE.DIR;.dir;0;2004-07-20 18:09:28;;;ok
ARXIV/UDH3/Vfp98/Distrib.src/System/MSDADC.DLL;ARXIV/UDH3/Vfp98/Distrib.src/System;MSDADC.DLL;.dll;63760;1998-06-09 19:00:00;;;ok
ARXIV/UDH3/Vfp98/Distrib.src/System/MSDAENUM.DLL;ARXIV/UDH3/Vfp98/Distrib.src/System;MSDAENUM.DLL;.dll;17856;1998-06-09 19:00:00;;;ok
ARXIV/UDH3/Vfp98/Distrib.src/System/MSDAER.DLL;ARXIV/UDH3/Vfp98/Distrib.src/System;MSDAER.DLL;.dll;30992;1998-06-09 19:00:00;;;ok
ARXIV/UDH3/Vfp98/Distrib.src/System/MSDAERR.DLL;ARXIV/UDH3/Vfp98/Distrib.src/System;MSDAERR.DLL;.dll;15360;1998-06-09 19:00:00;;;ok
ARXIV/UDH3/Vfp98/Distrib.src/System/MSDAPS.DLL;ARXIV/UDH3/Vfp98/Distrib.src/System;MSDAPS.DLL;.dll;8160;1998-06-09 19:00:00;;;ok
ARXIV/UDH3/Vfp98/Distrib.src/System/MSDASQL.DLL;ARXIV/UDH3/Vfp98/Distrib.src/System;MSDASQL.DLL;.dll;286992;1998-06-18 19:00:00;;;ok
ARXIV/UDH3/Vfp98/Distrib.src/System/MSDASQLR.DLL;ARXIV/UDH3/Vfp98/Distrib.src/System;MSDASQLR.DLL;.dll;9728;1998-06-18 19:00:00;;;ok
ARXIV/UDH3/Vfp98/Distrib.src/System/MSDATL2.DLL;ARXIV/UDH3/Vfp98/Distrib.src/System;MSDATL2.DLL;.dll;62736;1998-06-18 19:00:00;;;ok
ARXIV/UDH3/Vfp98/Distrib.src/System/MSDATT.DLL;ARXIV/UDH3/Vfp98/Distrib.src/System;MSDATT.DLL;.dll;39088;1998-06-09 19:00:00;;;ok
ARXIV/UDH3/Vfp98/Distrib.src/System/MSEXCL35.DLL;ARXIV/UDH3/Vfp98/Distrib.src/System;MSEXCL35.DLL;.dll;250128;1998-04-23 19:00:00;;;ok
ARXIV/UDH3/Vfp98/Distrib.src/System/MSJET35.DLL;ARXIV/UDH3/Vfp98/Distrib.src/System;MSJET35.DLL;.dll;1045776;1998-04-23 19:00:00;;;ok
ARXIV/UDH3/Vfp98/Distrib.src/System/MSJINT35.DLL;ARXIV/UDH3/Vfp98/Distrib.src/System;MSJINT35.DLL;.dll;123664;1998-04-23 19:00:00;;;ok
ARXIV/UDH3/Vfp98/Distrib.src/System/MSJTER35.DLL;ARXIV/UDH3/Vfp98/Distrib.src/System;MSJTER35.DLL;.dll;24848;1998-04-23 19:00:00;;;ok
ARXIV/UDH3/Vfp98/Distrib.src/System/MSORCL32.CNT;ARXIV/UDH3/Vfp98/Distrib.src/System;MSORCL32.CNT;.cnt;1657;1998-05-30 19:00:00;;;ok
ARXIV/UDH3/Vfp98/Distrib.src/System/MSORCL32.DLL;ARXIV/UDH3/Vfp98/Distrib.src/System;MSORCL32.DLL;.dll;136976;1998-05-31 19:00:00;;;ok
ARXIV/UDH3/Vfp98/Distrib.src/System/MSORCL32.HLP;ARXIV/UDH3/Vfp98/Distrib.src/System;MSORCL32.HLP;.hlp;46624;1998-06-16 19:00:00;;;ok
ARXIV/UDH3/Vfp98/Distrib.src/System/MSPDOX35.DLL;ARXIV/UDH3/Vfp98/Distrib.src/System;MSPDOX35.DLL;.dll;250128;1998-04-23 19:00:00;;;ok
ARXIV/UDH3/Vfp98/Distrib.src/System/MSRD2X35.DLL;ARXIV/UDH3/Vfp98/Distrib.src/System;MSRD2X35.DLL;.dll;252176;1998-04-23 19:00:00;;;ok
ARXIV/UDH3/Vfp98/Distrib.src/System/MSREPL35.DLL;ARXIV/UDH3/Vfp98/Distrib.src/System;MSREPL35.DLL;.dll;407312;1998-04-23 19:00:00;;;ok
ARXIV/UDH3/Vfp98/Distrib.src/System/MSTEXT35.DLL;ARXIV/UDH3/Vfp98/Distrib.src/System;MSTEXT35.DLL;.dll;165648;1998-04-23 19:00:00;;;ok
ARXIV/UDH3/Vfp98/Distrib.src/System/MSVCRT.DLL;ARXIV/UDH3/Vfp98/Distrib.src/System;MSVCRT.DLL;.dll;254005;1998-06-16 19:00:00;;;ok
ARXIV/UDH3/Vfp98/Distrib.src/System/MSVCRT20.DLL;ARXIV/UDH3/Vfp98/Distrib.src/System;MSVCRT20.DLL;.dll;253952;1998-04-23 19:00:00;;;ok
ARXIV/UDH3/Vfp98/Distrib.src/System/MSVCRT40.DLL;ARXIV/UDH3/Vfp98/Distrib.src/System;MSVCRT40.DLL;.dll;326656;1998-05-30 19:00:00;;;ok
ARXIV/UDH3/Vfp98/Distrib.src/System/MSXBSE35.DLL;ARXIV/UDH3/Vfp98/Distrib.src/System;MSXBSE35.DLL;.dll;287504;1998-04-23 19:00:00;;;ok
ARXIV/UDH3/Vfp98/Distrib.src/System/MTXDM.DLL;ARXIV/UDH3/Vfp98/Distrib.src/System;MTXDM.DLL;.dll;29456;1998-06-21 19:00:00;;;ok
ARXIV/UDH3/Vfp98/Distrib.src/System/MTXOCI.DLL;ARXIV/UDH3/Vfp98/Distrib.src/System;MTXOCI.DLL;.dll;69904;1998-05-31 19:00:00;;;ok
ARXIV/UDH3/Vfp98/Distrib.src/System/ODBC16GT.DLL;ARXIV/UDH3/Vfp98/Distrib.src/System;ODBC16GT.DLL;.dll;26224;1998-06-21 19:00:00;;;ok
ARXIV/UDH3/Vfp98/Distrib.src/System/ODBC32.DLL;ARXIV/UDH3/Vfp98/Distrib.src/System;ODBC32.DLL;.dll;279552;1998-06-21 19:00:00;;;ok
ARXIV/UDH3/Vfp98/Distrib.src/System/ODBC32GT.DLL;ARXIV/UDH3/Vfp98/Distrib.src/System;ODBC32GT.DLL;.dll;6656;1998-06-21 19:00:00;;;ok
ARXIV/UDH3/Vfp98/Distrib.src/System/ODBCAD32.EXE;ARXIV/UDH3/Vfp98/Distrib.src/System;ODBCAD32.EXE;.exe;9216;1998-06-21 19:00:00;;;ok
ARXIV/UDH3/Vfp98/Distrib.src/System/ODBCBCP.DLL;ARXIV/UDH3/Vfp98/Distrib.src/System;ODBCBCP.DLL;.dll;9728;1998-06-11 19:00:00;;;ok
ARXIV/UDH3/Vfp98/Distrib.src/System/ODBCCP32.CPL;ARXIV/UDH3/Vfp98/Distrib.src/System;ODBCCP32.CPL;.cpl;9728;1998-06-21 19:00:00;;;ok
ARXIV/UDH3/Vfp98/Distrib.src/System/ODBCCP32.DLL;ARXIV/UDH3/Vfp98/Distrib.src/System;ODBCCP32.DLL;.dll;127488;1998-06-21 19:00:00;;;ok
ARXIV/UDH3/Vfp98/Distrib.src/System/ODBCCR32.DLL;ARXIV/UDH3/Vfp98/Distrib.src/System;ODBCCR32.DLL;.dll;289280;1998-06-21 19:00:00;;;ok
ARXIV/UDH3/Vfp98/Distrib.src/System/ODBCCU32.DLL;ARXIV/UDH3/Vfp98/Distrib.src/System;ODBCCU32.DLL;.dll;290816;1998-06-21 19:00:00;;;ok
ARXIV/UDH3/Vfp98/Distrib.src/System/ODBCINST.CNT;ARXIV/UDH3/Vfp98/Distrib.src/System;ODBCINST.CNT;.cnt;324;1998-05-30 19:00:00;;;ok
ARXIV/UDH3/Vfp98/Distrib.src/System/ODBCINST.HLP;ARXIV/UDH3/Vfp98/Distrib.src/System;ODBCINST.HLP;.hlp;48856;1998-06-16 19:00:00;;;ok
ARXIV/UDH3/Vfp98/Distrib.src/System/ODBCINT.DLL;ARXIV/UDH3/Vfp98/Distrib.src/System;ODBCINT.DLL;.dll;68608;1998-06-21 19:00:00;;;ok
ARXIV/UDH3/Vfp98/Distrib.src/System/ODBCJET.CNT;ARXIV/UDH3/Vfp98/Distrib.src/System;ODBCJET.CNT;.cnt;6902;1998-05-30 19:00:00;;;ok
ARXIV/UDH3/Vfp98/Distrib.src/System/ODBCJET.HLP;ARXIV/UDH3/Vfp98/Distrib.src/System;ODBCJET.HLP;.hlp;170865;1998-06-16 19:00:00;;;ok
ARXIV/UDH3/Vfp98/Distrib.src/System/ODBCJI32.DLL;ARXIV/UDH3/Vfp98/Distrib.src/System;ODBCJI32.DLL;.dll;37888;1998-05-30 19:00:00;;;ok
ARXIV/UDH3/Vfp98/Distrib.src/System/ODBCJT32.DLL;ARXIV/UDH3/Vfp98/Distrib.src/System;ODBCJT32.DLL;.dll;247296;1998-05-30 19:00:00;;;ok
ARXIV/UDH3/Vfp98/Distrib.src/System/ODBCTL32.DLL;ARXIV/UDH3/Vfp98/Distrib.src/System;ODBCTL32.DLL;.dll;72704;1998-05-30 19:00:00;;;ok
ARXIV/UDH3/Vfp98/Distrib.src/System/ODBCTRAC.DLL;ARXIV/UDH3/Vfp98/Distrib.src/System;ODBCTRAC.DLL;.dll;192512;1998-06-21 19:00:00;;;ok
ARXIV/UDH3/Vfp98/Distrib.src/System/ODDBSE32.DLL;ARXIV/UDH3/Vfp98/Distrib.src/System;ODDBSE32.DLL;.dll;4608;1998-05-30 19:00:00;;;ok
ARXIV/UDH3/Vfp98/Distrib.src/System/ODEXL32.DLL;ARXIV/UDH3/Vfp98/Distrib.src/System;ODEXL32.DLL;.dll;4608;1998-05-30 19:00:00;;;ok
ARXIV/UDH3/Vfp98/Distrib.src/System/ODFOX32.DLL;ARXIV/UDH3/Vfp98/Distrib.src/System;ODFOX32.DLL;.dll;4608;1998-05-30 19:00:00;;;ok
ARXIV/UDH3/Vfp98/Distrib.src/System/ODKOB32.DLL;ARXIV/UDH3/Vfp98/Distrib.src/System;ODKOB32.DLL;.dll;16896;1998-06-17 19:00:00;;;ok
ARXIV/UDH3/Vfp98/Distrib.src/System/ODPDX32.DLL;ARXIV/UDH3/Vfp98/Distrib.src/System;ODPDX32.DLL;.dll;4608;1998-05-30 19:00:00;;;ok
ARXIV/UDH3/Vfp98/Distrib.src/System/ODTEXT32.DLL;ARXIV/UDH3/Vfp98/Distrib.src/System;ODTEXT32.DLL;.dll;4608;1998-05-30 19:00:00;;;ok
ARXIV/UDH3/Vfp98/Distrib.src/System/OLEAUT32.DLL;ARXIV/UDH3/Vfp98/Distrib.src/System;OLEAUT32.DLL;.dll;598288;1998-06-17 19:00:00;;;ok
ARXIV/UDH3/Vfp98/Distrib.src/System/OLEPRO32.DLL;ARXIV/UDH3/Vfp98/Distrib.src/System;OLEPRO32.DLL;.dll;164112;1998-06-17 19:00:00;;;ok
ARXIV/UDH3/Vfp98/Distrib.src/System/QFEUPD.EXE;ARXIV/UDH3/Vfp98/Distrib.src/System;QFEUPD.EXE;.exe;159232;1998-04-23 19:00:00;;;ok
ARXIV/UDH3/Vfp98/Distrib.src/System/REGSVR32.EXE;ARXIV/UDH3/Vfp98/Distrib.src/System;REGSVR32.EXE;.exe;37136;1998-04-23 19:00:00;;;ok
ARXIV/UDH3/Vfp98/Distrib.src/System/SQLSODBC.HLP;ARXIV/UDH3/Vfp98/Distrib.src/System;SQLSODBC.HLP;.hlp;15451;1998-06-16 19:00:00;;;ok
ARXIV/UDH3/Vfp98/Distrib.src/System/SQLSRDME.TXT;ARXIV/UDH3/Vfp98/Distrib.src/System;SQLSRDME.TXT;.txt;12141;1998-06-16 19:00:00;;;ok
ARXIV/UDH3/Vfp98/Distrib.src/System/SQLSRV32.DLL;ARXIV/UDH3/Vfp98/Distrib.src/System;SQLSRV32.DLL;.dll;418064;1998-06-11 19:00:00;;;ok
ARXIV/UDH3/Vfp98/Distrib.src/System/STDOLE2.TLB;ARXIV/UDH3/Vfp98/Distrib.src/System;STDOLE2.TLB;.tlb;17920;1998-06-16 19:00:00;;;ok
ARXIV/UDH3/Vfp98/Distrib.src/System/VBAJET32.DLL;ARXIV/UDH3/Vfp98/Distrib.src/System;VBAJET32.DLL;.dll;30992;1998-06-17 19:00:00;;;ok
ARXIV/UDH3/Vfp98/Distrib.src/System/VBAME.DLL;ARXIV/UDH3/Vfp98/Distrib.src/System;VBAME.DLL;.dll;57344;1998-05-05 19:00:00;;;ok
ARXIV/UDH3/Vfp98/Distrib.src/System/VBAR332.DLL;ARXIV/UDH3/Vfp98/Distrib.src/System;VBAR332.DLL;.dll;368912;1998-04-23 19:00:00;;;ok
ARXIV/UDH3/Vfp98/Distrib.src/System/VFPODBC.DLL;ARXIV/UDH3/Vfp98/Distrib.src/System;VFPODBC.DLL;.dll;934672;1998-06-15 19:00:00;;;ok
ARXIV/UDH3/Vfp98/Distrib.src/System/VFPODBC.TXT;ARXIV/UDH3/Vfp98/Distrib.src/System;VFPODBC.TXT;.txt;11923;1998-04-23 19:00:00;;;ok
ARXIV/UDH3/Vfp98/Distrib.src/System/WINDBVER.EXE;ARXIV/UDH3/Vfp98/Distrib.src/System;WINDBVER.EXE;.exe;30720;1998-06-11 19:00:00;;;ok
ARXIV/UDH3/Vfp98/Distrib.src/System/msdasqlreadme.txt;ARXIV/UDH3/Vfp98/Distrib.src/System;msdasqlreadme.txt;.txt;3113;1998-06-16 19:00:00;;;ok
ARXIV/UDH3/Vfp98/Distrib.src/System/msoracle32readme.txt;ARXIV/UDH3/Vfp98/Distrib.src/System;msoracle32readme.txt;.txt;2819;1998-05-30 19:00:00;;;ok
ARXIV/UDH3/Vfp98/Distrib.src/System/WinNT/CTL3D32.DLL;ARXIV/UDH3/Vfp98/Distrib.src/System/WinNT;CTL3D32.DLL;.dll;27136;1998-04-29 19:00:00;;;ok
ARXIV/UDH3/Vfp98/Distrib.src/System/WinNT/MSCREATE.DIR;ARXIV/UDH3/Vfp98/Distrib.src/System/WinNT;MSCREATE.DIR;.dir;0;2004-07-20 18:09:32;;;ok
ARXIV/UDH3/Vfp98/FFC/AUTGRAPH.H;ARXIV/UDH3/Vfp98/FFC;AUTGRAPH.H;.h;4434;1998-05-24 19:00:00;;;ok
ARXIV/UDH3/Vfp98/FFC/AUTGRAPH.VCT;ARXIV/UDH3/Vfp98/FFC;AUTGRAPH.VCT;.vct;53803;1998-05-24 19:00:00;;;ok
ARXIV/UDH3/Vfp98/FFC/AUTGRAPH.VCX;ARXIV/UDH3/Vfp98/FFC;AUTGRAPH.VCX;.vcx;2013;1998-05-24 19:00:00;;;ok
ARXIV/UDH3/Vfp98/FFC/AUTOMATE.H;ARXIV/UDH3/Vfp98/FFC;AUTOMATE.H;.h;2682;1998-05-24 19:00:00;;;ok
ARXIV/UDH3/Vfp98/FFC/AUTOMATE.VCT;ARXIV/UDH3/Vfp98/FFC;AUTOMATE.VCT;.vct;28894;1998-05-24 19:00:00;;;ok
ARXIV/UDH3/Vfp98/FFC/AUTOMATE.VCX;ARXIV/UDH3/Vfp98/FFC;AUTOMATE.VCX;.vcx;1359;1998-05-24 19:00:00;;;ok
ARXIV/UDH3/Vfp98/FFC/DDECMD.H;ARXIV/UDH3/Vfp98/FFC;DDECMD.H;.h;1738;1998-05-24 19:00:00;;;ok
ARXIV/UDH3/Vfp98/FFC/MAILMRGE.H;ARXIV/UDH3/Vfp98/FFC;MAILMRGE.H;.h;6520;1998-05-24 19:00:00;;;ok
ARXIV/UDH3/Vfp98/FFC/MAILMRGE.VCT;ARXIV/UDH3/Vfp98/FFC;MAILMRGE.VCT;.vct;50319;1998-05-24 19:00:00;;;ok
ARXIV/UDH3/Vfp98/FFC/MAILMRGE.VCX;ARXIV/UDH3/Vfp98/FFC;MAILMRGE.VCX;.vcx;1359;1998-05-24 19:00:00;;;ok
ARXIV/UDH3/Vfp98/FFC/MSCREATE.DIR;ARXIV/UDH3/Vfp98/FFC;MSCREATE.DIR;.dir;0;2004-07-20 18:09:24;;;ok
ARXIV/UDH3/Vfp98/FFC/NOTES.TXT;ARXIV/UDH3/Vfp98/FFC;NOTES.TXT;.txt;3581;1998-05-24 19:00:00;;;ok
ARXIV/UDH3/Vfp98/FFC/OPENADLG.SCT;ARXIV/UDH3/Vfp98/FFC;OPENADLG.SCT;.sct;1208;1998-05-24 19:00:00;;;ok
ARXIV/UDH3/Vfp98/FFC/OPENADLG.SCX;ARXIV/UDH3/Vfp98/FFC;OPENADLG.SCX;.scx;1469;1998-05-24 19:00:00;;;ok
ARXIV/UDH3/Vfp98/FFC/PIVTABLE.H;ARXIV/UDH3/Vfp98/FFC;PIVTABLE.H;.h;3380;1998-05-24 19:00:00;;;ok
ARXIV/UDH3/Vfp98/FFC/PIVTABLE.VCT;ARXIV/UDH3/Vfp98/FFC;PIVTABLE.VCT;.vct;27501;1998-05-24 19:00:00;;;ok
ARXIV/UDH3/Vfp98/FFC/PIVTABLE.VCX;ARXIV/UDH3/Vfp98/FFC;PIVTABLE.VCX;.vcx;1359;1998-05-24 19:00:00;;;ok
ARXIV/UDH3/Vfp98/FFC/REGISTRY.H;ARXIV/UDH3/Vfp98/FFC;REGISTRY.H;.h;2907;1998-05-24 19:00:00;;;ok
ARXIV/UDH3/Vfp98/FFC/REGISTRY.VCT;ARXIV/UDH3/Vfp98/FFC;REGISTRY.VCT;.vct;35302;1998-05-24 19:00:00;;;ok
ARXIV/UDH3/Vfp98/FFC/REGISTRY.VCX;ARXIV/UDH3/Vfp98/FFC;REGISTRY.VCX;.vcx;2231;1998-05-24 19:00:00;;;ok
ARXIV/UDH3/Vfp98/FFC/RUNCODE.PRG;ARXIV/UDH3/Vfp98/FFC;RUNCODE.PRG;.prg;9874;1998-05-24 19:00:00;;;ok
ARXIV/UDH3/Vfp98/FFC/SETOBJRF.PRG;ARXIV/UDH3/Vfp98/FFC;SETOBJRF.PRG;.prg;3739;1998-05-24 19:00:00;;;ok
ARXIV/UDH3/Vfp98/FFC/_APP.H;ARXIV/UDH3/Vfp98/FFC;_APP.H;.h;6880;1998-05-24 19:00:00;;;ok
ARXIV/UDH3/Vfp98/FFC/_APP.VCT;ARXIV/UDH3/Vfp98/FFC;_APP.VCT;.vct;79295;1998-05-24 19:00:00;;;ok
ARXIV/UDH3/Vfp98/FFC/_APP.VCX;ARXIV/UDH3/Vfp98/FFC;_APP.VCX;.vcx;2231;1998-05-24 19:00:00;;;ok
ARXIV/UDH3/Vfp98/FFC/_BASE.PRG;ARXIV/UDH3/Vfp98/FFC;_BASE.PRG;.prg;37250;1998-05-24 19:00:00;;;ok
ARXIV/UDH3/Vfp98/FFC/_BASE.VCT;ARXIV/UDH3/Vfp98/FFC;_BASE.VCT;.vct;244464;1998-05-24 19:00:00;;;ok
ARXIV/UDH3/Vfp98/FFC/_BASE.VCX;ARXIV/UDH3/Vfp98/FFC;_BASE.VCX;.vcx;7136;1998-05-24 19:00:00;;;ok
ARXIV/UDH3/Vfp98/FFC/_DATA.H;ARXIV/UDH3/Vfp98/FFC;_DATA.H;.h;3400;1998-05-24 19:00:00;;;ok
ARXIV/UDH3/Vfp98/FFC/_DATANAV.VCT;ARXIV/UDH3/Vfp98/FFC;_DATANAV.VCT;.vct;31126;1998-05-24 19:00:00;;;ok
ARXIV/UDH3/Vfp98/FFC/_DATANAV.VCX;ARXIV/UDH3/Vfp98/FFC;_DATANAV.VCX;.vcx;4302;1998-05-24 19:00:00;;;ok
ARXIV/UDH3/Vfp98/FFC/_DIALOGS.VCT;ARXIV/UDH3/Vfp98/FFC;_DIALOGS.VCT;.vct;57792;1998-05-24 19:00:00;;;ok
ARXIV/UDH3/Vfp98/FFC/_DIALOGS.VCX;ARXIV/UDH3/Vfp98/FFC;_DIALOGS.VCX;.vcx;6591;1998-05-24 19:00:00;;;ok
ARXIV/UDH3/Vfp98/FFC/_ENVIRON.VCT;ARXIV/UDH3/Vfp98/FFC;_ENVIRON.VCT;.vct;27940;1998-05-24 19:00:00;;;ok
ARXIV/UDH3/Vfp98/FFC/_ENVIRON.VCX;ARXIV/UDH3/Vfp98/FFC;_ENVIRON.VCX;.vcx;1795;1998-05-24 19:00:00;;;ok
ARXIV/UDH3/Vfp98/FFC/_FORMAT.VCT;ARXIV/UDH3/Vfp98/FFC;_FORMAT.VCT;.vct;22616;1998-05-24 19:00:00;;;ok
ARXIV/UDH3/Vfp98/FFC/_FORMAT.VCX;ARXIV/UDH3/Vfp98/FFC;_FORMAT.VCX;.vcx;3539;1998-05-24 19:00:00;;;ok
ARXIV/UDH3/Vfp98/FFC/_HTML.H;ARXIV/UDH3/Vfp98/FFC;_HTML.H;.h;553;1998-05-24 19:00:00;;;ok
ARXIV/UDH3/Vfp98/FFC/_HTML.VCT;ARXIV/UDH3/Vfp98/FFC;_HTML.VCT;.vct;145969;1998-05-24 19:00:00;;;ok
ARXIV/UDH3/Vfp98/FFC/_HTML.VCX;ARXIV/UDH3/Vfp98/FFC;_HTML.VCX;.vcx;4521;1998-05-24 19:00:00;;;ok
ARXIV/UDH3/Vfp98/FFC/_HTMLSTY.VCT;ARXIV/UDH3/Vfp98/FFC;_HTMLSTY.VCT;.vct;78859;1998-05-24 19:00:00;;;ok
ARXIV/UDH3/Vfp98/FFC/_HTMLSTY.VCX;ARXIV/UDH3/Vfp98/FFC;_HTMLSTY.VCX;.vcx;9207;1998-05-24 19:00:00;;;ok
ARXIV/UDH3/Vfp98/FFC/_MENU.VCT;ARXIV/UDH3/Vfp98/FFC;_MENU.VCT;.vct;14583;1998-05-24 19:00:00;;;ok
ARXIV/UDH3/Vfp98/FFC/_MENU.VCX;ARXIV/UDH3/Vfp98/FFC;_MENU.VCX;.vcx;1360;1998-05-24 19:00:00;;;ok
ARXIV/UDH3/Vfp98/FFC/_MOVERS.H;ARXIV/UDH3/Vfp98/FFC;_MOVERS.H;.h;1517;1998-05-24 19:00:00;;;ok
ARXIV/UDH3/Vfp98/FFC/_MOVERS.VCT;ARXIV/UDH3/Vfp98/FFC;_MOVERS.VCT;.vct;108701;1998-05-24 19:00:00;;;ok
ARXIV/UDH3/Vfp98/FFC/_MOVERS.VCX;ARXIV/UDH3/Vfp98/FFC;_MOVERS.VCX;.vcx;3648;1998-05-24 19:00:00;;;ok
ARXIV/UDH3/Vfp98/FFC/_REPORTS.H;ARXIV/UDH3/Vfp98/FFC;_REPORTS.H;.h;3920;1998-05-24 19:00:00;;;ok
ARXIV/UDH3/Vfp98/FFC/_REPORTS.VCT;ARXIV/UDH3/Vfp98/FFC;_REPORTS.VCT;.vct;96970;1998-05-24 19:00:00;;;ok
ARXIV/UDH3/Vfp98/FFC/_REPORTS.VCX;ARXIV/UDH3/Vfp98/FFC;_REPORTS.VCX;.vcx;5065;1998-05-24 19:00:00;;;ok
ARXIV/UDH3/Vfp98/FFC/_TABLE.H;ARXIV/UDH3/Vfp98/FFC;_TABLE.H;.h;3414;1998-05-24 19:00:00;;;ok
ARXIV/UDH3/Vfp98/FFC/_TABLE.VCT;ARXIV/UDH3/Vfp98/FFC;_TABLE.VCT;.vct;131859;1998-05-24 19:00:00;;;ok
ARXIV/UDH3/Vfp98/FFC/_TABLE.VCX;ARXIV/UDH3/Vfp98/FFC;_TABLE.VCX;.vcx;8989;1998-05-24 19:00:00;;;ok
ARXIV/UDH3/Vfp98/FFC/_TABLE2.H;ARXIV/UDH3/Vfp98/FFC;_TABLE2.H;.h;1220;1998-05-24 19:00:00;;;ok
ARXIV/UDH3/Vfp98/FFC/_TABLE2.VCT;ARXIV/UDH3/Vfp98/FFC;_TABLE2.VCT;.vct;32209;1998-05-24 19:00:00;;;ok
ARXIV/UDH3/Vfp98/FFC/_TABLE2.VCX;ARXIV/UDH3/Vfp98/FFC;_TABLE2.VCX;.vcx;6482;1998-05-24 19:00:00;;;ok
ARXIV/UDH3/Vfp98/FFC/_THERM.VCT;ARXIV/UDH3/Vfp98/FFC;_THERM.VCT;.vct;23552;1998-05-24 19:00:00;;;ok
ARXIV/UDH3/Vfp98/FFC/_THERM.VCX;ARXIV/UDH3/Vfp98/FFC;_THERM.VCX;.vcx;4629;1998-05-24 19:00:00;;;ok
ARXIV/UDH3/Vfp98/FFC/_UI.H;ARXIV/UDH3/Vfp98/FFC;_UI.H;.h;1873;1998-05-24 19:00:00;;;ok
ARXIV/UDH3/Vfp98/FFC/_UI.VCT;ARXIV/UDH3/Vfp98/FFC;_UI.VCT;.vct;22978;1998-05-24 19:00:00;;;ok
ARXIV/UDH3/Vfp98/FFC/_UI.VCX;ARXIV/UDH3/Vfp98/FFC;_UI.VCX;.vcx;1795;1998-05-24 19:00:00;;;ok
ARXIV/UDH3/Vfp98/FFC/_UTILITY.H;ARXIV/UDH3/Vfp98/FFC;_UTILITY.H;.h;3623;1998-05-24 19:00:00;;;ok
ARXIV/UDH3/Vfp98/FFC/_UTILITY.VCT;ARXIV/UDH3/Vfp98/FFC;_UTILITY.VCT;.vct;60074;1998-05-24 19:00:00;;;ok
ARXIV/UDH3/Vfp98/FFC/_UTILITY.VCX;ARXIV/UDH3/Vfp98/FFC;_UTILITY.VCX;.vcx;3648;1998-05-24 19:00:00;;;ok
ARXIV/UDH3/Vfp98/FFC/_controls.vct;ARXIV/UDH3/Vfp98/FFC;_controls.vct;.vct;34048;1998-05-24 19:00:00;;;ok
ARXIV/UDH3/Vfp98/FFC/_controls.vcx;ARXIV/UDH3/Vfp98/FFC;_controls.vcx;.vcx;3103;1998-05-24 19:00:00;;;ok
ARXIV/UDH3/Vfp98/FFC/_dataquery.vct;ARXIV/UDH3/Vfp98/FFC;_dataquery.vct;.vct;36832;1998-05-24 19:00:00;;;ok
ARXIV/UDH3/Vfp98/FFC/_dataquery.vcx;ARXIV/UDH3/Vfp98/FFC;_dataquery.vcx;.vcx;3866;1998-05-24 19:00:00;;;ok
ARXIV/UDH3/Vfp98/FFC/_datetime.vct;ARXIV/UDH3/Vfp98/FFC;_datetime.vct;.vct;11797;1998-05-24 19:00:00;;;ok
ARXIV/UDH3/Vfp98/FFC/_datetime.vcx;ARXIV/UDH3/Vfp98/FFC;_datetime.vcx;.vcx;2667;1998-05-24 19:00:00;;;ok
ARXIV/UDH3/Vfp98/FFC/_hyperlink.vct;ARXIV/UDH3/Vfp98/FFC;_hyperlink.vct;.vct;26163;1998-05-24 19:00:00;;;ok
ARXIV/UDH3/Vfp98/FFC/_hyperlink.vcx;ARXIV/UDH3/Vfp98/FFC;_hyperlink.vcx;.vcx;2013;1998-05-24 19:00:00;;;ok
ARXIV/UDH3/Vfp98/FFC/_internet.vct;ARXIV/UDH3/Vfp98/FFC;_internet.vct;.vct;30541;1998-05-30 19:00:00;;;ok
ARXIV/UDH3/Vfp98/FFC/_internet.vcx;ARXIV/UDH3/Vfp98/FFC;_internet.vcx;.vcx;3321;1998-05-30 19:00:00;;;ok
ARXIV/UDH3/Vfp98/FFC/_miscbtns.vct;ARXIV/UDH3/Vfp98/FFC;_miscbtns.vct;.vct;25699;1998-05-24 19:00:00;;;ok
ARXIV/UDH3/Vfp98/FFC/_miscbtns.vcx;ARXIV/UDH3/Vfp98/FFC;_miscbtns.vcx;.vcx;2994;1998-05-24 19:00:00;;;ok
ARXIV/UDH3/Vfp98/FFC/_multimedia.vct;ARXIV/UDH3/Vfp98/FFC;_multimedia.vct;.vct;27164;1998-05-24 19:00:00;;;ok
ARXIV/UDH3/Vfp98/FFC/_multimedia.vcx;ARXIV/UDH3/Vfp98/FFC;_multimedia.vcx;.vcx;1795;1998-05-24 19:00:00;;;ok
ARXIV/UDH3/Vfp98/FFC/Graphics/ADD.BMP;ARXIV/UDH3/Vfp98/FFC/Graphics;ADD.BMP;.bmp;322;1998-05-24 19:00:00;;;ok
ARXIV/UDH3/Vfp98/FFC/Graphics/ADDALL.BMP;ARXIV/UDH3/Vfp98/FFC/Graphics;ADDALL.BMP;.bmp;322;1998-05-24 19:00:00;;;ok
ARXIV/UDH3/Vfp98/FFC/Graphics/BOTTOM.BMP;ARXIV/UDH3/Vfp98/FFC/Graphics;BOTTOM.BMP;.bmp;322;1998-05-24 19:00:00;;;ok
ARXIV/UDH3/Vfp98/FFC/Graphics/CANCEL.BMP;ARXIV/UDH3/Vfp98/FFC/Graphics;CANCEL.BMP;.bmp;246;1998-05-24 19:00:00;;;ok
ARXIV/UDH3/Vfp98/FFC/Graphics/CANCEL.MSK;ARXIV/UDH3/Vfp98/FFC/Graphics;CANCEL.MSK;.msk;246;1998-05-24 19:00:00;;;ok
ARXIV/UDH3/Vfp98/FFC/Graphics/CHECKER.BMP;ARXIV/UDH3/Vfp98/FFC/Graphics;CHECKER.BMP;.bmp;230;1998-05-24 19:00:00;;;ok
ARXIV/UDH3/Vfp98/FFC/Graphics/CLOCK.BMP;ARXIV/UDH3/Vfp98/FFC/Graphics;CLOCK.BMP;.bmp;238;1998-05-24 19:00:00;;;ok
ARXIV/UDH3/Vfp98/FFC/Graphics/DBLVIEW.BMP;ARXIV/UDH3/Vfp98/FFC/Graphics;DBLVIEW.BMP;.bmp;274;1998-05-24 19:00:00;;;ok
ARXIV/UDH3/Vfp98/FFC/Graphics/DBLVIEW.MSK;ARXIV/UDH3/Vfp98/FFC/Graphics;DBLVIEW.MSK;.msk;274;1998-05-24 19:00:00;;;ok
ARXIV/UDH3/Vfp98/FFC/Graphics/DBRVIEW.BMP;ARXIV/UDH3/Vfp98/FFC/Graphics;DBRVIEW.BMP;.bmp;274;1998-05-24 19:00:00;;;ok
ARXIV/UDH3/Vfp98/FFC/Graphics/DBRVIEW.MSK;ARXIV/UDH3/Vfp98/FFC/Graphics;DBRVIEW.MSK;.msk;274;1998-05-24 19:00:00;;;ok
ARXIV/UDH3/Vfp98/FFC/Graphics/DBTABLE.BMP;ARXIV/UDH3/Vfp98/FFC/Graphics;DBTABLE.BMP;.bmp;274;1998-05-24 19:00:00;;;ok
ARXIV/UDH3/Vfp98/FFC/Graphics/DBTABLE.MSK;ARXIV/UDH3/Vfp98/FFC/Graphics;DBTABLE.MSK;.msk;274;1998-05-24 19:00:00;;;ok
ARXIV/UDH3/Vfp98/FFC/Graphics/FILTER.BMP;ARXIV/UDH3/Vfp98/FFC/Graphics;FILTER.BMP;.bmp;238;1998-05-24 19:00:00;;;ok
ARXIV/UDH3/Vfp98/FFC/Graphics/FILTER.MSK;ARXIV/UDH3/Vfp98/FFC/Graphics;FILTER.MSK;.msk;238;1998-05-24 19:00:00;;;ok
ARXIV/UDH3/Vfp98/FFC/Graphics/FIND.BMP;ARXIV/UDH3/Vfp98/FFC/Graphics;FIND.BMP;.bmp;238;1998-05-24 19:00:00;;;ok
ARXIV/UDH3/Vfp98/FFC/Graphics/HELP.BMP;ARXIV/UDH3/Vfp98/FFC/Graphics;HELP.BMP;.bmp;246;1998-05-24 19:00:00;;;ok
ARXIV/UDH3/Vfp98/FFC/Graphics/HELP.MSK;ARXIV/UDH3/Vfp98/FFC/Graphics;HELP.MSK;.msk;246;1998-05-24 19:00:00;;;ok
ARXIV/UDH3/Vfp98/FFC/Graphics/H_POINT.CUR;ARXIV/UDH3/Vfp98/FFC/Graphics;H_POINT.CUR;.cur;766;1998-05-24 19:00:00;;;ok
ARXIV/UDH3/Vfp98/FFC/Graphics/MOVERBOX.BMP;ARXIV/UDH3/Vfp98/FFC/Graphics;MOVERBOX.BMP;.bmp;238;1998-05-24 19:00:00;;;ok
ARXIV/UDH3/Vfp98/FFC/Graphics/MSCREATE.DIR;ARXIV/UDH3/Vfp98/FFC/Graphics;MSCREATE.DIR;.dir;0;2004-07-20 18:09:24;;;ok
ARXIV/UDH3/Vfp98/FFC/Graphics/NEXT.BMP;ARXIV/UDH3/Vfp98/FFC/Graphics;NEXT.BMP;.bmp;322;1998-05-24 19:00:00;;;ok
ARXIV/UDH3/Vfp98/FFC/Graphics/NODROP.CUR;ARXIV/UDH3/Vfp98/FFC/Graphics;NODROP.CUR;.cur;326;1998-05-24 19:00:00;;;ok
ARXIV/UDH3/Vfp98/FFC/Graphics/OFFLINE.ICO;ARXIV/UDH3/Vfp98/FFC/Graphics;OFFLINE.ICO;.ico;766;1998-05-24 19:00:00;;;ok
ARXIV/UDH3/Vfp98/FFC/Graphics/OK.BMP;ARXIV/UDH3/Vfp98/FFC/Graphics;OK.BMP;.bmp;246;1998-05-24 19:00:00;;;ok
ARXIV/UDH3/Vfp98/FFC/Graphics/OK.MSK;ARXIV/UDH3/Vfp98/FFC/Graphics;OK.MSK;.msk;246;1998-05-24 19:00:00;;;ok
ARXIV/UDH3/Vfp98/FFC/Graphics/ONLINE.ICO;ARXIV/UDH3/Vfp98/FFC/Graphics;ONLINE.ICO;.ico;766;1998-05-24 19:00:00;;;ok
ARXIV/UDH3/Vfp98/FFC/Graphics/OPENADLG.BMP;ARXIV/UDH3/Vfp98/FFC/Graphics;OPENADLG.BMP;.bmp;982;1998-05-24 19:00:00;;;ok
ARXIV/UDH3/Vfp98/FFC/Graphics/OPENADLG.MSK;ARXIV/UDH3/Vfp98/FFC/Graphics;OPENADLG.MSK;.msk;350;1998-05-24 19:00:00;;;ok
ARXIV/UDH3/Vfp98/FFC/Graphics/PREVIOUS.BMP;ARXIV/UDH3/Vfp98/FFC/Graphics;PREVIOUS.BMP;.bmp;322;1998-05-24 19:00:00;;;ok
ARXIV/UDH3/Vfp98/FFC/Graphics/REMALL.BMP;ARXIV/UDH3/Vfp98/FFC/Graphics;REMALL.BMP;.bmp;322;1998-05-24 19:00:00;;;ok
ARXIV/UDH3/Vfp98/FFC/Graphics/REMOVE.BMP;ARXIV/UDH3/Vfp98/FFC/Graphics;REMOVE.BMP;.bmp;322;1998-05-24 19:00:00;;;ok
ARXIV/UDH3/Vfp98/FFC/Graphics/SMMAIL.BMP;ARXIV/UDH3/Vfp98/FFC/Graphics;SMMAIL.BMP;.bmp;286;1998-05-24 19:00:00;;;ok
ARXIV/UDH3/Vfp98/FFC/Graphics/SORTDOWN.BMP;ARXIV/UDH3/Vfp98/FFC/Graphics;SORTDOWN.BMP;.bmp;1318;1998-05-24 19:00:00;;;ok
ARXIV/UDH3/Vfp98/FFC/Graphics/SORTUP.BMP;ARXIV/UDH3/Vfp98/FFC/Graphics;SORTUP.BMP;.bmp;1318;1998-05-24 19:00:00;;;ok
ARXIV/UDH3/Vfp98/FFC/Graphics/TOP.BMP;ARXIV/UDH3/Vfp98/FFC/Graphics;TOP.BMP;.bmp;322;1998-05-24 19:00:00;;;ok
ARXIV/UDH3/Vfp98/FFC/Graphics/VCR.BMP;ARXIV/UDH3/Vfp98/FFC/Graphics;VCR.BMP;.bmp;238;1998-05-24 19:00:00;;;ok
ARXIV/UDH3/Vfp98/FFC/Graphics/WATCH.BMP;ARXIV/UDH3/Vfp98/FFC/Graphics;WATCH.BMP;.bmp;238;1998-05-24 19:00:00;;;ok
ARXIV/UDH3/Vfp98/FFC/Graphics/_CANCEL.BMP;ARXIV/UDH3/Vfp98/FFC/Graphics;_CANCEL.BMP;.bmp;1318;1998-05-24 19:00:00;;;ok
ARXIV/UDH3/Vfp98/FFC/Graphics/_SAVE.BMP;ARXIV/UDH3/Vfp98/FFC/Graphics;_SAVE.BMP;.bmp;1318;1998-05-24 19:00:00;;;ok
ARXIV/UDH3/Vfp98/FFC/Graphics/hyperlink.ico;ARXIV/UDH3/Vfp98/FFC/Graphics;hyperlink.ico;.ico;318;1998-05-24 19:00:00;;;ok
ARXIV/UDH3/Vfp98/Filespec/26FRX.DBF;ARXIV/UDH3/Vfp98/Filespec;26FRX.DBF;.dbf;14096;1998-05-24 19:00:00;DBF;Visual FoxPro;ok
ARXIV/UDH3/Vfp98/Filespec/26FRX.FPT;ARXIV/UDH3/Vfp98/Filespec;26FRX.FPT;.fpt;7650;1998-05-24 19:00:00;;;ok
ARXIV/UDH3/Vfp98/Filespec/26FRX1.FRT;ARXIV/UDH3/Vfp98/Filespec;26FRX1.FRT;.frt;4224;1998-05-24 19:00:00;;;ok
ARXIV/UDH3/Vfp98/Filespec/26FRX1.FRX;ARXIV/UDH3/Vfp98/Filespec;26FRX1.FRX;.frx;15063;1998-05-24 19:00:00;;;ok
ARXIV/UDH3/Vfp98/Filespec/26FRX2.FRT;ARXIV/UDH3/Vfp98/Filespec;26FRX2.FRT;.frt;2904;1998-05-24 19:00:00;;;ok
ARXIV/UDH3/Vfp98/Filespec/26FRX2.FRX;ARXIV/UDH3/Vfp98/Filespec;26FRX2.FRX;.frx;9567;1998-05-24 19:00:00;;;ok
ARXIV/UDH3/Vfp98/Filespec/26MNX.DBF;ARXIV/UDH3/Vfp98/Filespec;26MNX.DBF;.dbf;1859;1998-05-24 19:00:00;DBF;Visual FoxPro;ok
ARXIV/UDH3/Vfp98/Filespec/26MNX.FRT;ARXIV/UDH3/Vfp98/Filespec;26MNX.FRT;.frt;2904;1998-05-24 19:00:00;;;ok
ARXIV/UDH3/Vfp98/Filespec/26MNX.FRX;ARXIV/UDH3/Vfp98/Filespec;26MNX.FRX;.frx;9796;1998-05-24 19:00:00;;;ok
ARXIV/UDH3/Vfp98/Filespec/26PJX.DBF;ARXIV/UDH3/Vfp98/Filespec;26PJX.DBF;.dbf;6574;1998-05-24 19:00:00;DBF;Visual FoxPro;ok
ARXIV/UDH3/Vfp98/Filespec/26PJX1.FRT;ARXIV/UDH3/Vfp98/Filespec;26PJX1.FRT;.frt;4389;1998-05-24 19:00:00;;;ok
ARXIV/UDH3/Vfp98/Filespec/26PJX1.FRX;ARXIV/UDH3/Vfp98/Filespec;26PJX1.FRX;.frx;15750;1998-05-24 19:00:00;;;ok
ARXIV/UDH3/Vfp98/Filespec/26PJX2.FRT;ARXIV/UDH3/Vfp98/Filespec;26PJX2.FRT;.frt;3003;1998-05-24 19:00:00;;;ok
ARXIV/UDH3/Vfp98/Filespec/26PJX2.FRX;ARXIV/UDH3/Vfp98/Filespec;26PJX2.FRX;.frx;9796;1998-05-24 19:00:00;;;ok
ARXIV/UDH3/Vfp98/Filespec/26SCX.DBF;ARXIV/UDH3/Vfp98/Filespec;26SCX.DBF;.dbf;18632;1998-05-24 19:00:00;DBF;Visual FoxPro;ok
ARXIV/UDH3/Vfp98/Filespec/26SCX1.FRT;ARXIV/UDH3/Vfp98/Filespec;26SCX1.FRT;.frt;4422;1998-05-24 19:00:00;;;ok
ARXIV/UDH3/Vfp98/Filespec/26SCX1.FRX;ARXIV/UDH3/Vfp98/Filespec;26SCX1.FRX;.frx;15750;1998-05-24 19:00:00;;;ok
ARXIV/UDH3/Vfp98/Filespec/26SCX2.FRT;ARXIV/UDH3/Vfp98/Filespec;26SCX2.FRT;.frt;3597;1998-05-24 19:00:00;;;ok
ARXIV/UDH3/Vfp98/Filespec/26SCX2.FRX;ARXIV/UDH3/Vfp98/Filespec;26SCX2.FRX;.frx;12315;1998-05-24 19:00:00;;;ok
ARXIV/UDH3/Vfp98/Filespec/26SPEC.PJT;ARXIV/UDH3/Vfp98/Filespec;26SPEC.PJT;.pjt;2062;1998-05-24 19:00:00;;;ok
ARXIV/UDH3/Vfp98/Filespec/26SPEC.PJX;ARXIV/UDH3/Vfp98/Filespec;26SPEC.PJX;.pjx;2753;1998-05-24 19:00:00;;;ok
ARXIV/UDH3/Vfp98/Filespec/60DBC.DBF;ARXIV/UDH3/Vfp98/Filespec;60DBC.DBF;.dbf;1529;1998-05-24 19:00:00;DBF;Visual FoxPro;ok
ARXIV/UDH3/Vfp98/Filespec/60DBC.FPT;ARXIV/UDH3/Vfp98/Filespec;60DBC.FPT;.fpt;1536;1998-05-24 19:00:00;;;ok
ARXIV/UDH3/Vfp98/Filespec/60DBC.FRT;ARXIV/UDH3/Vfp98/Filespec;60DBC.FRT;.frt;4991;1998-05-24 19:00:00;;;ok
ARXIV/UDH3/Vfp98/Filespec/60DBC.FRX;ARXIV/UDH3/Vfp98/Filespec;60DBC.FRX;.frx;16895;1998-05-24 19:00:00;;;ok
ARXIV/UDH3/Vfp98/Filespec/60DBCPRO.DBF;ARXIV/UDH3/Vfp98/Filespec;60DBCPRO.DBF;.dbf;2594;1998-05-24 19:00:00;DBF;Visual FoxPro;ok
ARXIV/UDH3/Vfp98/Filespec/60DBCPRO.FRT;ARXIV/UDH3/Vfp98/Filespec;60DBCPRO.FRT;.frt;3770;1998-05-24 19:00:00;;;ok
ARXIV/UDH3/Vfp98/Filespec/60DBCPRO.FRX;ARXIV/UDH3/Vfp98/Filespec;60DBCPRO.FRX;.frx;13918;1998-05-24 19:00:00;;;ok
ARXIV/UDH3/Vfp98/Filespec/60FRX.DBF;ARXIV/UDH3/Vfp98/Filespec;60FRX.DBF;.dbf;36294;1998-05-24 19:00:00;DBF;Visual FoxPro;ok
ARXIV/UDH3/Vfp98/Filespec/60FRX.FPT;ARXIV/UDH3/Vfp98/Filespec;60FRX.FPT;.fpt;10240;1998-05-24 19:00:00;;;ok
ARXIV/UDH3/Vfp98/Filespec/60FRX1.FRT;ARXIV/UDH3/Vfp98/Filespec;60FRX1.FRT;.frt;4991;1998-05-24 19:00:00;;;ok
ARXIV/UDH3/Vfp98/Filespec/60FRX1.FRX;ARXIV/UDH3/Vfp98/Filespec;60FRX1.FRX;.frx;16437;1998-05-24 19:00:00;;;ok
ARXIV/UDH3/Vfp98/Filespec/60FRX2.FRT;ARXIV/UDH3/Vfp98/Filespec;60FRX2.FRT;.frt;4430;1998-05-24 19:00:00;;;ok
ARXIV/UDH3/Vfp98/Filespec/60FRX2.FRX;ARXIV/UDH3/Vfp98/Filespec;60FRX2.FRX;.frx;14605;1998-05-24 19:00:00;;;ok
ARXIV/UDH3/Vfp98/Filespec/60MNX.DBF;ARXIV/UDH3/Vfp98/Filespec;60MNX.DBF;.dbf;5098;1998-05-24 19:00:00;DBF;Visual FoxPro;ok
ARXIV/UDH3/Vfp98/Filespec/60MNX.FPT;ARXIV/UDH3/Vfp98/Filespec;60MNX.FPT;.fpt;2743;1998-05-24 19:00:00;;;ok
ARXIV/UDH3/Vfp98/Filespec/60MNX.FRT;ARXIV/UDH3/Vfp98/Filespec;60MNX.FRT;.frt;3836;1998-05-24 19:00:00;;;ok
ARXIV/UDH3/Vfp98/Filespec/60MNX.FRX;ARXIV/UDH3/Vfp98/Filespec;60MNX.FRX;.frx;13002;1998-05-24 19:00:00;;;ok
ARXIV/UDH3/Vfp98/Filespec/60PJX.DBF;ARXIV/UDH3/Vfp98/Filespec;60PJX.DBF;.dbf;9065;1998-05-24 19:00:00;DBF;Visual FoxPro;ok
ARXIV/UDH3/Vfp98/Filespec/60PJX.FPT;ARXIV/UDH3/Vfp98/Filespec;60PJX.FPT;.fpt;3520;1998-05-24 19:00:00;;;ok
ARXIV/UDH3/Vfp98/Filespec/60PJX1.FRT;ARXIV/UDH3/Vfp98/Filespec;60PJX1.FRT;.frt;4397;1998-05-24 19:00:00;;;ok
ARXIV/UDH3/Vfp98/Filespec/60PJX1.FRX;ARXIV/UDH3/Vfp98/Filespec;60PJX1.FRX;.frx;16208;1998-05-24 19:00:00;;;ok
ARXIV/UDH3/Vfp98/Filespec/60PJX2.FRT;ARXIV/UDH3/Vfp98/Filespec;60PJX2.FRT;.frt;4166;1998-05-24 19:00:00;;;ok
ARXIV/UDH3/Vfp98/Filespec/60PJX2.FRX;ARXIV/UDH3/Vfp98/Filespec;60PJX2.FRX;.frx;15521;1998-05-24 19:00:00;;;ok
ARXIV/UDH3/Vfp98/Filespec/60SCX.DBF;ARXIV/UDH3/Vfp98/Filespec;60SCX.DBF;.dbf;7150;1998-05-24 19:00:00;DBF;Visual FoxPro;ok
ARXIV/UDH3/Vfp98/Filespec/60SCX.FPT;ARXIV/UDH3/Vfp98/Filespec;60SCX.FPT;.fpt;2432;1998-05-24 19:00:00;;;ok
ARXIV/UDH3/Vfp98/Filespec/60SCX1.FRT;ARXIV/UDH3/Vfp98/Filespec;60SCX1.FRT;.frt;4232;1998-05-24 19:00:00;;;ok
ARXIV/UDH3/Vfp98/Filespec/60SCX1.FRX;ARXIV/UDH3/Vfp98/Filespec;60SCX1.FRX;.frx;15521;1998-05-24 19:00:00;;;ok
ARXIV/UDH3/Vfp98/Filespec/60SCX2.FRT;ARXIV/UDH3/Vfp98/Filespec;60SCX2.FRT;.frt;4826;1998-05-24 19:00:00;;;ok
ARXIV/UDH3/Vfp98/Filespec/60SCX2.FRX;ARXIV/UDH3/Vfp98/Filespec;60SCX2.FRX;.frx;15979;1998-05-24 19:00:00;;;ok
ARXIV/UDH3/Vfp98/Filespec/60SPEC.PJT;ARXIV/UDH3/Vfp98/Filespec;60SPEC.PJT;.pjt;4752;1998-05-24 19:00:00;;;ok
ARXIV/UDH3/Vfp98/Filespec/60SPEC.PJX;ARXIV/UDH3/Vfp98/Filespec;60SPEC.PJX;.pjx;3272;1998-05-24 19:00:00;;;ok
ARXIV/UDH3/Vfp98/Filespec/MSCREATE.DIR;ARXIV/UDH3/Vfp98/Filespec;MSCREATE.DIR;.dir;0;2004-07-20 18:09:34;;;ok
ARXIV/UDH3/Vfp98/Gallery/BLANK.HTM;ARXIV/UDH3/Vfp98/Gallery;BLANK.HTM;.htm;86;1998-05-24 19:00:00;;;ok
ARXIV/UDH3/Vfp98/Gallery/DIALOGS.H;ARXIV/UDH3/Vfp98/Gallery;DIALOGS.H;.h;1801;1998-05-24 19:00:00;;;ok
ARXIV/UDH3/Vfp98/Gallery/KEYWORDS.DBF;ARXIV/UDH3/Vfp98/Gallery;KEYWORDS.DBF;.dbf;4544;1998-05-24 19:00:00;DBF;Visual FoxPro;ok
ARXIV/UDH3/Vfp98/Gallery/MSCREATE.DIR;ARXIV/UDH3/Vfp98/Gallery;MSCREATE.DIR;.dir;0;2004-07-20 18:09:26;;;ok
ARXIV/UDH3/Vfp98/Gallery/STRINGS.H;ARXIV/UDH3/Vfp98/Gallery;STRINGS.H;.h;2399;1998-05-24 19:00:00;;;ok
ARXIV/UDH3/Vfp98/Gallery/VFPGLRY.DBF;ARXIV/UDH3/Vfp98/Gallery;VFPGLRY.DBF;.dbf;4158;1998-05-24 19:00:00;DBF;Visual FoxPro;ok
ARXIV/UDH3/Vfp98/Gallery/VFPGLRY.FPT;ARXIV/UDH3/Vfp98/Gallery;VFPGLRY.FPT;.fpt;10880;1998-05-24 19:00:00;;;ok
ARXIV/UDH3/Vfp98/Gallery/VFPGLRY.H;ARXIV/UDH3/Vfp98/Gallery;VFPGLRY.H;.h;12153;1998-05-24 19:00:00;;;ok
ARXIV/UDH3/Vfp98/Gallery/VFPGLRY.VCT;ARXIV/UDH3/Vfp98/Gallery;VFPGLRY.VCT;.vct;208680;1998-05-24 19:00:00;;;ok
ARXIV/UDH3/Vfp98/Gallery/VFPGLRY.VCX;ARXIV/UDH3/Vfp98/Gallery;VFPGLRY.VCX;.vcx;10297;1998-05-24 19:00:00;;;ok
ARXIV/UDH3/Vfp98/Gallery/_GALLERY.H;ARXIV/UDH3/Vfp98/Gallery;_GALLERY.H;.h;356;1998-05-24 19:00:00;;;ok
ARXIV/UDH3/Vfp98/Gallery/_GALLERY.VCT;ARXIV/UDH3/Vfp98/Gallery;_GALLERY.VCT;.vct;101968;1998-05-24 19:00:00;;;ok
ARXIV/UDH3/Vfp98/Gallery/_GALLERY.VCX;ARXIV/UDH3/Vfp98/Gallery;_GALLERY.VCX;.vcx;2885;1998-05-24 19:00:00;;;ok
ARXIV/UDH3/Vfp98/Gallery/_WEBVIEW.VCT;ARXIV/UDH3/Vfp98/Gallery;_WEBVIEW.VCT;.vct;165120;1998-05-24 19:00:00;;;ok
ARXIV/UDH3/Vfp98/Gallery/_WEBVIEW.VCX;ARXIV/UDH3/Vfp98/Gallery;_WEBVIEW.VCX;.vcx;4303;1998-05-24 19:00:00;;;ok
ARXIV/UDH3/Vfp98/Gallery/activex catalog.dbf;ARXIV/UDH3/Vfp98/Gallery;activex catalog.dbf;.dbf;2255;1998-05-24 19:00:00;DBF;Visual FoxPro;ok
ARXIV/UDH3/Vfp98/Gallery/activex catalog.fpt;ARXIV/UDH3/Vfp98/Gallery;activex catalog.fpt;.fpt;4992;1998-05-24 19:00:00;;;ok
ARXIV/UDH3/Vfp98/Gallery/favorites.dbf;ARXIV/UDH3/Vfp98/Gallery;favorites.dbf;.dbf;1183;1998-05-24 19:00:00;DBF;Visual FoxPro;ok
ARXIV/UDH3/Vfp98/Gallery/favorites.fpt;ARXIV/UDH3/Vfp98/Gallery;favorites.fpt;.fpt;832;1998-05-24 19:00:00;;;ok
ARXIV/UDH3/Vfp98/Gallery/media catalog.dbf;ARXIV/UDH3/Vfp98/Gallery;media catalog.dbf;.dbf;2731;1998-05-24 19:00:00;DBF;Visual FoxPro;ok
ARXIV/UDH3/Vfp98/Gallery/media catalog.fpt;ARXIV/UDH3/Vfp98/Gallery;media catalog.fpt;.fpt;7360;1998-05-24 19:00:00;;;ok
ARXIV/UDH3/Vfp98/Gallery/my classes catalog.dbf;ARXIV/UDH3/Vfp98/Gallery;my classes catalog.dbf;.dbf;1184;1998-05-24 19:00:00;DBF;Visual FoxPro;ok
ARXIV/UDH3/Vfp98/Gallery/my classes catalog.fpt;ARXIV/UDH3/Vfp98/Gallery;my classes catalog.fpt;.fpt;960;1998-05-24 19:00:00;;;ok
ARXIV/UDH3/Vfp98/Gallery/samples catalog.dbf;ARXIV/UDH3/Vfp98/Gallery;samples catalog.dbf;.dbf;5111;1998-05-24 19:00:00;DBF;Visual FoxPro;ok
ARXIV/UDH3/Vfp98/Gallery/samples catalog.fpt;ARXIV/UDH3/Vfp98/Gallery;samples catalog.fpt;.fpt;21056;1998-05-24 19:00:00;;;ok
ARXIV/UDH3/Vfp98/Gallery/vfp catalog.dbf;ARXIV/UDH3/Vfp98/Gallery;vfp catalog.dbf;.dbf;19390;1998-05-24 19:00:00;DBF;Visual FoxPro;ok
ARXIV/UDH3/Vfp98/Gallery/vfp catalog.fpt;ARXIV/UDH3/Vfp98/Gallery;vfp catalog.fpt;.fpt;97792;1998-05-24 19:00:00;;;ok
ARXIV/UDH3/Vfp98/Gallery/www catalog.dbf;ARXIV/UDH3/Vfp98/Gallery;www catalog.dbf;.dbf;13203;1998-05-24 19:00:00;DBF;Visual FoxPro;ok
ARXIV/UDH3/Vfp98/Gallery/www catalog.fpt;ARXIV/UDH3/Vfp98/Gallery;www catalog.fpt;.fpt;35136;1998-05-24 19:00:00;;;ok
ARXIV/UDH3/Vfp98/Gallery/Graphics/ACTXDLL.ICO;ARXIV/UDH3/Vfp98/Gallery/Graphics;ACTXDLL.ICO;.ico;1078;1998-05-24 19:00:00;;;ok
ARXIV/UDH3/Vfp98/Gallery/Graphics/ACTXEXE.ICO;ARXIV/UDH3/Vfp98/Gallery/Graphics;ACTXEXE.ICO;.ico;1078;1998-05-24 19:00:00;;;ok
ARXIV/UDH3/Vfp98/Gallery/Graphics/ACTXOCX.ICO;ARXIV/UDH3/Vfp98/Gallery/Graphics;ACTXOCX.ICO;.ico;1078;1998-05-24 19:00:00;;;ok
ARXIV/UDH3/Vfp98/Gallery/Graphics/APPSTYLE.ICO;ARXIV/UDH3/Vfp98/Gallery/Graphics;APPSTYLE.ICO;.ico;766;1998-05-24 19:00:00;;;ok
ARXIV/UDH3/Vfp98/Gallery/Graphics/APPWIZ.ICO;ARXIV/UDH3/Vfp98/Gallery/Graphics;APPWIZ.ICO;.ico;766;1998-05-24 19:00:00;;;ok
ARXIV/UDH3/Vfp98/Gallery/Graphics/AUDIO.ICO;ARXIV/UDH3/Vfp98/Gallery/Graphics;AUDIO.ICO;.ico;1078;1998-05-24 19:00:00;;;ok
ARXIV/UDH3/Vfp98/Gallery/Graphics/CATALOG.ICO;ARXIV/UDH3/Vfp98/Gallery/Graphics;CATALOG.ICO;.ico;1078;1998-05-24 19:00:00;;;ok
ARXIV/UDH3/Vfp98/Gallery/Graphics/CLASS.ICO;ARXIV/UDH3/Vfp98/Gallery/Graphics;CLASS.ICO;.ico;1078;1998-05-24 19:00:00;;;ok
ARXIV/UDH3/Vfp98/Gallery/Graphics/CLASSLIB.ICO;ARXIV/UDH3/Vfp98/Gallery/Graphics;CLASSLIB.ICO;.ico;1078;1998-05-24 19:00:00;;;ok
ARXIV/UDH3/Vfp98/Gallery/Graphics/DATABASE.ICO;ARXIV/UDH3/Vfp98/Gallery/Graphics;DATABASE.ICO;.ico;1078;1998-05-24 19:00:00;;;ok
ARXIV/UDH3/Vfp98/Gallery/Graphics/DATAWIZ.ICO;ARXIV/UDH3/Vfp98/Gallery/Graphics;DATAWIZ.ICO;.ico;1078;1998-05-24 19:00:00;;;ok
ARXIV/UDH3/Vfp98/Gallery/Graphics/EXCEL.ICO;ARXIV/UDH3/Vfp98/Gallery/Graphics;EXCEL.ICO;.ico;1078;1998-05-24 19:00:00;;;ok
ARXIV/UDH3/Vfp98/Gallery/Graphics/FILE.ICO;ARXIV/UDH3/Vfp98/Gallery/Graphics;FILE.ICO;.ico;1078;1998-05-24 19:00:00;;;ok
ARXIV/UDH3/Vfp98/Gallery/Graphics/FORM.BMP;ARXIV/UDH3/Vfp98/Gallery/Graphics;FORM.BMP;.bmp;238;1998-06-03 19:00:00;;;ok
ARXIV/UDH3/Vfp98/Gallery/Graphics/FORM.ICO;ARXIV/UDH3/Vfp98/Gallery/Graphics;FORM.ICO;.ico;1078;1998-05-24 19:00:00;;;ok
ARXIV/UDH3/Vfp98/Gallery/Graphics/FORMWIZ.ICO;ARXIV/UDH3/Vfp98/Gallery/Graphics;FORMWIZ.ICO;.ico;1078;1998-05-24 19:00:00;;;ok
ARXIV/UDH3/Vfp98/Gallery/Graphics/FRMSTYLE.ICO;ARXIV/UDH3/Vfp98/Gallery/Graphics;FRMSTYLE.ICO;.ico;766;1998-05-24 19:00:00;;;ok
ARXIV/UDH3/Vfp98/Gallery/Graphics/GIF.ICO;ARXIV/UDH3/Vfp98/Gallery/Graphics;GIF.ICO;.ico;1078;1998-05-24 19:00:00;;;ok
ARXIV/UDH3/Vfp98/Gallery/Graphics/HELP.ICO;ARXIV/UDH3/Vfp98/Gallery/Graphics;HELP.ICO;.ico;1078;1998-05-24 19:00:00;;;ok
ARXIV/UDH3/Vfp98/Gallery/Graphics/INTERNET.ICO;ARXIV/UDH3/Vfp98/Gallery/Graphics;INTERNET.ICO;.ico;1078;1998-05-24 19:00:00;;;ok
ARXIV/UDH3/Vfp98/Gallery/Graphics/JPEG.ICO;ARXIV/UDH3/Vfp98/Gallery/Graphics;JPEG.ICO;.ico;1078;1998-05-24 19:00:00;;;ok
ARXIV/UDH3/Vfp98/Gallery/Graphics/LABEL.ICO;ARXIV/UDH3/Vfp98/Gallery/Graphics;LABEL.ICO;.ico;1078;1998-05-24 19:00:00;;;ok
ARXIV/UDH3/Vfp98/Gallery/Graphics/LABELWIZ.ICO;ARXIV/UDH3/Vfp98/Gallery/Graphics;LABELWIZ.ICO;.ico;1078;1998-05-24 19:00:00;;;ok
ARXIV/UDH3/Vfp98/Gallery/Graphics/MENU.ICO;ARXIV/UDH3/Vfp98/Gallery/Graphics;MENU.ICO;.ico;1078;1998-05-24 19:00:00;;;ok
ARXIV/UDH3/Vfp98/Gallery/Graphics/MSCREATE.DIR;ARXIV/UDH3/Vfp98/Gallery/Graphics;MSCREATE.DIR;.dir;0;2004-07-20 18:09:26;;;ok
ARXIV/UDH3/Vfp98/Gallery/Graphics/MUSIC.ICO;ARXIV/UDH3/Vfp98/Gallery/Graphics;MUSIC.ICO;.ico;766;1998-05-24 19:00:00;;;ok
ARXIV/UDH3/Vfp98/Gallery/Graphics/OUTLOOK.ICO;ARXIV/UDH3/Vfp98/Gallery/Graphics;OUTLOOK.ICO;.ico;1078;1998-05-24 19:00:00;;;ok
ARXIV/UDH3/Vfp98/Gallery/Graphics/PICTURE.ICO;ARXIV/UDH3/Vfp98/Gallery/Graphics;PICTURE.ICO;.ico;1078;1998-05-24 19:00:00;;;ok
ARXIV/UDH3/Vfp98/Gallery/Graphics/PROGRAM.ICO;ARXIV/UDH3/Vfp98/Gallery/Graphics;PROGRAM.ICO;.ico;1078;1998-05-24 19:00:00;;;ok
ARXIV/UDH3/Vfp98/Gallery/Graphics/PROJECT.ICO;ARXIV/UDH3/Vfp98/Gallery/Graphics;PROJECT.ICO;.ico;766;1998-05-24 19:00:00;;;ok
ARXIV/UDH3/Vfp98/Gallery/Graphics/PowerPoint.ico;ARXIV/UDH3/Vfp98/Gallery/Graphics;PowerPoint.ico;.ico;1078;1998-05-24 19:00:00;;;ok
ARXIV/UDH3/Vfp98/Gallery/Graphics/REPORT.ICO;ARXIV/UDH3/Vfp98/Gallery/Graphics;REPORT.ICO;.ico;1078;1998-05-24 19:00:00;;;ok
ARXIV/UDH3/Vfp98/Gallery/Graphics/RPTSTYLE.ICO;ARXIV/UDH3/Vfp98/Gallery/Graphics;RPTSTYLE.ICO;.ico;766;1998-05-24 19:00:00;;;ok
ARXIV/UDH3/Vfp98/Gallery/Graphics/RPTWIZ.ICO;ARXIV/UDH3/Vfp98/Gallery/Graphics;RPTWIZ.ICO;.ico;1078;1998-05-24 19:00:00;;;ok
ARXIV/UDH3/Vfp98/Gallery/Graphics/SAMPLE.ICO;ARXIV/UDH3/Vfp98/Gallery/Graphics;SAMPLE.ICO;.ico;1078;1998-05-24 19:00:00;;;ok
ARXIV/UDH3/Vfp98/Gallery/Graphics/TABLE.ICO;ARXIV/UDH3/Vfp98/Gallery/Graphics;TABLE.ICO;.ico;1078;1998-05-24 19:00:00;;;ok
ARXIV/UDH3/Vfp98/Gallery/Graphics/TABLEWIZ.ICO;ARXIV/UDH3/Vfp98/Gallery/Graphics;TABLEWIZ.ICO;.ico;1078;1998-05-24 19:00:00;;;ok
ARXIV/UDH3/Vfp98/Gallery/Graphics/TEXT.ICO;ARXIV/UDH3/Vfp98/Gallery/Graphics;TEXT.ICO;.ico;1078;1998-05-24 19:00:00;;;ok
ARXIV/UDH3/Vfp98/Gallery/Graphics/TOOLS.ICO;ARXIV/UDH3/Vfp98/Gallery/Graphics;TOOLS.ICO;.ico;1078;1998-05-24 19:00:00;;;ok
ARXIV/UDH3/Vfp98/Gallery/Graphics/VIDEO.ICO;ARXIV/UDH3/Vfp98/Gallery/Graphics;VIDEO.ICO;.ico;1078;1998-05-24 19:00:00;;;ok
ARXIV/UDH3/Vfp98/Gallery/Graphics/VIEW.ICO;ARXIV/UDH3/Vfp98/Gallery/Graphics;VIEW.ICO;.ico;1078;1998-05-24 19:00:00;;;ok
ARXIV/UDH3/Vfp98/Gallery/Graphics/WEBDOC.ICO;ARXIV/UDH3/Vfp98/Gallery/Graphics;WEBDOC.ICO;.ico;1078;1998-05-24 19:00:00;;;ok
ARXIV/UDH3/Vfp98/Gallery/Graphics/WEBFILE.ICO;ARXIV/UDH3/Vfp98/Gallery/Graphics;WEBFILE.ICO;.ico;1078;1998-05-24 19:00:00;;;ok
ARXIV/UDH3/Vfp98/Gallery/Graphics/WEBSITE.ICO;ARXIV/UDH3/Vfp98/Gallery/Graphics;WEBSITE.ICO;.ico;1078;1998-05-24 19:00:00;;;ok
ARXIV/UDH3/Vfp98/Gallery/Graphics/WIZARD.ICO;ARXIV/UDH3/Vfp98/Gallery/Graphics;WIZARD.ICO;.ico;1078;1998-05-24 19:00:00;;;ok
ARXIV/UDH3/Vfp98/Gallery/Graphics/WORD.ICO;ARXIV/UDH3/Vfp98/Gallery/Graphics;WORD.ICO;.ico;1078;1998-05-24 19:00:00;;;ok
ARXIV/UDH3/Vfp98/Gallery/Media/CHIMES.WAV;ARXIV/UDH3/Vfp98/Gallery/Media;CHIMES.WAV;.wav;15932;1998-05-24 19:00:00;;;ok
ARXIV/UDH3/Vfp98/Gallery/Media/MSCREATE.DIR;ARXIV/UDH3/Vfp98/Gallery/Media;MSCREATE.DIR;.dir;0;2004-07-20 18:09:26;;;ok
ARXIV/UDH3/Vfp98/Gallery/Media/SEARCH.AVI;ARXIV/UDH3/Vfp98/Gallery/Media;SEARCH.AVI;.avi;20796;1998-05-24 19:00:00;;;ok
ARXIV/UDH3/Vfp98/Gallery/Media/beethoven's fur elise.rmi;ARXIV/UDH3/Vfp98/Gallery/Media;beethoven's fur elise.rmi;.rmi;21312;1998-05-24 19:00:00;;;ok
ARXIV/UDH3/Vfp98/Gallery/Media/dance of the sugar-plum fairy.rmi;ARXIV/UDH3/Vfp98/Gallery/Media;dance of the sugar-plum fairy.rmi;.rmi;20906;1998-05-24 19:00:00;;;ok
ARXIV/UDH3/Vfp98/Gallery/Media/gold weave.bmp;ARXIV/UDH3/Vfp98/Gallery/Media;gold weave.bmp;.bmp;32850;1998-05-24 19:00:00;;;ok
ARXIV/UDH3/Vfp98/Gallery/Media/metal links.bmp;ARXIV/UDH3/Vfp98/Gallery/Media;metal links.bmp;.bmp;36182;1998-05-24 19:00:00;;;ok
ARXIV/UDH3/Vfp98/Tools/FOXTOOLS.CHM;ARXIV/UDH3/Vfp98/Tools;FOXTOOLS.CHM;.chm;39404;1998-05-24 19:00:00;;;ok
ARXIV/UDH3/Vfp98/Tools/MSCREATE.DIR;ARXIV/UDH3/Vfp98/Tools;MSCREATE.DIR;.dir;0;2004-07-20 18:09:22;;;ok
ARXIV/UDH3/Vfp98/Tools/Addlabel/ADDLABEL.APP;ARXIV/UDH3/Vfp98/Tools/Addlabel;ADDLABEL.APP;.app;143313;1998-05-24 19:00:00;;;ok
ARXIV/UDH3/Vfp98/Tools/Addlabel/LABELS.DBF;ARXIV/UDH3/Vfp98/Tools/Addlabel;LABELS.DBF;.dbf;6622;1998-05-24 19:00:00;DBF;FoxPro 2.x с memo (.fpt);ok
ARXIV/UDH3/Vfp98/Tools/Addlabel/LABELS.FPT;ARXIV/UDH3/Vfp98/Tools/Addlabel;LABELS.FPT;.fpt;11520;1998-05-24 19:00:00;;;ok
ARXIV/UDH3/Vfp98/Tools/Addlabel/LABELS.REG;ARXIV/UDH3/Vfp98/Tools/Addlabel;LABELS.REG;.reg;8643;1998-05-24 19:00:00;;;ok
ARXIV/UDH3/Vfp98/Tools/Addlabel/MSCREATE.DIR;ARXIV/UDH3/Vfp98/Tools/Addlabel;MSCREATE.DIR;.dir;0;2004-07-20 18:09:28;;;ok
ARXIV/UDH3/Vfp98/Tools/Analyzer/ANALYZER.APP;ARXIV/UDH3/Vfp98/Tools/Analyzer;ANALYZER.APP;.app;25803;1998-05-24 19:00:00;;;ok
ARXIV/UDH3/Vfp98/Tools/Analyzer/ANALYZER.PJT;ARXIV/UDH3/Vfp98/Tools/Analyzer;ANALYZER.PJT;.pjt;21496;1998-05-24 19:00:00;;;ok
ARXIV/UDH3/Vfp98/Tools/Analyzer/ANALYZER.PJX;ARXIV/UDH3/Vfp98/Tools/Analyzer;ANALYZER.PJX;.pjx;1843;1998-05-24 19:00:00;;;ok
ARXIV/UDH3/Vfp98/Tools/Analyzer/ANALYZER.PRG;ARXIV/UDH3/Vfp98/Tools/Analyzer;ANALYZER.PRG;.prg;8799;1998-05-24 19:00:00;;;ok
ARXIV/UDH3/Vfp98/Tools/Analyzer/JUMP.MNT;ARXIV/UDH3/Vfp98/Tools/Analyzer;JUMP.MNT;.mnt;1256;1998-05-24 19:00:00;;;ok
ARXIV/UDH3/Vfp98/Tools/Analyzer/JUMP.MNX;ARXIV/UDH3/Vfp98/Tools/Analyzer;JUMP.MNX;.mnx;1617;1998-05-24 19:00:00;;;ok
ARXIV/UDH3/Vfp98/Tools/Analyzer/JUMP.SCT;ARXIV/UDH3/Vfp98/Tools/Analyzer;JUMP.SCT;.sct;13775;1998-05-24 19:00:00;;;ok
ARXIV/UDH3/Vfp98/Tools/Analyzer/JUMP.SCX;ARXIV/UDH3/Vfp98/Tools/Analyzer;JUMP.SCX;.scx;3322;1998-05-24 19:00:00;;;ok
ARXIV/UDH3/Vfp98/Tools/Analyzer/MSCREATE.DIR;ARXIV/UDH3/Vfp98/Tools/Analyzer;MSCREATE.DIR;.dir;0;2004-07-20 18:09:28;;;ok
ARXIV/UDH3/Vfp98/Tools/Analyzer/README.TXT;ARXIV/UDH3/Vfp98/Tools/Analyzer;README.TXT;.txt;1531;1998-05-26 19:00:00;;;ok
ARXIV/UDH3/Vfp98/Tools/Convert/CONPROCS.PRG;ARXIV/UDH3/Vfp98/Tools/Convert;CONPROCS.PRG;.prg;75773;1998-05-24 19:00:00;;;ok
ARXIV/UDH3/Vfp98/Tools/Convert/CONVERT.H;ARXIV/UDH3/Vfp98/Tools/Convert;CONVERT.H;.h;29466;1998-05-24 19:00:00;;;ok
ARXIV/UDH3/Vfp98/Tools/Convert/CONVERT.PJT;ARXIV/UDH3/Vfp98/Tools/Convert;CONVERT.PJT;.pjt;447040;1998-05-24 19:00:00;;;ok
ARXIV/UDH3/Vfp98/Tools/Convert/CONVERT.PJX;ARXIV/UDH3/Vfp98/Tools/Convert;CONVERT.PJX;.pjx;3273;1998-05-24 19:00:00;;;ok
ARXIV/UDH3/Vfp98/Tools/Convert/CONVERT.PRG;ARXIV/UDH3/Vfp98/Tools/Convert;CONVERT.PRG;.prg;273039;1998-05-24 19:00:00;;;ok
ARXIV/UDH3/Vfp98/Tools/Convert/CVTALERT.H;ARXIV/UDH3/Vfp98/Tools/Convert;CVTALERT.H;.h;1430;1998-05-24 19:00:00;;;ok
ARXIV/UDH3/Vfp98/Tools/Convert/CVTALERT.VCT;ARXIV/UDH3/Vfp98/Tools/Convert;CVTALERT.VCT;.vct;52928;1998-05-24 19:00:00;;;ok
ARXIV/UDH3/Vfp98/Tools/Convert/CVTALERT.VCX;ARXIV/UDH3/Vfp98/Tools/Convert;CVTALERT.VCX;.vcx;5174;1998-05-24 19:00:00;;;ok
ARXIV/UDH3/Vfp98/Tools/Convert/FOREIGN.H;ARXIV/UDH3/Vfp98/Tools/Convert;FOREIGN.H;.h;755;1998-05-24 19:00:00;;;ok
ARXIV/UDH3/Vfp98/Tools/Convert/FOREIGN.PRG;ARXIV/UDH3/Vfp98/Tools/Convert;FOREIGN.PRG;.prg;31806;1998-05-24 19:00:00;;;ok
ARXIV/UDH3/Vfp98/Tools/Convert/GENERIC.PRG;ARXIV/UDH3/Vfp98/Tools/Convert;GENERIC.PRG;.prg;268;1998-05-24 19:00:00;;;ok
ARXIV/UDH3/Vfp98/Tools/Convert/MIGDB4.H;ARXIV/UDH3/Vfp98/Tools/Convert;MIGDB4.H;.h;441;1998-05-24 19:00:00;;;ok
ARXIV/UDH3/Vfp98/Tools/Convert/MIGDB4.PRG;ARXIV/UDH3/Vfp98/Tools/Convert;MIGDB4.PRG;.prg;52242;1998-05-24 19:00:00;;;ok
ARXIV/UDH3/Vfp98/Tools/Convert/MIGNAVPR.TXT;ARXIV/UDH3/Vfp98/Tools/Convert;MIGNAVPR.TXT;.txt;5051;1998-05-24 19:00:00;;;ok
ARXIV/UDH3/Vfp98/Tools/Convert/MSCREATE.DIR;ARXIV/UDH3/Vfp98/Tools/Convert;MSCREATE.DIR;.dir;0;2004-07-20 18:09:28;;;ok
ARXIV/UDH3/Vfp98/Tools/Convert/SPRTHERM.VCT;ARXIV/UDH3/Vfp98/Tools/Convert;SPRTHERM.VCT;.vct;28672;1998-05-24 19:00:00;;;ok
ARXIV/UDH3/Vfp98/Tools/Convert/SPRTHERM.VCX;ARXIV/UDH3/Vfp98/Tools/Convert;SPRTHERM.VCX;.vcx;4629;1998-05-24 19:00:00;;;ok
ARXIV/UDH3/Vfp98/Tools/Convert/TRANSPRT.H;ARXIV/UDH3/Vfp98/Tools/Convert;TRANSPRT.H;.h;11785;1998-05-24 19:00:00;;;ok
ARXIV/UDH3/Vfp98/Tools/Convert/TRANSPRT.PRG;ARXIV/UDH3/Vfp98/Tools/Convert;TRANSPRT.PRG;.prg;394749;1998-05-24 19:00:00;;;ok
ARXIV/UDH3/Vfp98/Tools/Cpzero/CPZERO.PRG;ARXIV/UDH3/Vfp98/Tools/Cpzero;CPZERO.PRG;.prg;3958;1998-05-24 19:00:00;;;ok
ARXIV/UDH3/Vfp98/Tools/Cpzero/MSCREATE.DIR;ARXIV/UDH3/Vfp98/Tools/Cpzero;MSCREATE.DIR;.dir;0;2004-07-20 18:09:28;;;ok
ARXIV/UDH3/Vfp98/Tools/Filer/FILER.DLL;ARXIV/UDH3/Vfp98/Tools/Filer;FILER.DLL;.dll;40960;1998-06-08 19:00:00;;;ok
ARXIV/UDH3/Vfp98/Tools/Filer/FILER.ICO;ARXIV/UDH3/Vfp98/Tools/Filer;FILER.ICO;.ico;1086;1998-05-24 19:00:00;;;ok
ARXIV/UDH3/Vfp98/Tools/Filer/FILER.SCT;ARXIV/UDH3/Vfp98/Tools/Filer;FILER.SCT;.sct;47078;1998-05-24 19:00:00;;;ok
ARXIV/UDH3/Vfp98/Tools/Filer/FILER.SCX;ARXIV/UDH3/Vfp98/Tools/Filer;FILER.SCX;.scx;6265;1998-05-24 19:00:00;;;ok
ARXIV/UDH3/Vfp98/Tools/Filer/MSCREATE.DIR;ARXIV/UDH3/Vfp98/Tools/Filer;MSCREATE.DIR;.dir;0;2004-07-20 18:09:28;;;ok
ARXIV/UDH3/Vfp98/Tools/Gendbc/GENDBC.PRG;ARXIV/UDH3/Vfp98/Tools/Gendbc;GENDBC.PRG;.prg;52158;1998-05-24 19:00:00;;;ok
ARXIV/UDH3/Vfp98/Tools/Gendbc/MSCREATE.DIR;ARXIV/UDH3/Vfp98/Tools/Gendbc;MSCREATE.DIR;.dir;0;2004-07-20 18:09:28;;;ok
ARXIV/UDH3/Vfp98/Tools/Hexedit/DNARROW.BMP;ARXIV/UDH3/Vfp98/Tools/Hexedit;DNARROW.BMP;.bmp;146;1998-05-24 19:00:00;;;ok
ARXIV/UDH3/Vfp98/Tools/Hexedit/DNBOTTOM.BMP;ARXIV/UDH3/Vfp98/Tools/Hexedit;DNBOTTOM.BMP;.bmp;146;1998-05-24 19:00:00;;;ok
ARXIV/UDH3/Vfp98/Tools/Hexedit/HEXEDIT.APP;ARXIV/UDH3/Vfp98/Tools/Hexedit;HEXEDIT.APP;.app;93575;1998-05-24 19:00:00;;;ok
ARXIV/UDH3/Vfp98/Tools/Hexedit/HEXEDIT.PJT;ARXIV/UDH3/Vfp98/Tools/Hexedit;HEXEDIT.PJT;.pjt;5115;1998-05-24 19:00:00;;;ok
ARXIV/UDH3/Vfp98/Tools/Hexedit/HEXEDIT.PJX;ARXIV/UDH3/Vfp98/Tools/Hexedit;HEXEDIT.PJX;.pjx;2493;1998-05-24 19:00:00;;;ok
ARXIV/UDH3/Vfp98/Tools/Hexedit/HEXEDIT.PRG;ARXIV/UDH3/Vfp98/Tools/Hexedit;HEXEDIT.PRG;.prg;372;1998-05-24 19:00:00;;;ok
ARXIV/UDH3/Vfp98/Tools/Hexedit/HEXEDIT.SCT;ARXIV/UDH3/Vfp98/Tools/Hexedit;HEXEDIT.SCT;.sct;106615;1998-05-24 19:00:00;;;ok
ARXIV/UDH3/Vfp98/Tools/Hexedit/HEXEDIT.SCX;ARXIV/UDH3/Vfp98/Tools/Hexedit;HEXEDIT.SCX;.scx;15966;1998-05-24 19:00:00;;;ok
ARXIV/UDH3/Vfp98/Tools/Hexedit/HEXEDIT.VCT;ARXIV/UDH3/Vfp98/Tools/Hexedit;HEXEDIT.VCT;.vct;21240;1998-05-24 19:00:00;;;ok
ARXIV/UDH3/Vfp98/Tools/Hexedit/HEXEDIT.VCX;ARXIV/UDH3/Vfp98/Tools/Hexedit;HEXEDIT.VCX;.vcx;2013;1998-05-24 19:00:00;;;ok
ARXIV/UDH3/Vfp98/Tools/Hexedit/LEFT.BMP;ARXIV/UDH3/Vfp98/Tools/Hexedit;LEFT.BMP;.bmp;130;1998-05-24 19:00:00;;;ok
ARXIV/UDH3/Vfp98/Tools/Hexedit/MSCREATE.DIR;ARXIV/UDH3/Vfp98/Tools/Hexedit;MSCREATE.DIR;.dir;0;2004-07-20 18:09:28;;;ok
ARXIV/UDH3/Vfp98/Tools/Hexedit/RIGHT.BMP;ARXIV/UDH3/Vfp98/Tools/Hexedit;RIGHT.BMP;.bmp;130;1998-05-24 19:00:00;;;ok
ARXIV/UDH3/Vfp98/Tools/Hexedit/UPARROW.BMP;ARXIV/UDH3/Vfp98/Tools/Hexedit;UPARROW.BMP;.bmp;146;1998-05-24 19:00:00;;;ok
ARXIV/UDH3/Vfp98/Tools/Hexedit/UPTOP.BMP;ARXIV/UDH3/Vfp98/Tools/Hexedit;UPTOP.BMP;.bmp;146;1998-05-24 19:00:00;;;ok
ARXIV/UDH3/Vfp98/Tools/Inetwiz/MSCREATE.DIR;ARXIV/UDH3/Vfp98/Tools/Inetwiz;MSCREATE.DIR;.dir;0;2004-07-20 18:09:26;;;ok
ARXIV/UDH3/Vfp98/Tools/Inetwiz/TEMPFLDS.CDX;ARXIV/UDH3/Vfp98/Tools/Inetwiz;TEMPFLDS.CDX;.cdx;4608;1998-05-24 19:00:00;;;ok
ARXIV/UDH3/Vfp98/Tools/Inetwiz/TEMPFLDS.DBF;ARXIV/UDH3/Vfp98/Tools/Inetwiz;TEMPFLDS.DBF;.dbf;1924;1998-05-24 19:00:00;DBF;Visual FoxPro;ok
ARXIV/UDH3/Vfp98/Tools/Inetwiz/TEMPFLDS.FPT;ARXIV/UDH3/Vfp98/Tools/Inetwiz;TEMPFLDS.FPT;.fpt;1128;1998-05-24 19:00:00;;;ok
ARXIV/UDH3/Vfp98/Tools/Inetwiz/TEMPSTYL.CDX;ARXIV/UDH3/Vfp98/Tools/Inetwiz;TEMPSTYL.CDX;.cdx;7680;1998-05-24 19:00:00;;;ok
ARXIV/UDH3/Vfp98/Tools/Inetwiz/TEMPSTYL.DBF;ARXIV/UDH3/Vfp98/Tools/Inetwiz;TEMPSTYL.DBF;.dbf;516;1998-05-24 19:00:00;DBF;Visual FoxPro;ok
ARXIV/UDH3/Vfp98/Tools/Inetwiz/TEMPSTYL.FPT;ARXIV/UDH3/Vfp98/Tools/Inetwiz;TEMPSTYL.FPT;.fpt;3968;1998-05-24 19:00:00;;;ok
ARXIV/UDH3/Vfp98/Tools/Inetwiz/WWWPAGE.APP;ARXIV/UDH3/Vfp98/Tools/Inetwiz;WWWPAGE.APP;.app;401271;1998-05-24 19:00:00;;;ok
ARXIV/UDH3/Vfp98/Tools/Inetwiz/Server/FOXSM.GIF;ARXIV/UDH3/Vfp98/Tools/Inetwiz/Server;FOXSM.GIF;.gif;762;1998-05-24 19:00:00;;;ok
ARXIV/UDH3/Vfp98/Tools/Inetwiz/Server/MSCREATE.DIR;ARXIV/UDH3/Vfp98/Tools/Inetwiz/Server;MSCREATE.DIR;.dir;0;2004-07-20 18:09:26;;;ok
ARXIV/UDH3/Vfp98/Tools/Inetwiz/Server/MYCGI.C;ARXIV/UDH3/Vfp98/Tools/Inetwiz/Server;MYCGI.C;.c;6092;1998-05-24 19:00:00;;;ok
ARXIV/UDH3/Vfp98/Tools/Inetwiz/Server/NET13.ICO;ARXIV/UDH3/Vfp98/Tools/Inetwiz/Server;NET13.ICO;.ico;766;1998-05-24 19:00:00;;;ok
ARXIV/UDH3/Vfp98/Tools/Inetwiz/Server/QUERYLOG.DBF;ARXIV/UDH3/Vfp98/Tools/Inetwiz/Server;QUERYLOG.DBF;.dbf;392;1998-05-24 19:00:00;DBF;Visual FoxPro;ok
ARXIV/UDH3/Vfp98/Tools/Inetwiz/Server/QUERYLOG.FPT;ARXIV/UDH3/Vfp98/Tools/Inetwiz/Server;QUERYLOG.FPT;.fpt;512;1998-05-24 19:00:00;;;ok
ARXIV/UDH3/Vfp98/Tools/Inetwiz/Server/SERVER.APP;ARXIV/UDH3/Vfp98/Tools/Inetwiz/Server;SERVER.APP;.app;34208;1998-05-24 19:00:00;;;ok
ARXIV/UDH3/Vfp98/Tools/Inetwiz/Server/SERVER.PJT;ARXIV/UDH3/Vfp98/Tools/Inetwiz/Server;SERVER.PJT;.pjt;25587;1998-05-24 19:00:00;;;ok
ARXIV/UDH3/Vfp98/Tools/Inetwiz/Server/SERVER.PJX;ARXIV/UDH3/Vfp98/Tools/Inetwiz/Server;SERVER.PJX;.pjx;1973;1998-05-24 19:00:00;;;ok
ARXIV/UDH3/Vfp98/Tools/Inetwiz/Server/SERVER.PRG;ARXIV/UDH3/Vfp98/Tools/Inetwiz/Server;SERVER.PRG;.prg;33616;1998-05-24 19:00:00;;;ok
ARXIV/UDH3/Vfp98/Tools/Inetwiz/Server/SERVER.SCT;ARXIV/UDH3/Vfp98/Tools/Inetwiz/Server;SERVER.SCT;.sct;6376;1998-05-24 19:00:00;;;ok
ARXIV/UDH3/Vfp98/Tools/Inetwiz/Server/SERVER.SCX;ARXIV/UDH3/Vfp98/Tools/Inetwiz/Server;SERVER.SCX;.scx;1905;1998-05-24 19:00:00;;;ok
ARXIV/UDH3/Vfp98/Tools/Inetwiz/Server/SPECROOT.SCT;ARXIV/UDH3/Vfp98/Tools/Inetwiz/Server;SPECROOT.SCT;.sct;5879;1998-05-24 19:00:00;;;ok
ARXIV/UDH3/Vfp98/Tools/Inetwiz/Server/SPECROOT.SCX;ARXIV/UDH3/Vfp98/Tools/Inetwiz/Server;SPECROOT.SCX;.scx;2559;1998-05-24 19:00:00;;;ok
ARXIV/UDH3/Vfp98/Tools/Inetwiz/Server/START.PRG;ARXIV/UDH3/Vfp98/Tools/Inetwiz/Server;START.PRG;.prg;972;1998-05-24 19:00:00;;;ok
ARXIV/UDH3/Vfp98/Tools/Inetwiz/Server/VFP.JPG;ARXIV/UDH3/Vfp98/Tools/Inetwiz/Server;VFP.JPG;.jpg;84469;1998-05-24 19:00:00;;;ok
ARXIV/UDH3/Vfp98/Tools/Inetwiz/Server/VFPCGI.EXE;ARXIV/UDH3/Vfp98/Tools/Inetwiz/Server;VFPCGI.EXE;.exe;55808;1998-05-24 19:00:00;;;ok
ARXIV/UDH3/Vfp98/Tools/Inetwiz/Server/VFPCGI.MAK;ARXIV/UDH3/Vfp98/Tools/Inetwiz/Server;VFPCGI.MAK;.mak;5956;1998-05-24 19:00:00;;;ok
ARXIV/UDH3/Vfp98/Tools/Inetwiz/Server/VFPCGI.MDP;ARXIV/UDH3/Vfp98/Tools/Inetwiz/Server;VFPCGI.MDP;.mdp;39936;1998-05-24 19:00:00;;;ok
ARXIV/UDH3/Vfp98/Tools/Inetwiz/Server/VFPCGI.NCB;ARXIV/UDH3/Vfp98/Tools/Inetwiz/Server;VFPCGI.NCB;.ncb;50176;1998-05-24 19:00:00;;;ok
ARXIV/UDH3/Vfp98/Tools/Transfrm/MSCREATE.DIR;ARXIV/UDH3/Vfp98/Tools/Transfrm;MSCREATE.DIR;.dir;0;2004-07-20 18:09:26;;;ok
ARXIV/UDH3/Vfp98/Tools/Transfrm/TRANSFRM.APP;ARXIV/UDH3/Vfp98/Tools/Transfrm;TRANSFRM.APP;.app;103952;1998-05-24 19:00:00;;;ok
ARXIV/UDH3/Vfp98/Tools/Transfrm/TRANSFRM.H;ARXIV/UDH3/Vfp98/Tools/Transfrm;TRANSFRM.H;.h;1736;1998-05-24 19:00:00;;;ok
ARXIV/UDH3/Vfp98/Tools/Transfrm/TRANSFRM.ICO;ARXIV/UDH3/Vfp98/Tools/Transfrm;TRANSFRM.ICO;.ico;766;1998-05-24 19:00:00;;;ok
ARXIV/UDH3/Vfp98/Tools/Transfrm/TRANSFRM.PJT;ARXIV/UDH3/Vfp98/Tools/Transfrm;TRANSFRM.PJT;.pjt;29679;1998-05-24 19:00:00;;;ok
ARXIV/UDH3/Vfp98/Tools/Transfrm/TRANSFRM.PJX;ARXIV/UDH3/Vfp98/Tools/Transfrm;TRANSFRM.PJX;.pjx;1713;1998-05-24 19:00:00;;;ok
ARXIV/UDH3/Vfp98/Tools/Transfrm/TRANSFRM.PRG;ARXIV/UDH3/Vfp98/Tools/Transfrm;TRANSFRM.PRG;.prg;31510;1998-05-24 19:00:00;;;ok
ARXIV/UDH3/Vfp98/Tools/Transfrm/TRANSFRM.VCT;ARXIV/UDH3/Vfp98/Tools/Transfrm;TRANSFRM.VCT;.vct;154186;1998-05-24 19:00:00;;;ok
ARXIV/UDH3/Vfp98/Tools/Transfrm/TRANSFRM.VCX;ARXIV/UDH3/Vfp98/Tools/Transfrm;TRANSFRM.VCX;.vcx;28392;1998-05-24 19:00:00;;;ok
ARXIV/UDH3/Vfp98/Tools/Transfrm/Samples/FONT2MAC.DBF;ARXIV/UDH3/Vfp98/Tools/Transfrm/Samples;FONT2MAC.DBF;.dbf;584;1998-05-24 19:00:00;DBF;Visual FoxPro;ok
ARXIV/UDH3/Vfp98/Tools/Transfrm/Samples/FONT2WIN.DBF;ARXIV/UDH3/Vfp98/Tools/Transfrm/Samples;FONT2WIN.DBF;.dbf;584;1998-05-24 19:00:00;DBF;Visual FoxPro;ok
ARXIV/UDH3/Vfp98/Tools/Transfrm/Samples/LIB1.VCT;ARXIV/UDH3/Vfp98/Tools/Transfrm/Samples;LIB1.VCT;.vct;1292;1998-05-24 19:00:00;;;ok
ARXIV/UDH3/Vfp98/Tools/Transfrm/Samples/LIB1.VCX;ARXIV/UDH3/Vfp98/Tools/Transfrm/Samples;LIB1.VCX;.vcx;1577;1998-05-24 19:00:00;;;ok
ARXIV/UDH3/Vfp98/Tools/Transfrm/Samples/MSCREATE.DIR;ARXIV/UDH3/Vfp98/Tools/Transfrm/Samples;MSCREATE.DIR;.dir;0;2004-07-20 18:09:26;;;ok
ARXIV/UDH3/Vfp98/Tools/Transfrm/Samples/MYTRNSFM.PRG;ARXIV/UDH3/Vfp98/Tools/Transfrm/Samples;MYTRNSFM.PRG;.prg;915;1998-05-24 19:00:00;;;ok
ARXIV/UDH3/Vfp98/Tools/Transfrm/Samples/REDBTTNS.DBF;ARXIV/UDH3/Vfp98/Tools/Transfrm/Samples;REDBTTNS.DBF;.dbf;584;1998-05-24 19:00:00;DBF;Visual FoxPro;ok
ARXIV/UDH3/Vfp98/Tools/Transfrm/Samples/SAMPLE1.PJT;ARXIV/UDH3/Vfp98/Tools/Transfrm/Samples;SAMPLE1.PJT;.pjt;1908;1998-05-24 19:00:00;;;ok
ARXIV/UDH3/Vfp98/Tools/Transfrm/Samples/SAMPLE1.PJX;ARXIV/UDH3/Vfp98/Tools/Transfrm/Samples;SAMPLE1.PJX;.pjx;1713;1998-05-24 19:00:00;;;ok
ARXIV/UDH3/Vfp98/Tools/Transfrm/Samples/SAMPLE1.SCT;ARXIV/UDH3/Vfp98/Tools/Transfrm/Samples;SAMPLE1.SCT;.sct;1485;1998-05-24 19:00:00;;;ok
ARXIV/UDH3/Vfp98/Tools/Transfrm/Samples/SAMPLE1.SCX;ARXIV/UDH3/Vfp98/Tools/Transfrm/Samples;SAMPLE1.SCX;.scx;1905;1998-05-24 19:00:00;;;ok
ARXIV/UDH3/Vfp98/Tools/Transfrm/Samples/ZOOMBOX.DBF;ARXIV/UDH3/Vfp98/Tools/Transfrm/Samples;ZOOMBOX.DBF;.dbf;584;1998-05-24 19:00:00;DBF;Visual FoxPro;ok
ARXIV/UDH3/Vfp98/Tools/XSource/MSCREATE.DIR;ARXIV/UDH3/Vfp98/Tools/XSource;MSCREATE.DIR;.dir;0;2004-07-20 18:09:22;;;ok
ARXIV/UDH3/Vfp98/Tools/XSource/SOLNHLP.ZIP;ARXIV/UDH3/Vfp98/Tools/XSource;SOLNHLP.ZIP;.zip;1932109;1998-05-24 19:00:00;;;ok
ARXIV/UDH3/Vfp98/Tools/XSource/XSOURCE.ZIP;ARXIV/UDH3/Vfp98/Tools/XSource;XSOURCE.ZIP;.zip;3338100;1998-05-24 19:00:00;;;ok
ARXIV/UDH3/Vfp98/Wizards/APPBLDR.H;ARXIV/UDH3/Vfp98/Wizards;APPBLDR.H;.h;7754;1998-05-24 19:00:00;;;ok
ARXIV/UDH3/Vfp98/Wizards/APPBLDR.SCT;ARXIV/UDH3/Vfp98/Wizards;APPBLDR.SCT;.sct;109981;1998-06-15 19:00:00;;;ok
ARXIV/UDH3/Vfp98/Wizards/APPBLDR.SCX;ARXIV/UDH3/Vfp98/Wizards;APPBLDR.SCX;.scx;9753;1998-06-15 19:00:00;;;ok
ARXIV/UDH3/Vfp98/Wizards/APPHOOK.VCT;ARXIV/UDH3/Vfp98/Wizards;APPHOOK.VCT;.vct;28554;1998-05-24 19:00:00;;;ok
ARXIV/UDH3/Vfp98/Wizards/APPHOOK.VCX;ARXIV/UDH3/Vfp98/Wizards;APPHOOK.VCX;.vcx;2449;1998-05-24 19:00:00;;;ok
ARXIV/UDH3/Vfp98/Wizards/APPWIZ.DBF;ARXIV/UDH3/Vfp98/Wizards;APPWIZ.DBF;.dbf;1352;1998-05-24 19:00:00;DBF;Visual FoxPro;ok
ARXIV/UDH3/Vfp98/Wizards/APPWIZ.FPT;ARXIV/UDH3/Vfp98/Wizards;APPWIZ.FPT;.fpt;18368;1998-05-24 19:00:00;;;ok
ARXIV/UDH3/Vfp98/Wizards/APPWIZ.H;ARXIV/UDH3/Vfp98/Wizards;APPWIZ.H;.h;21;1998-05-24 19:00:00;;;ok
ARXIV/UDH3/Vfp98/Wizards/APPWIZ.MNT;ARXIV/UDH3/Vfp98/Wizards;APPWIZ.MNT;.mnt;6369;1998-05-24 19:00:00;;;ok
ARXIV/UDH3/Vfp98/Wizards/APPWIZ.MNX;ARXIV/UDH3/Vfp98/Wizards;APPWIZ.MNX;.mnx;4975;1998-05-24 19:00:00;;;ok
ARXIV/UDH3/Vfp98/Wizards/APPWIZ.PJT;ARXIV/UDH3/Vfp98/Wizards;APPWIZ.PJT;.pjt;3597;1998-05-24 19:00:00;;;ok
ARXIV/UDH3/Vfp98/Wizards/APPWIZ.PJX;ARXIV/UDH3/Vfp98/Wizards;APPWIZ.PJX;.pjx;1452;1998-05-24 19:00:00;;;ok
ARXIV/UDH3/Vfp98/Wizards/APPWIZ.PRG;ARXIV/UDH3/Vfp98/Wizards;APPWIZ.PRG;.prg;2075;1998-05-24 19:00:00;;;ok
ARXIV/UDH3/Vfp98/Wizards/APPWIZ.SCT;ARXIV/UDH3/Vfp98/Wizards;APPWIZ.SCT;.sct;5030;1998-05-24 19:00:00;;;ok
ARXIV/UDH3/Vfp98/Wizards/APPWIZ.SCX;ARXIV/UDH3/Vfp98/Wizards;APPWIZ.SCX;.scx;1905;1998-05-24 19:00:00;;;ok
ARXIV/UDH3/Vfp98/Wizards/APPWIZ.TXT;ARXIV/UDH3/Vfp98/Wizards;APPWIZ.TXT;.txt;3007;1998-05-24 19:00:00;;;ok
ARXIV/UDH3/Vfp98/Wizards/APPWIZ.VCT;ARXIV/UDH3/Vfp98/Wizards;APPWIZ.VCT;.vct;28331;1998-05-24 19:00:00;;;ok
ARXIV/UDH3/Vfp98/Wizards/APPWIZ.VCX;ARXIV/UDH3/Vfp98/Wizards;APPWIZ.VCX;.vcx;4629;1998-05-24 19:00:00;;;ok
ARXIV/UDH3/Vfp98/Wizards/BANDEDH.FRT;ARXIV/UDH3/Vfp98/Wizards;BANDEDH.FRT;.frt;3135;1998-05-24 19:00:00;;;ok
ARXIV/UDH3/Vfp98/Wizards/BANDEDH.FRX;ARXIV/UDH3/Vfp98/Wizards;BANDEDH.FRX;.frx;10254;1998-05-24 19:00:00;;;ok
ARXIV/UDH3/Vfp98/Wizards/BANDEDM.FRT;ARXIV/UDH3/Vfp98/Wizards;BANDEDM.FRT;.frt;3465;1998-05-24 19:00:00;;;ok
ARXIV/UDH3/Vfp98/Wizards/BANDEDM.FRX;ARXIV/UDH3/Vfp98/Wizards;BANDEDM.FRX;.frx;10712;1998-05-24 19:00:00;;;ok
ARXIV/UDH3/Vfp98/Wizards/BANDEDV.FRT;ARXIV/UDH3/Vfp98/Wizards;BANDEDV.FRT;.frt;3036;1998-05-24 19:00:00;;;ok
ARXIV/UDH3/Vfp98/Wizards/BANDEDV.FRX;ARXIV/UDH3/Vfp98/Wizards;BANDEDV.FRX;.frx;9109;1998-05-24 19:00:00;;;ok
ARXIV/UDH3/Vfp98/Wizards/BANDRPT.BMP;ARXIV/UDH3/Vfp98/Wizards;BANDRPT.BMP;.bmp;9046;1998-05-24 19:00:00;;;ok
ARXIV/UDH3/Vfp98/Wizards/BANDRPT.MSK;ARXIV/UDH3/Vfp98/Wizards;BANDRPT.MSK;.msk;2542;1998-05-24 19:00:00;;;ok
ARXIV/UDH3/Vfp98/Wizards/BLDSTRUC.DBF;ARXIV/UDH3/Vfp98/Wizards;BLDSTRUC.DBF;.dbf;7755;1998-05-24 19:00:00;DBF;Visual FoxPro;ok
ARXIV/UDH3/Vfp98/Wizards/BLDSTRUC.FPT;ARXIV/UDH3/Vfp98/Wizards;BLDSTRUC.FPT;.fpt;512;1998-05-24 19:00:00;;;ok
ARXIV/UDH3/Vfp98/Wizards/BUILDER.DBF;ARXIV/UDH3/Vfp98/Wizards;BUILDER.DBF;.dbf;1543;1998-05-24 19:00:00;DBF;Visual FoxPro;ok
ARXIV/UDH3/Vfp98/Wizards/BUILDER.FPT;ARXIV/UDH3/Vfp98/Wizards;BUILDER.FPT;.fpt;4288;1998-05-24 19:00:00;;;ok
ARXIV/UDH3/Vfp98/Wizards/BUILDER2.VCT;ARXIV/UDH3/Vfp98/Wizards;BUILDER2.VCT;.vct;13333;1998-05-24 19:00:00;;;ok
ARXIV/UDH3/Vfp98/Wizards/BUILDER2.VCX;ARXIV/UDH3/Vfp98/Wizards;BUILDER2.VCX;.vcx;2449;1998-05-24 19:00:00;;;ok
ARXIV/UDH3/Vfp98/Wizards/BUILDERD.CDX;ARXIV/UDH3/Vfp98/Wizards;BUILDERD.CDX;.cdx;5632;1998-05-24 19:00:00;;;ok
ARXIV/UDH3/Vfp98/Wizards/BUILDERD.DBF;ARXIV/UDH3/Vfp98/Wizards;BUILDERD.DBF;.dbf;15069;1998-05-24 19:00:00;DBF;Visual FoxPro;ok
ARXIV/UDH3/Vfp98/Wizards/BUILDERD.FPT;ARXIV/UDH3/Vfp98/Wizards;BUILDERD.FPT;.fpt;17536;1998-05-24 19:00:00;;;ok
ARXIV/UDH3/Vfp98/Wizards/BUILDERD.H;ARXIV/UDH3/Vfp98/Wizards;BUILDERD.H;.h;180;1998-05-24 19:00:00;;;ok
ARXIV/UDH3/Vfp98/Wizards/BUILDERD.VCT;ARXIV/UDH3/Vfp98/Wizards;BUILDERD.VCT;.vct;103526;1998-05-24 19:00:00;;;ok
ARXIV/UDH3/Vfp98/Wizards/BUILDERD.VCX;ARXIV/UDH3/Vfp98/Wizards;BUILDERD.VCX;.vcx;6373;1998-05-24 19:00:00;;;ok
ARXIV/UDH3/Vfp98/Wizards/CASLRPT.BMP;ARXIV/UDH3/Vfp98/Wizards;CASLRPT.BMP;.bmp;9046;1998-05-24 19:00:00;;;ok
ARXIV/UDH3/Vfp98/Wizards/CASLRPT.MSK;ARXIV/UDH3/Vfp98/Wizards;CASLRPT.MSK;.msk;2542;1998-05-24 19:00:00;;;ok
ARXIV/UDH3/Vfp98/Wizards/CASUALH.FRT;ARXIV/UDH3/Vfp98/Wizards;CASUALH.FRT;.frt;2475;1998-05-24 19:00:00;;;ok
ARXIV/UDH3/Vfp98/Wizards/CASUALH.FRX;ARXIV/UDH3/Vfp98/Wizards;CASUALH.FRX;.frx;9109;1998-05-24 19:00:00;;;ok
ARXIV/UDH3/Vfp98/Wizards/CASUALM.FRT;ARXIV/UDH3/Vfp98/Wizards;CASUALM.FRT;.frt;2640;1998-05-24 19:00:00;;;ok
ARXIV/UDH3/Vfp98/Wizards/CASUALM.FRX;ARXIV/UDH3/Vfp98/Wizards;CASUALM.FRX;.frx;9338;1998-05-24 19:00:00;;;ok
ARXIV/UDH3/Vfp98/Wizards/CASUALV.FRT;ARXIV/UDH3/Vfp98/Wizards;CASUALV.FRT;.frt;2244;1998-05-24 19:00:00;;;ok
ARXIV/UDH3/Vfp98/Wizards/CASUALV.FRX;ARXIV/UDH3/Vfp98/Wizards;CASUALV.FRX;.frx;7964;1998-05-24 19:00:00;;;ok
ARXIV/UDH3/Vfp98/Wizards/CMDBLDR.APP;ARXIV/UDH3/Vfp98/Wizards;CMDBLDR.APP;.app;156152;1998-05-24 19:00:00;;;ok
ARXIV/UDH3/Vfp98/Wizards/EDITBLDR.APP;ARXIV/UDH3/Vfp98/Wizards;EDITBLDR.APP;.app;169544;1998-05-24 19:00:00;;;ok
ARXIV/UDH3/Vfp98/Wizards/FD3.FLL;ARXIV/UDH3/Vfp98/Wizards;FD3.FLL;.fll;43520;1998-06-08 19:00:00;;;ok
ARXIV/UDH3/Vfp98/Wizards/FDKEYWRD.CDX;ARXIV/UDH3/Vfp98/Wizards;FDKEYWRD.CDX;.cdx;20992;1998-05-24 19:00:00;;;ok
ARXIV/UDH3/Vfp98/Wizards/FDKEYWRD.DBF;ARXIV/UDH3/Vfp98/Wizards;FDKEYWRD.DBF;.dbf;55146;1998-05-24 19:00:00;DBF;dBase III / FoxPro без memo;ok
ARXIV/UDH3/Vfp98/Wizards/FIXWIZ.PRG;ARXIV/UDH3/Vfp98/Wizards;FIXWIZ.PRG;.prg;3265;1998-05-24 19:00:00;;;ok
ARXIV/UDH3/Vfp98/Wizards/FORMBLDR.APP;ARXIV/UDH3/Vfp98/Wizards;FORMBLDR.APP;.app;461974;1998-05-24 19:00:00;;;ok
ARXIV/UDH3/Vfp98/Wizards/FOXQSTRT.BMP;ARXIV/UDH3/Vfp98/Wizards;FOXQSTRT.BMP;.bmp;1743;1998-05-24 19:00:00;;;ok
ARXIV/UDH3/Vfp98/Wizards/FPSKCO32.DLL;ARXIV/UDH3/Vfp98/Wizards;FPSKCO32.DLL;.dll;62464;1998-06-08 19:00:00;;;ok
ARXIV/UDH3/Vfp98/Wizards/FRMSTYL2.DBF;ARXIV/UDH3/Vfp98/Wizards;FRMSTYL2.DBF;.dbf;2059;1998-05-24 19:00:00;DBF;Visual FoxPro;ok
ARXIV/UDH3/Vfp98/Wizards/FRMSTYL2.FPT;ARXIV/UDH3/Vfp98/Wizards;FRMSTYL2.FPT;.fpt;1984;1998-05-24 19:00:00;;;ok
ARXIV/UDH3/Vfp98/Wizards/GRIDBLDR.APP;ARXIV/UDH3/Vfp98/Wizards;GRIDBLDR.APP;.app;301024;1998-05-24 19:00:00;;;ok
ARXIV/UDH3/Vfp98/Wizards/LISTBLDR.APP;ARXIV/UDH3/Vfp98/Wizards;LISTBLDR.APP;.app;251073;1998-05-24 19:00:00;;;ok
ARXIV/UDH3/Vfp98/Wizards/MSCREATE.DIR;ARXIV/UDH3/Vfp98/Wizards;MSCREATE.DIR;.dir;0;2004-07-20 18:09:22;;;ok
ARXIV/UDH3/Vfp98/Wizards/RIBUILDR.APP;ARXIV/UDH3/Vfp98/Wizards;RIBUILDR.APP;.app;52194;1998-05-24 19:00:00;;;ok
ARXIV/UDH3/Vfp98/Wizards/RPTSTYLE.DBF;ARXIV/UDH3/Vfp98/Wizards;RPTSTYLE.DBF;.dbf;611;1998-05-24 19:00:00;DBF;Visual FoxPro;ok
ARXIV/UDH3/Vfp98/Wizards/RPTSTYLE.FPT;ARXIV/UDH3/Vfp98/Wizards;RPTSTYLE.FPT;.fpt;1280;1998-05-24 19:00:00;;;ok
ARXIV/UDH3/Vfp98/Wizards/STYLBLDR.APP;ARXIV/UDH3/Vfp98/Wizards;STYLBLDR.APP;.app;139511;1998-05-24 19:00:00;;;ok
ARXIV/UDH3/Vfp98/Wizards/VFPCAB.DLL;ARXIV/UDH3/Vfp98/Wizards;VFPCAB.DLL;.dll;91648;1998-05-24 19:00:00;;;ok
ARXIV/UDH3/Vfp98/Wizards/WIZARD.DBF;ARXIV/UDH3/Vfp98/Wizards;WIZARD.DBF;.dbf;3343;1998-05-24 19:00:00;DBF;Visual FoxPro;ok
ARXIV/UDH3/Vfp98/Wizards/WIZARD.FLL;ARXIV/UDH3/Vfp98/Wizards;WIZARD.FLL;.fll;18944;1998-06-08 19:00:00;;;ok
ARXIV/UDH3/Vfp98/Wizards/WIZARD.FPT;ARXIV/UDH3/Vfp98/Wizards;WIZARD.FPT;.fpt;8000;1998-05-24 19:00:00;;;ok
ARXIV/UDH3/Vfp98/Wizards/WIZBASE.VCT;ARXIV/UDH3/Vfp98/Wizards;WIZBASE.VCT;.vct;19392;1998-05-31 19:00:00;;;ok
ARXIV/UDH3/Vfp98/Wizards/WIZBASE.VCX;ARXIV/UDH3/Vfp98/Wizards;WIZBASE.VCX;.vcx;2013;1998-05-31 19:00:00;;;ok
ARXIV/UDH3/Vfp98/Wizards/WIZBOX.VCT;ARXIV/UDH3/Vfp98/Wizards;WIZBOX.VCT;.vct;11520;1998-05-24 19:00:00;;;ok
ARXIV/UDH3/Vfp98/Wizards/WIZBOX.VCX;ARXIV/UDH3/Vfp98/Wizards;WIZBOX.VCX;.vcx;3757;1998-05-24 19:00:00;;;ok
ARXIV/UDH3/Vfp98/Wizards/WIZBTNS.VCT;ARXIV/UDH3/Vfp98/Wizards;WIZBTNS.VCT;.vct;162688;1998-05-31 19:00:00;;;ok
ARXIV/UDH3/Vfp98/Wizards/WIZBTNS.VCX;ARXIV/UDH3/Vfp98/Wizards;WIZBTNS.VCX;.vcx;9752;1998-05-31 19:00:00;;;ok
ARXIV/UDH3/Vfp98/Wizards/WIZCHSL.VCT;ARXIV/UDH3/Vfp98/Wizards;WIZCHSL.VCT;.vct;5786;1998-05-24 19:00:00;;;ok
ARXIV/UDH3/Vfp98/Wizards/WIZCHSL.VCX;ARXIV/UDH3/Vfp98/Wizards;WIZCHSL.VCX;.vcx;3539;1998-05-24 19:00:00;;;ok
ARXIV/UDH3/Vfp98/Wizards/WIZCOLOR.VCT;ARXIV/UDH3/Vfp98/Wizards;WIZCOLOR.VCT;.vct;10496;1998-05-24 19:00:00;;;ok
ARXIV/UDH3/Vfp98/Wizards/WIZCOLOR.VCX;ARXIV/UDH3/Vfp98/Wizards;WIZCOLOR.VCX;.vcx;3648;1998-05-24 19:00:00;;;ok
ARXIV/UDH3/Vfp98/Wizards/WIZEMBSS.VCT;ARXIV/UDH3/Vfp98/Wizards;WIZEMBSS.VCT;.vct;4379;1998-05-24 19:00:00;;;ok
ARXIV/UDH3/Vfp98/Wizards/WIZEMBSS.VCX;ARXIV/UDH3/Vfp98/Wizards;WIZEMBSS.VCX;.vcx;3103;1998-05-24 19:00:00;;;ok
ARXIV/UDH3/Vfp98/Wizards/WIZFANCY.VCT;ARXIV/UDH3/Vfp98/Wizards;WIZFANCY.VCT;.vct;4758;1998-05-24 19:00:00;;;ok
ARXIV/UDH3/Vfp98/Wizards/WIZFANCY.VCX;ARXIV/UDH3/Vfp98/Wizards;WIZFANCY.VCX;.vcx;3648;1998-05-24 19:00:00;;;ok
ARXIV/UDH3/Vfp98/Wizards/WIZFLAX.BMP;ARXIV/UDH3/Vfp98/Wizards;WIZFLAX.BMP;.bmp;9094;1998-05-24 19:00:00;;;ok
ARXIV/UDH3/Vfp98/Wizards/WIZFLAX.VCT;ARXIV/UDH3/Vfp98/Wizards;WIZFLAX.VCT;.vct;10880;1998-05-24 19:00:00;;;ok
ARXIV/UDH3/Vfp98/Wizards/WIZFLAX.VCX;ARXIV/UDH3/Vfp98/Wizards;WIZFLAX.VCX;.vcx;3648;1998-05-24 19:00:00;;;ok
ARXIV/UDH3/Vfp98/Wizards/WIZSHDOW.VCT;ARXIV/UDH3/Vfp98/Wizards;WIZSHDOW.VCT;.vct;10816;1998-05-24 19:00:00;;;ok
ARXIV/UDH3/Vfp98/Wizards/WIZSHDOW.VCX;ARXIV/UDH3/Vfp98/Wizards;WIZSHDOW.VCX;.vcx;3648;1998-05-24 19:00:00;;;ok
ARXIV/UDH3/Vfp98/Wizards/WIZSTND.VCT;ARXIV/UDH3/Vfp98/Wizards;WIZSTND.VCT;.vct;3561;1998-05-24 19:00:00;;;ok
ARXIV/UDH3/Vfp98/Wizards/WIZSTND.VCX;ARXIV/UDH3/Vfp98/Wizards;WIZSTND.VCX;.vcx;2558;1998-05-24 19:00:00;;;ok
ARXIV/UDH3/Vfp98/Wizards/WIZSTONE.BMP;ARXIV/UDH3/Vfp98/Wizards;WIZSTONE.BMP;.bmp;13354;1998-05-24 19:00:00;;;ok
ARXIV/UDH3/Vfp98/Wizards/WIZSTONE.VCT;ARXIV/UDH3/Vfp98/Wizards;WIZSTONE.VCT;.vct;8768;1998-05-24 19:00:00;;;ok
ARXIV/UDH3/Vfp98/Wizards/WIZSTONE.VCX;ARXIV/UDH3/Vfp98/Wizards;WIZSTONE.VCX;.vcx;3103;1998-05-24 19:00:00;;;ok
ARXIV/UDH3/Vfp98/Wizards/WIZSTYLE.VCT;ARXIV/UDH3/Vfp98/Wizards;WIZSTYLE.VCT;.vct;201856;1998-05-24 19:00:00;;;ok
ARXIV/UDH3/Vfp98/Wizards/WIZSTYLE.VCX;ARXIV/UDH3/Vfp98/Wizards;WIZSTYLE.VCX;.vcx;21960;1998-05-24 19:00:00;;;ok
ARXIV/UDH3/Vfp98/Wizards/WZAPP.APP;ARXIV/UDH3/Vfp98/Wizards;WZAPP.APP;.app;269841;1998-05-24 19:00:00;;;ok
ARXIV/UDH3/Vfp98/Wizards/WZDBC.APP;ARXIV/UDH3/Vfp98/Wizards;WZDBC.APP;.app;305002;1998-05-24 19:00:00;;;ok
ARXIV/UDH3/Vfp98/Wizards/WZFORM.APP;ARXIV/UDH3/Vfp98/Wizards;WZFORM.APP;.app;540467;1998-05-24 19:00:00;;;ok
ARXIV/UDH3/Vfp98/Wizards/WZFOXDOC.APP;ARXIV/UDH3/Vfp98/Wizards;WZFOXDOC.APP;.app;312705;1998-05-24 19:00:00;;;ok
ARXIV/UDH3/Vfp98/Wizards/WZGRAPH.APP;ARXIV/UDH3/Vfp98/Wizards;WZGRAPH.APP;.app;410512;1998-05-24 19:00:00;;;ok
ARXIV/UDH3/Vfp98/Wizards/WZIMPORT.APP;ARXIV/UDH3/Vfp98/Wizards;WZIMPORT.APP;.app;396962;1998-05-24 19:00:00;;;ok
ARXIV/UDH3/Vfp98/Wizards/WZMAIL.APP;ARXIV/UDH3/Vfp98/Wizards;WZMAIL.APP;.app;334503;1998-05-24 19:00:00;;;ok
ARXIV/UDH3/Vfp98/Wizards/WZPIVOT.APP;ARXIV/UDH3/Vfp98/Wizards;WZPIVOT.APP;.app;352838;1998-05-24 19:00:00;;;ok
ARXIV/UDH3/Vfp98/Wizards/WZQUERY.APP;ARXIV/UDH3/Vfp98/Wizards;WZQUERY.APP;.app;431880;1998-05-24 19:00:00;;;ok
ARXIV/UDH3/Vfp98/Wizards/WZREPORT.APP;ARXIV/UDH3/Vfp98/Wizards;WZREPORT.APP;.app;852621;1998-05-24 19:00:00;;;ok
ARXIV/UDH3/Vfp98/Wizards/WZSETUP.APP;ARXIV/UDH3/Vfp98/Wizards;WZSETUP.APP;.app;591039;1998-05-24 19:00:00;;;ok
ARXIV/UDH3/Vfp98/Wizards/WZTABLE.APP;ARXIV/UDH3/Vfp98/Wizards;WZTABLE.APP;.app;446823;1998-05-24 19:00:00;;;ok
ARXIV/UDH3/Vfp98/Wizards/WZUPSIZE.APP;ARXIV/UDH3/Vfp98/Wizards;WZUPSIZE.APP;.app;839752;1998-05-24 19:00:00;;;ok
ARXIV/UDH3/Vfp98/Wizards/WZWEB.APP;ARXIV/UDH3/Vfp98/Wizards;WZWEB.APP;.app;558527;1998-05-24 19:00:00;;;ok
ARXIV/UDH3/Vfp98/Wizards/_FRAMEWK.DBF;ARXIV/UDH3/Vfp98/Wizards;_FRAMEWK.DBF;.dbf;915;1998-05-24 19:00:00;DBF;Visual FoxPro;ok
ARXIV/UDH3/Vfp98/Wizards/_FRAMEWK.FPT;ARXIV/UDH3/Vfp98/Wizards;_FRAMEWK.FPT;.fpt;81344;1998-05-24 19:00:00;;;ok
ARXIV/UDH3/Vfp98/Wizards/_FRAMEWK.H;ARXIV/UDH3/Vfp98/Wizards;_FRAMEWK.H;.h;7963;1998-05-24 19:00:00;;;ok
ARXIV/UDH3/Vfp98/Wizards/_FRAMEWK.VCT;ARXIV/UDH3/Vfp98/Wizards;_FRAMEWK.VCT;.vct;316675;1998-05-24 19:00:00;;;ok
ARXIV/UDH3/Vfp98/Wizards/_FRAMEWK.VCX;ARXIV/UDH3/Vfp98/Wizards;_FRAMEWK.VCX;.vcx;12804;1998-05-24 19:00:00;;;ok
ARXIV/UDH3/Vfp98/Wizards/Graphics/BOTTOM.BMP;ARXIV/UDH3/Vfp98/Wizards/Graphics;BOTTOM.BMP;.bmp;322;1998-05-24 19:00:00;;;ok
ARXIV/UDH3/Vfp98/Wizards/Graphics/BOTTOM.MSK;ARXIV/UDH3/Vfp98/Wizards/Graphics;BOTTOM.MSK;.msk;322;1998-05-24 19:00:00;;;ok
ARXIV/UDH3/Vfp98/Wizards/Graphics/BROWSE.BMP;ARXIV/UDH3/Vfp98/Wizards/Graphics;BROWSE.BMP;.bmp;358;1998-05-24 19:00:00;;;ok
ARXIV/UDH3/Vfp98/Wizards/Graphics/BROWSE.MSK;ARXIV/UDH3/Vfp98/Wizards/Graphics;BROWSE.MSK;.msk;358;1998-05-24 19:00:00;;;ok
ARXIV/UDH3/Vfp98/Wizards/Graphics/BROWSER.BMP;ARXIV/UDH3/Vfp98/Wizards/Graphics;BROWSER.BMP;.bmp;238;1998-05-24 19:00:00;;;ok
ARXIV/UDH3/Vfp98/Wizards/Graphics/BROWSER.MSK;ARXIV/UDH3/Vfp98/Wizards/Graphics;BROWSER.MSK;.msk;190;1998-05-24 19:00:00;;;ok
ARXIV/UDH3/Vfp98/Wizards/Graphics/BUILDER.BMP;ARXIV/UDH3/Vfp98/Wizards/Graphics;BUILDER.BMP;.bmp;630;1998-05-24 19:00:00;;;ok
ARXIV/UDH3/Vfp98/Wizards/Graphics/BUILDER.ICO;ARXIV/UDH3/Vfp98/Wizards/Graphics;BUILDER.ICO;.ico;766;1998-05-24 19:00:00;;;ok
ARXIV/UDH3/Vfp98/Wizards/Graphics/BUILDER.MSK;ARXIV/UDH3/Vfp98/Wizards/Graphics;BUILDER.MSK;.msk;190;1998-05-24 19:00:00;;;ok
ARXIV/UDH3/Vfp98/Wizards/Graphics/COPY.BMP;ARXIV/UDH3/Vfp98/Wizards/Graphics;COPY.BMP;.bmp;1318;1998-05-24 19:00:00;;;ok
ARXIV/UDH3/Vfp98/Wizards/Graphics/COPY.MSK;ARXIV/UDH3/Vfp98/Wizards/Graphics;COPY.MSK;.msk;1318;1998-05-24 19:00:00;;;ok
ARXIV/UDH3/Vfp98/Wizards/Graphics/CUT.BMP;ARXIV/UDH3/Vfp98/Wizards/Graphics;CUT.BMP;.bmp;1318;1998-05-24 19:00:00;;;ok
ARXIV/UDH3/Vfp98/Wizards/Graphics/CUT.MSK;ARXIV/UDH3/Vfp98/Wizards/Graphics;CUT.MSK;.msk;1318;1998-05-24 19:00:00;;;ok
ARXIV/UDH3/Vfp98/Wizards/Graphics/DATAWIZ.BMP;ARXIV/UDH3/Vfp98/Wizards/Graphics;DATAWIZ.BMP;.bmp;2102;1998-05-24 19:00:00;;;ok
ARXIV/UDH3/Vfp98/Wizards/Graphics/DATAWIZ.MSK;ARXIV/UDH3/Vfp98/Wizards/Graphics;DATAWIZ.MSK;.msk;190;1998-05-24 19:00:00;;;ok
ARXIV/UDH3/Vfp98/Wizards/Graphics/FILTER.BMP;ARXIV/UDH3/Vfp98/Wizards/Graphics;FILTER.BMP;.bmp;238;1998-05-24 19:00:00;;;ok
ARXIV/UDH3/Vfp98/Wizards/Graphics/FILTER.MSK;ARXIV/UDH3/Vfp98/Wizards/Graphics;FILTER.MSK;.msk;238;1998-05-24 19:00:00;;;ok
ARXIV/UDH3/Vfp98/Wizards/Graphics/HELP.BMP;ARXIV/UDH3/Vfp98/Wizards/Graphics;HELP.BMP;.bmp;246;1998-05-24 19:00:00;;;ok
ARXIV/UDH3/Vfp98/Wizards/Graphics/HELP.MSK;ARXIV/UDH3/Vfp98/Wizards/Graphics;HELP.MSK;.msk;246;1998-05-24 19:00:00;;;ok
ARXIV/UDH3/Vfp98/Wizards/Graphics/MSCREATE.DIR;ARXIV/UDH3/Vfp98/Wizards/Graphics;MSCREATE.DIR;.dir;0;2004-07-20 18:09:26;;;ok
ARXIV/UDH3/Vfp98/Wizards/Graphics/NEW.BMP;ARXIV/UDH3/Vfp98/Wizards/Graphics;NEW.BMP;.bmp;1318;1998-05-24 19:00:00;;;ok
ARXIV/UDH3/Vfp98/Wizards/Graphics/NEW.MSK;ARXIV/UDH3/Vfp98/Wizards/Graphics;NEW.MSK;.msk;1318;1998-05-24 19:00:00;;;ok
ARXIV/UDH3/Vfp98/Wizards/Graphics/NEXT.BMP;ARXIV/UDH3/Vfp98/Wizards/Graphics;NEXT.BMP;.bmp;322;1998-05-24 19:00:00;;;ok
ARXIV/UDH3/Vfp98/Wizards/Graphics/NEXT.MSK;ARXIV/UDH3/Vfp98/Wizards/Graphics;NEXT.MSK;.msk;322;1998-05-24 19:00:00;;;ok
ARXIV/UDH3/Vfp98/Wizards/Graphics/OPEN.BMP;ARXIV/UDH3/Vfp98/Wizards/Graphics;OPEN.BMP;.bmp;1318;1998-05-24 19:00:00;;;ok
ARXIV/UDH3/Vfp98/Wizards/Graphics/OPEN.MSK;ARXIV/UDH3/Vfp98/Wizards/Graphics;OPEN.MSK;.msk;1318;1998-05-24 19:00:00;;;ok
ARXIV/UDH3/Vfp98/Wizards/Graphics/PASTE.BMP;ARXIV/UDH3/Vfp98/Wizards/Graphics;PASTE.BMP;.bmp;1318;1998-05-24 19:00:00;;;ok
ARXIV/UDH3/Vfp98/Wizards/Graphics/PASTE.MSK;ARXIV/UDH3/Vfp98/Wizards/Graphics;PASTE.MSK;.msk;1318;1998-05-24 19:00:00;;;ok
ARXIV/UDH3/Vfp98/Wizards/Graphics/PREVIOUS.BMP;ARXIV/UDH3/Vfp98/Wizards/Graphics;PREVIOUS.BMP;.bmp;322;1998-05-24 19:00:00;;;ok
ARXIV/UDH3/Vfp98/Wizards/Graphics/PREVIOUS.MSK;ARXIV/UDH3/Vfp98/Wizards/Graphics;PREVIOUS.MSK;.msk;322;1998-05-24 19:00:00;;;ok
ARXIV/UDH3/Vfp98/Wizards/Graphics/PRINT.BMP;ARXIV/UDH3/Vfp98/Wizards/Graphics;PRINT.BMP;.bmp;1318;1998-05-24 19:00:00;;;ok
ARXIV/UDH3/Vfp98/Wizards/Graphics/PRINT.MSK;ARXIV/UDH3/Vfp98/Wizards/Graphics;PRINT.MSK;.msk;1318;1998-05-24 19:00:00;;;ok
ARXIV/UDH3/Vfp98/Wizards/Graphics/PUSHPINB.BMP;ARXIV/UDH3/Vfp98/Wizards/Graphics;PUSHPINB.BMP;.bmp;238;1998-05-24 19:00:00;;;ok
ARXIV/UDH3/Vfp98/Wizards/Graphics/PUSHPINB.MSK;ARXIV/UDH3/Vfp98/Wizards/Graphics;PUSHPINB.MSK;.msk;122;1998-05-24 19:00:00;;;ok
ARXIV/UDH3/Vfp98/Wizards/Graphics/PUSHPINT.BMP;ARXIV/UDH3/Vfp98/Wizards/Graphics;PUSHPINT.BMP;.bmp;238;1998-05-24 19:00:00;;;ok
ARXIV/UDH3/Vfp98/Wizards/Graphics/REVERT.BMP;ARXIV/UDH3/Vfp98/Wizards/Graphics;REVERT.BMP;.bmp;1318;1998-05-24 19:00:00;;;ok
ARXIV/UDH3/Vfp98/Wizards/Graphics/REVERT.MSK;ARXIV/UDH3/Vfp98/Wizards/Graphics;REVERT.MSK;.msk;1318;1998-05-24 19:00:00;;;ok
ARXIV/UDH3/Vfp98/Wizards/Graphics/SAVE.BMP;ARXIV/UDH3/Vfp98/Wizards/Graphics;SAVE.BMP;.bmp;1318;1998-05-24 19:00:00;;;ok
ARXIV/UDH3/Vfp98/Wizards/Graphics/SAVE.MSK;ARXIV/UDH3/Vfp98/Wizards/Graphics;SAVE.MSK;.msk;1318;1998-05-24 19:00:00;;;ok
ARXIV/UDH3/Vfp98/Wizards/Graphics/SORTASC.BMP;ARXIV/UDH3/Vfp98/Wizards/Graphics;SORTASC.BMP;.bmp;246;1998-05-24 19:00:00;;;ok
ARXIV/UDH3/Vfp98/Wizards/Graphics/SORTASC.MSK;ARXIV/UDH3/Vfp98/Wizards/Graphics;SORTASC.MSK;.msk;246;1998-05-24 19:00:00;;;ok
ARXIV/UDH3/Vfp98/Wizards/Graphics/SORTDES.BMP;ARXIV/UDH3/Vfp98/Wizards/Graphics;SORTDES.BMP;.bmp;246;1998-05-24 19:00:00;;;ok
ARXIV/UDH3/Vfp98/Wizards/Graphics/SORTDES.MSK;ARXIV/UDH3/Vfp98/Wizards/Graphics;SORTDES.MSK;.msk;246;1998-05-24 19:00:00;;;ok
ARXIV/UDH3/Vfp98/Wizards/Graphics/TABLEWIZ.BMP;ARXIV/UDH3/Vfp98/Wizards/Graphics;TABLEWIZ.BMP;.bmp;2102;1998-05-24 19:00:00;;;ok
ARXIV/UDH3/Vfp98/Wizards/Graphics/TABLEWIZ.MSK;ARXIV/UDH3/Vfp98/Wizards/Graphics;TABLEWIZ.MSK;.msk;190;1998-05-24 19:00:00;;;ok
ARXIV/UDH3/Vfp98/Wizards/Graphics/TOP.BMP;ARXIV/UDH3/Vfp98/Wizards/Graphics;TOP.BMP;.bmp;322;1998-05-24 19:00:00;;;ok
ARXIV/UDH3/Vfp98/Wizards/Graphics/TOP.MSK;ARXIV/UDH3/Vfp98/Wizards/Graphics;TOP.MSK;.msk;322;1998-05-24 19:00:00;;;ok
ARXIV/UDH3/Vfp98/Wizards/Stylebmp/FORM.BMP;ARXIV/UDH3/Vfp98/Wizards/Stylebmp;FORM.BMP;.bmp;238;1998-05-24 19:00:00;;;ok
ARXIV/UDH3/Vfp98/Wizards/Stylebmp/FORM1.BMP;ARXIV/UDH3/Vfp98/Wizards/Stylebmp;FORM1.BMP;.bmp;238;1998-05-24 19:00:00;;;ok
ARXIV/UDH3/Vfp98/Wizards/Stylebmp/FORM2.BMP;ARXIV/UDH3/Vfp98/Wizards/Stylebmp;FORM2.BMP;.bmp;238;1998-05-24 19:00:00;;;ok
ARXIV/UDH3/Vfp98/Wizards/Stylebmp/FORM3.BMP;ARXIV/UDH3/Vfp98/Wizards/Stylebmp;FORM3.BMP;.bmp;238;1998-05-24 19:00:00;;;ok
ARXIV/UDH3/Vfp98/Wizards/Stylebmp/FORM4.BMP;ARXIV/UDH3/Vfp98/Wizards/Stylebmp;FORM4.BMP;.bmp;238;1998-05-24 19:00:00;;;ok
ARXIV/UDH3/Vfp98/Wizards/Stylebmp/FORM5.BMP;ARXIV/UDH3/Vfp98/Wizards/Stylebmp;FORM5.BMP;.bmp;238;1998-05-24 19:00:00;;;ok
ARXIV/UDH3/Vfp98/Wizards/Stylebmp/LABEL1.BMP;ARXIV/UDH3/Vfp98/Wizards/Stylebmp;LABEL1.BMP;.bmp;238;1998-05-24 19:00:00;;;ok
ARXIV/UDH3/Vfp98/Wizards/Stylebmp/LABEL2.BMP;ARXIV/UDH3/Vfp98/Wizards/Stylebmp;LABEL2.BMP;.bmp;238;1998-05-24 19:00:00;;;ok
ARXIV/UDH3/Vfp98/Wizards/Stylebmp/LABEL3.BMP;ARXIV/UDH3/Vfp98/Wizards/Stylebmp;LABEL3.BMP;.bmp;238;1998-05-24 19:00:00;;;ok
ARXIV/UDH3/Vfp98/Wizards/Stylebmp/LABEL4.BMP;ARXIV/UDH3/Vfp98/Wizards/Stylebmp;LABEL4.BMP;.bmp;238;1998-05-24 19:00:00;;;ok
ARXIV/UDH3/Vfp98/Wizards/Stylebmp/LABEL5.BMP;ARXIV/UDH3/Vfp98/Wizards/Stylebmp;LABEL5.BMP;.bmp;238;1998-05-24 19:00:00;;;ok
ARXIV/UDH3/Vfp98/Wizards/Stylebmp/LAYOUT.BMP;ARXIV/UDH3/Vfp98/Wizards/Stylebmp;LAYOUT.BMP;.bmp;238;1998-05-24 19:00:00;;;ok
ARXIV/UDH3/Vfp98/Wizards/Stylebmp/LOGIC1.BMP;ARXIV/UDH3/Vfp98/Wizards/Stylebmp;LOGIC1.BMP;.bmp;238;1998-05-24 19:00:00;;;ok
ARXIV/UDH3/Vfp98/Wizards/Stylebmp/LOGIC2.BMP;ARXIV/UDH3/Vfp98/Wizards/Stylebmp;LOGIC2.BMP;.bmp;238;1998-05-24 19:00:00;;;ok
ARXIV/UDH3/Vfp98/Wizards/Stylebmp/LOGIC3.BMP;ARXIV/UDH3/Vfp98/Wizards/Stylebmp;LOGIC3.BMP;.bmp;238;1998-05-24 19:00:00;;;ok
ARXIV/UDH3/Vfp98/Wizards/Stylebmp/LOGIC4.BMP;ARXIV/UDH3/Vfp98/Wizards/Stylebmp;LOGIC4.BMP;.bmp;238;1998-05-24 19:00:00;;;ok
ARXIV/UDH3/Vfp98/Wizards/Stylebmp/LOGIC5.BMP;ARXIV/UDH3/Vfp98/Wizards/Stylebmp;LOGIC5.BMP;.bmp;238;1998-05-24 19:00:00;;;ok
ARXIV/UDH3/Vfp98/Wizards/Stylebmp/MEMO1.BMP;ARXIV/UDH3/Vfp98/Wizards/Stylebmp;MEMO1.BMP;.bmp;238;1998-05-24 19:00:00;;;ok
ARXIV/UDH3/Vfp98/Wizards/Stylebmp/MEMO2.BMP;ARXIV/UDH3/Vfp98/Wizards/Stylebmp;MEMO2.BMP;.bmp;238;1998-05-24 19:00:00;;;ok
ARXIV/UDH3/Vfp98/Wizards/Stylebmp/MEMO3.BMP;ARXIV/UDH3/Vfp98/Wizards/Stylebmp;MEMO3.BMP;.bmp;238;1998-05-24 19:00:00;;;ok
ARXIV/UDH3/Vfp98/Wizards/Stylebmp/MEMO4.BMP;ARXIV/UDH3/Vfp98/Wizards/Stylebmp;MEMO4.BMP;.bmp;238;1998-05-24 19:00:00;;;ok
ARXIV/UDH3/Vfp98/Wizards/Stylebmp/MEMO5.BMP;ARXIV/UDH3/Vfp98/Wizards/Stylebmp;MEMO5.BMP;.bmp;238;1998-05-24 19:00:00;;;ok
ARXIV/UDH3/Vfp98/Wizards/Stylebmp/MSCREATE.DIR;ARXIV/UDH3/Vfp98/Wizards/Stylebmp;MSCREATE.DIR;.dir;0;2004-07-20 18:09:26;;;ok
ARXIV/UDH3/Vfp98/Wizards/Stylebmp/OLE1.BMP;ARXIV/UDH3/Vfp98/Wizards/Stylebmp;OLE1.BMP;.bmp;238;1998-05-24 19:00:00;;;ok
ARXIV/UDH3/Vfp98/Wizards/Stylebmp/OLE2.BMP;ARXIV/UDH3/Vfp98/Wizards/Stylebmp;OLE2.BMP;.bmp;238;1998-05-24 19:00:00;;;ok
ARXIV/UDH3/Vfp98/Wizards/Stylebmp/OLE3.BMP;ARXIV/UDH3/Vfp98/Wizards/Stylebmp;OLE3.BMP;.bmp;238;1998-05-24 19:00:00;;;ok
ARXIV/UDH3/Vfp98/Wizards/Stylebmp/OLE4.BMP;ARXIV/UDH3/Vfp98/Wizards/Stylebmp;OLE4.BMP;.bmp;238;1998-05-24 19:00:00;;;ok
ARXIV/UDH3/Vfp98/Wizards/Stylebmp/OLE5.BMP;ARXIV/UDH3/Vfp98/Wizards/Stylebmp;OLE5.BMP;.bmp;238;1998-05-24 19:00:00;;;ok
ARXIV/UDH3/Vfp98/Wizards/Stylebmp/PICBTTNS.BMP;ARXIV/UDH3/Vfp98/Wizards/Stylebmp;PICBTTNS.BMP;.bmp;238;1998-05-24 19:00:00;;;ok
ARXIV/UDH3/Vfp98/Wizards/Stylebmp/SEARCHCL.BMP;ARXIV/UDH3/Vfp98/Wizards/Stylebmp;SEARCHCL.BMP;.bmp;238;1998-05-24 19:00:00;;;ok
ARXIV/UDH3/Vfp98/Wizards/Stylebmp/SEARCHFM.BMP;ARXIV/UDH3/Vfp98/Wizards/Stylebmp;SEARCHFM.BMP;.bmp;238;1998-05-24 19:00:00;;;ok
ARXIV/UDH3/Vfp98/Wizards/Stylebmp/TEXTBTTN.BMP;ARXIV/UDH3/Vfp98/Wizards/Stylebmp;TEXTBTTN.BMP;.bmp;238;1998-05-24 19:00:00;;;ok
ARXIV/UDH3/Vfp98/Wizards/Stylebmp/TXTBOX1.BMP;ARXIV/UDH3/Vfp98/Wizards/Stylebmp;TXTBOX1.BMP;.bmp;238;1998-05-24 19:00:00;;;ok
ARXIV/UDH3/Vfp98/Wizards/Stylebmp/TXTBOX2.BMP;ARXIV/UDH3/Vfp98/Wizards/Stylebmp;TXTBOX2.BMP;.bmp;238;1998-05-24 19:00:00;;;ok
ARXIV/UDH3/Vfp98/Wizards/Stylebmp/TXTBOX3.BMP;ARXIV/UDH3/Vfp98/Wizards/Stylebmp;TXTBOX3.BMP;.bmp;238;1998-05-24 19:00:00;;;ok
ARXIV/UDH3/Vfp98/Wizards/Stylebmp/TXTBOX4.BMP;ARXIV/UDH3/Vfp98/Wizards/Stylebmp;TXTBOX4.BMP;.bmp;238;1998-05-24 19:00:00;;;ok
ARXIV/UDH3/Vfp98/Wizards/Stylebmp/TXTBOX5.BMP;ARXIV/UDH3/Vfp98/Wizards/Stylebmp;TXTBOX5.BMP;.bmp;238;1998-05-24 19:00:00;;;ok
ARXIV/UDH3/Vfp98/Wizards/Template/MSCREATE.DIR;ARXIV/UDH3/Vfp98/Wizards/Template;MSCREATE.DIR;.dir;0;2004-07-20 18:09:22;;;ok
ARXIV/UDH3/Vfp98/Wizards/Template/Address Book/MSCREATE.DIR;ARXIV/UDH3/Vfp98/Wizards/Template/Address Book;MSCREATE.DIR;.dir;0;2004-07-20 18:09:24;;;ok
ARXIV/UDH3/Vfp98/Wizards/Template/Address Book/Data/MSCREATE.DIR;ARXIV/UDH3/Vfp98/Wizards/Template/Address Book/Data;MSCREATE.DIR;.dir;0;2004-07-20 18:09:24;;;ok
ARXIV/UDH3/Vfp98/Wizards/Template/Address Book/Data/address book.dbc;ARXIV/UDH3/Vfp98/Wizards/Template/Address Book/Data;address book.dbc;.dbc;5007;1998-05-24 19:00:00;;;ok
ARXIV/UDH3/Vfp98/Wizards/Template/Address Book/Data/address book.dct;ARXIV/UDH3/Vfp98/Wizards/Template/Address Book/Data;address book.dct;.dct;1984;1998-05-24 19:00:00;;;ok
ARXIV/UDH3/Vfp98/Wizards/Template/Address Book/Data/address book.dcx;ARXIV/UDH3/Vfp98/Wizards/Template/Address Book/Data;address book.dcx;.dcx;4608;1998-05-24 19:00:00;;;ok
ARXIV/UDH3/Vfp98/Wizards/Template/Address Book/Data/addresses.cdx;ARXIV/UDH3/Vfp98/Wizards/Template/Address Book/Data;addresses.cdx;.cdx;50688;1998-05-24 19:00:00;;;ok
ARXIV/UDH3/Vfp98/Wizards/Template/Address Book/Data/addresses.dbf;ARXIV/UDH3/Vfp98/Wizards/Template/Address Book/Data;addresses.dbf;.dbf;3200;1998-05-24 19:00:00;DBF;Visual FoxPro;ok
ARXIV/UDH3/Vfp98/Wizards/Template/Address Book/Data/addresses.fpt;ARXIV/UDH3/Vfp98/Wizards/Template/Address Book/Data;addresses.fpt;.fpt;791;1998-05-24 19:00:00;;;ok
ARXIV/UDH3/Vfp98/Wizards/Template/Asset Tracking/MSCREATE.DIR;ARXIV/UDH3/Vfp98/Wizards/Template/Asset Tracking;MSCREATE.DIR;.dir;0;2004-07-20 18:09:24;;;ok
ARXIV/UDH3/Vfp98/Wizards/Template/Asset Tracking/Data/ASSETS.CDX;ARXIV/UDH3/Vfp98/Wizards/Template/Asset Tracking/Data;ASSETS.CDX;.cdx;15360;1998-05-24 19:00:00;;;ok
ARXIV/UDH3/Vfp98/Wizards/Template/Asset Tracking/Data/ASSETS.DBF;ARXIV/UDH3/Vfp98/Wizards/Template/Asset Tracking/Data;ASSETS.DBF;.dbf;2197;1998-05-24 19:00:00;DBF;Visual FoxPro;ok
ARXIV/UDH3/Vfp98/Wizards/Template/Asset Tracking/Data/ASSETS.FPT;ARXIV/UDH3/Vfp98/Wizards/Template/Asset Tracking/Data;ASSETS.FPT;.fpt;790;1998-05-24 19:00:00;;;ok
ARXIV/UDH3/Vfp98/Wizards/Template/Asset Tracking/Data/MSCREATE.DIR;ARXIV/UDH3/Vfp98/Wizards/Template/Asset Tracking/Data;MSCREATE.DIR;.dir;0;2004-07-20 18:09:24;;;ok
ARXIV/UDH3/Vfp98/Wizards/Template/Asset Tracking/Data/STATUS.CDX;ARXIV/UDH3/Vfp98/Wizards/Template/Asset Tracking/Data;STATUS.CDX;.cdx;3072;1998-05-24 19:00:00;;;ok
ARXIV/UDH3/Vfp98/Wizards/Template/Asset Tracking/Data/STATUS.DBF;ARXIV/UDH3/Vfp98/Wizards/Template/Asset Tracking/Data;STATUS.DBF;.dbf;435;1998-05-24 19:00:00;DBF;Visual FoxPro;ok
ARXIV/UDH3/Vfp98/Wizards/Template/Asset Tracking/Data/asset categories.cdx;ARXIV/UDH3/Vfp98/Wizards/Template/Asset Tracking/Data;asset categories.cdx;.cdx;3072;1998-05-24 19:00:00;;;ok
ARXIV/UDH3/Vfp98/Wizards/Template/Asset Tracking/Data/asset categories.dbf;ARXIV/UDH3/Vfp98/Wizards/Template/Asset Tracking/Data;asset categories.dbf;.dbf;635;1998-05-24 19:00:00;DBF;Visual FoxPro;ok
ARXIV/UDH3/Vfp98/Wizards/Template/Asset Tracking/Data/asset tracking.dbc;ARXIV/UDH3/Vfp98/Wizards/Template/Asset Tracking/Data;asset tracking.dbc;.dbc;12267;1998-05-24 19:00:00;;;ok
ARXIV/UDH3/Vfp98/Wizards/Template/Asset Tracking/Data/asset tracking.dct;ARXIV/UDH3/Vfp98/Wizards/Template/Asset Tracking/Data;asset tracking.dct;.dct;4864;1998-05-24 19:00:00;;;ok
ARXIV/UDH3/Vfp98/Wizards/Template/Asset Tracking/Data/asset tracking.dcx;ARXIV/UDH3/Vfp98/Wizards/Template/Asset Tracking/Data;asset tracking.dcx;.dcx;6144;1998-05-24 19:00:00;;;ok
ARXIV/UDH3/Vfp98/Wizards/Template/Asset Tracking/Data/depreciation.cdx;ARXIV/UDH3/Vfp98/Wizards/Template/Asset Tracking/Data;depreciation.cdx;.cdx;10752;1998-05-24 19:00:00;;;ok
ARXIV/UDH3/Vfp98/Wizards/Template/Asset Tracking/Data/depreciation.dbf;ARXIV/UDH3/Vfp98/Wizards/Template/Asset Tracking/Data;depreciation.dbf;.dbf;649;1998-05-24 19:00:00;DBF;Visual FoxPro;ok
ARXIV/UDH3/Vfp98/Wizards/Template/Asset Tracking/Data/employees.cdx;ARXIV/UDH3/Vfp98/Wizards/Template/Asset Tracking/Data;employees.cdx;.cdx;4608;1998-05-24 19:00:00;;;ok
ARXIV/UDH3/Vfp98/Wizards/Template/Asset Tracking/Data/employees.dbf;ARXIV/UDH3/Vfp98/Wizards/Template/Asset Tracking/Data;employees.dbf;.dbf;1695;1998-05-24 19:00:00;DBF;Visual FoxPro;ok
ARXIV/UDH3/Vfp98/Wizards/Template/Asset Tracking/Data/maintenance.cdx;ARXIV/UDH3/Vfp98/Wizards/Template/Asset Tracking/Data;maintenance.cdx;.cdx;10752;1998-05-24 19:00:00;;;ok
ARXIV/UDH3/Vfp98/Wizards/Template/Asset Tracking/Data/maintenance.dbf;ARXIV/UDH3/Vfp98/Wizards/Template/Asset Tracking/Data;maintenance.dbf;.dbf;646;1998-05-24 19:00:00;DBF;Visual FoxPro;ok
ARXIV/UDH3/Vfp98/Wizards/Template/Asset Tracking/Data/maintenance.fpt;ARXIV/UDH3/Vfp98/Wizards/Template/Asset Tracking/Data;maintenance.fpt;.fpt;601;1998-05-24 19:00:00;;;ok
ARXIV/UDH3/Vfp98/Wizards/Template/Books/MSCREATE.DIR;ARXIV/UDH3/Vfp98/Wizards/Template/Books;MSCREATE.DIR;.dir;0;2004-07-20 18:09:24;;;ok
ARXIV/UDH3/Vfp98/Wizards/Template/Books/Data/AUTHORS.CDX;ARXIV/UDH3/Vfp98/Wizards/Template/Books/Data;AUTHORS.CDX;.cdx;6144;1998-05-24 19:00:00;;;ok
ARXIV/UDH3/Vfp98/Wizards/Template/Books/Data/AUTHORS.DBF;ARXIV/UDH3/Vfp98/Wizards/Template/Books/Data;AUTHORS.DBF;.dbf;1799;1998-05-24 19:00:00;DBF;Visual FoxPro;ok
ARXIV/UDH3/Vfp98/Wizards/Template/Books/Data/AUTHORS.FPT;ARXIV/UDH3/Vfp98/Wizards/Template/Books/Data;AUTHORS.FPT;.fpt;960;1998-05-24 19:00:00;;;ok
ARXIV/UDH3/Vfp98/Wizards/Template/Books/Data/AUTO_IDS.CDX;ARXIV/UDH3/Vfp98/Wizards/Template/Books/Data;AUTO_IDS.CDX;.cdx;4608;1998-05-24 19:00:00;;;ok
ARXIV/UDH3/Vfp98/Wizards/Template/Books/Data/AUTO_IDS.DBF;ARXIV/UDH3/Vfp98/Wizards/Template/Books/Data;AUTO_IDS.DBF;.dbf;525;1998-05-24 19:00:00;DBF;Visual FoxPro;ok
ARXIV/UDH3/Vfp98/Wizards/Template/Books/Data/BOOKAUTH.CDX;ARXIV/UDH3/Vfp98/Wizards/Template/Books/Data;BOOKAUTH.CDX;.cdx;4608;1998-05-24 19:00:00;;;ok
ARXIV/UDH3/Vfp98/Wizards/Template/Books/Data/BOOKAUTH.DBF;ARXIV/UDH3/Vfp98/Wizards/Template/Books/Data;BOOKAUTH.DBF;.dbf;460;1998-05-24 19:00:00;DBF;Visual FoxPro;ok
ARXIV/UDH3/Vfp98/Wizards/Template/Books/Data/BOOKS.CDX;ARXIV/UDH3/Vfp98/Wizards/Template/Books/Data;BOOKS.CDX;.cdx;4608;1998-05-24 19:00:00;;;ok
ARXIV/UDH3/Vfp98/Wizards/Template/Books/Data/BOOKS.DBC;ARXIV/UDH3/Vfp98/Wizards/Template/Books/Data;BOOKS.DBC;.dbc;16888;1998-05-24 19:00:00;;;ok
ARXIV/UDH3/Vfp98/Wizards/Template/Books/Data/BOOKS.DBF;ARXIV/UDH3/Vfp98/Wizards/Template/Books/Data;BOOKS.DBF;.dbf;2819;1998-05-24 19:00:00;DBF;Visual FoxPro;ok
ARXIV/UDH3/Vfp98/Wizards/Template/Books/Data/BOOKS.DCT;ARXIV/UDH3/Vfp98/Wizards/Template/Books/Data;BOOKS.DCT;.dct;10112;1998-05-24 19:00:00;;;ok
ARXIV/UDH3/Vfp98/Wizards/Template/Books/Data/BOOKS.DCX;ARXIV/UDH3/Vfp98/Wizards/Template/Books/Data;BOOKS.DCX;.dcx;6144;1998-05-24 19:00:00;;;ok
ARXIV/UDH3/Vfp98/Wizards/Template/Books/Data/BOOKS.FPT;ARXIV/UDH3/Vfp98/Wizards/Template/Books/Data;BOOKS.FPT;.fpt;2112;1998-05-24 19:00:00;;;ok
ARXIV/UDH3/Vfp98/Wizards/Template/Books/Data/MSCREATE.DIR;ARXIV/UDH3/Vfp98/Wizards/Template/Books/Data;MSCREATE.DIR;.dir;0;2004-07-20 18:09:24;;;ok
ARXIV/UDH3/Vfp98/Wizards/Template/Books/Data/TOPICS.CDX;ARXIV/UDH3/Vfp98/Wizards/Template/Books/Data;TOPICS.CDX;.cdx;3072;1998-05-24 19:00:00;;;ok
ARXIV/UDH3/Vfp98/Wizards/Template/Books/Data/TOPICS.DBF;ARXIV/UDH3/Vfp98/Wizards/Template/Books/Data;TOPICS.DBF;.dbf;745;1998-05-24 19:00:00;DBF;Visual FoxPro;ok
ARXIV/UDH3/Vfp98/Wizards/Template/Books/Forms/AUTHORS.SCT;ARXIV/UDH3/Vfp98/Wizards/Template/Books/Forms;AUTHORS.SCT;.sct;8342;1998-05-24 19:00:00;;;ok
ARXIV/UDH3/Vfp98/Wizards/Template/Books/Forms/AUTHORS.SCX;ARXIV/UDH3/Vfp98/Wizards/Template/Books/Forms;AUTHORS.SCX;.scx;4412;1998-05-24 19:00:00;;;ok
ARXIV/UDH3/Vfp98/Wizards/Template/Books/Forms/BOOKS.SCT;ARXIV/UDH3/Vfp98/Wizards/Template/Books/Forms;BOOKS.SCT;.sct;12557;1998-05-24 19:00:00;;;ok
ARXIV/UDH3/Vfp98/Wizards/Template/Books/Forms/BOOKS.SCX;ARXIV/UDH3/Vfp98/Wizards/Template/Books/Forms;BOOKS.SCX;.scx;5502;1998-05-24 19:00:00;;;ok
ARXIV/UDH3/Vfp98/Wizards/Template/Books/Forms/MSCREATE.DIR;ARXIV/UDH3/Vfp98/Wizards/Template/Books/Forms;MSCREATE.DIR;.dir;0;2004-07-20 18:09:24;;;ok
ARXIV/UDH3/Vfp98/Wizards/Template/Books/Forms/TOPICS.SCT;ARXIV/UDH3/Vfp98/Wizards/Template/Books/Forms;TOPICS.SCT;.sct;4480;1998-05-24 19:00:00;;;ok
ARXIV/UDH3/Vfp98/Wizards/Template/Books/Forms/TOPICS.SCX;ARXIV/UDH3/Vfp98/Wizards/Template/Books/Forms;TOPICS.SCX;.scx;2450;1998-05-24 19:00:00;;;ok
ARXIV/UDH3/Vfp98/Wizards/Template/Books/Libs/BOOKS.VCT;ARXIV/UDH3/Vfp98/Wizards/Template/Books/Libs;BOOKS.VCT;.vct;25672;1998-05-24 19:00:00;;;ok
ARXIV/UDH3/Vfp98/Wizards/Template/Books/Libs/BOOKS.VCX;ARXIV/UDH3/Vfp98/Wizards/Template/Books/Libs;BOOKS.VCX;.vcx;2667;1998-05-24 19:00:00;;;ok
ARXIV/UDH3/Vfp98/Wizards/Template/Books/Libs/MSCREATE.DIR;ARXIV/UDH3/Vfp98/Wizards/Template/Books/Libs;MSCREATE.DIR;.dir;0;2004-07-20 18:09:24;;;ok
ARXIV/UDH3/Vfp98/Wizards/Template/Books/Reports/BY_TOPIC.FRT;ARXIV/UDH3/Vfp98/Wizards/Template/Books/Reports;BY_TOPIC.FRT;.frt;3201;1998-05-24 19:00:00;;;ok
ARXIV/UDH3/Vfp98/Wizards/Template/Books/Reports/BY_TOPIC.FRX;ARXIV/UDH3/Vfp98/Wizards/Template/Books/Reports;BY_TOPIC.FRX;.frx;9109;1998-05-24 19:00:00;;;ok
ARXIV/UDH3/Vfp98/Wizards/Template/Books/Reports/MSCREATE.DIR;ARXIV/UDH3/Vfp98/Wizards/Template/Books/Reports;MSCREATE.DIR;.dir;0;2004-07-20 18:09:24;;;ok
ARXIV/UDH3/Vfp98/Wizards/Template/Books/Reports/by_author.frt;ARXIV/UDH3/Vfp98/Wizards/Template/Books/Reports;by_author.frt;.frt;3432;1998-05-24 19:00:00;;;ok
ARXIV/UDH3/Vfp98/Wizards/Template/Books/Reports/by_author.frx;ARXIV/UDH3/Vfp98/Wizards/Template/Books/Reports;by_author.frx;.frx;9567;1998-05-24 19:00:00;;;ok
ARXIV/UDH3/Vfp98/Wizards/Template/Contact/MSCREATE.DIR;ARXIV/UDH3/Vfp98/Wizards/Template/Contact;MSCREATE.DIR;.dir;0;2004-07-20 18:09:24;;;ok
ARXIV/UDH3/Vfp98/Wizards/Template/Contact/Data/CALLS.CDX;ARXIV/UDH3/Vfp98/Wizards/Template/Contact/Data;CALLS.CDX;.cdx;4608;1998-05-24 19:00:00;;;ok
ARXIV/UDH3/Vfp98/Wizards/Template/Contact/Data/CALLS.DBF;ARXIV/UDH3/Vfp98/Wizards/Template/Contact/Data;CALLS.DBF;.dbf;5016;1998-05-24 19:00:00;DBF;Visual FoxPro;ok
ARXIV/UDH3/Vfp98/Wizards/Template/Contact/Data/CALLS.FPT;ARXIV/UDH3/Vfp98/Wizards/Template/Contact/Data;CALLS.FPT;.fpt;1713;1998-05-24 19:00:00;;;ok
ARXIV/UDH3/Vfp98/Wizards/Template/Contact/Data/CONTACTS.CDX;ARXIV/UDH3/Vfp98/Wizards/Template/Contact/Data;CONTACTS.CDX;.cdx;7680;1998-05-24 19:00:00;;;ok
ARXIV/UDH3/Vfp98/Wizards/Template/Contact/Data/CONTACTS.DBC;ARXIV/UDH3/Vfp98/Wizards/Template/Contact/Data;CONTACTS.DBC;.dbc;10123;1998-05-24 19:00:00;;;ok
ARXIV/UDH3/Vfp98/Wizards/Template/Contact/Data/CONTACTS.DBF;ARXIV/UDH3/Vfp98/Wizards/Template/Contact/Data;CONTACTS.DBF;.dbf;10449;1998-05-24 19:00:00;DBF;Visual FoxPro;ok
ARXIV/UDH3/Vfp98/Wizards/Template/Contact/Data/CONTACTS.DCT;ARXIV/UDH3/Vfp98/Wizards/Template/Contact/Data;CONTACTS.DCT;.dct;9792;1998-05-24 19:00:00;;;ok
ARXIV/UDH3/Vfp98/Wizards/Template/Contact/Data/CONTACTS.DCX;ARXIV/UDH3/Vfp98/Wizards/Template/Contact/Data;CONTACTS.DCX;.dcx;5632;1998-05-24 19:00:00;;;ok
ARXIV/UDH3/Vfp98/Wizards/Template/Contact/Data/CONTACTS.FPT;ARXIV/UDH3/Vfp98/Wizards/Template/Contact/Data;CONTACTS.FPT;.fpt;951;1998-05-24 19:00:00;;;ok
ARXIV/UDH3/Vfp98/Wizards/Template/Contact/Data/MSCREATE.DIR;ARXIV/UDH3/Vfp98/Wizards/Template/Contact/Data;MSCREATE.DIR;.dir;0;2004-07-20 18:09:24;;;ok
ARXIV/UDH3/Vfp98/Wizards/Template/Contact/Data/SETUP.CDX;ARXIV/UDH3/Vfp98/Wizards/Template/Contact/Data;SETUP.CDX;.cdx;3072;1998-05-24 19:00:00;;;ok
ARXIV/UDH3/Vfp98/Wizards/Template/Contact/Data/SETUP.DBF;ARXIV/UDH3/Vfp98/Wizards/Template/Contact/Data;SETUP.DBF;.dbf;525;1998-05-24 19:00:00;DBF;Visual FoxPro;ok
ARXIV/UDH3/Vfp98/Wizards/Template/Contact/Data/TYPES.CDX;ARXIV/UDH3/Vfp98/Wizards/Template/Contact/Data;TYPES.CDX;.cdx;3072;1998-05-24 19:00:00;;;ok
ARXIV/UDH3/Vfp98/Wizards/Template/Contact/Data/TYPES.DBF;ARXIV/UDH3/Vfp98/Wizards/Template/Contact/Data;TYPES.DBF;.dbf;470;1998-05-24 19:00:00;DBF;Visual FoxPro;ok
ARXIV/UDH3/Vfp98/Wizards/Template/Contact/Forms/CALLS.SCT;ARXIV/UDH3/Vfp98/Wizards/Template/Contact/Forms;CALLS.SCT;.sct;7502;1998-05-24 19:00:00;;;ok
ARXIV/UDH3/Vfp98/Wizards/Template/Contact/Forms/CALLS.SCX;ARXIV/UDH3/Vfp98/Wizards/Template/Contact/Forms;CALLS.SCX;.scx;2886;1998-05-24 19:00:00;;;ok
ARXIV/UDH3/Vfp98/Wizards/Template/Contact/Forms/CONTACTS.SCT;ARXIV/UDH3/Vfp98/Wizards/Template/Contact/Forms;CONTACTS.SCT;.sct;19068;1998-05-24 19:00:00;;;ok
ARXIV/UDH3/Vfp98/Wizards/Template/Contact/Forms/CONTACTS.SCX;ARXIV/UDH3/Vfp98/Wizards/Template/Contact/Forms;CONTACTS.SCX;.scx;8445;1998-05-24 19:00:00;;;ok
ARXIV/UDH3/Vfp98/Wizards/Template/Contact/Forms/MSCREATE.DIR;ARXIV/UDH3/Vfp98/Wizards/Template/Contact/Forms;MSCREATE.DIR;.dir;0;2004-07-20 18:09:24;;;ok
ARXIV/UDH3/Vfp98/Wizards/Template/Contact/Graphics/ADD.BMP;ARXIV/UDH3/Vfp98/Wizards/Template/Contact/Graphics;ADD.BMP;.bmp;230;1998-05-24 19:00:00;;;ok
ARXIV/UDH3/Vfp98/Wizards/Template/Contact/Graphics/ADDDIS.BMP;ARXIV/UDH3/Vfp98/Wizards/Template/Contact/Graphics;ADDDIS.BMP;.bmp;238;1998-05-24 19:00:00;;;ok
ARXIV/UDH3/Vfp98/Wizards/Template/Contact/Graphics/BOTTOM.BMP;ARXIV/UDH3/Vfp98/Wizards/Template/Contact/Graphics;BOTTOM.BMP;.bmp;1318;1998-05-24 19:00:00;;;ok
ARXIV/UDH3/Vfp98/Wizards/Template/Contact/Graphics/DELETE.BMP;ARXIV/UDH3/Vfp98/Wizards/Template/Contact/Graphics;DELETE.BMP;.bmp;238;1998-05-24 19:00:00;;;ok
ARXIV/UDH3/Vfp98/Wizards/Template/Contact/Graphics/MSCREATE.DIR;ARXIV/UDH3/Vfp98/Wizards/Template/Contact/Graphics;MSCREATE.DIR;.dir;0;2004-07-20 18:09:24;;;ok
ARXIV/UDH3/Vfp98/Wizards/Template/Contact/Graphics/NEXT.BMP;ARXIV/UDH3/Vfp98/Wizards/Template/Contact/Graphics;NEXT.BMP;.bmp;238;1998-05-24 19:00:00;;;ok
ARXIV/UDH3/Vfp98/Wizards/Template/Contact/Graphics/NEXTDIS.BMP;ARXIV/UDH3/Vfp98/Wizards/Template/Contact/Graphics;NEXTDIS.BMP;.bmp;238;1998-05-24 19:00:00;;;ok
ARXIV/UDH3/Vfp98/Wizards/Template/Contact/Graphics/PICBTTNS.BMP;ARXIV/UDH3/Vfp98/Wizards/Template/Contact/Graphics;PICBTTNS.BMP;.bmp;238;1998-05-24 19:00:00;;;ok
ARXIV/UDH3/Vfp98/Wizards/Template/Contact/Graphics/PRIOR.BMP;ARXIV/UDH3/Vfp98/Wizards/Template/Contact/Graphics;PRIOR.BMP;.bmp;238;1998-05-24 19:00:00;;;ok
ARXIV/UDH3/Vfp98/Wizards/Template/Contact/Graphics/PRIORDIS.BMP;ARXIV/UDH3/Vfp98/Wizards/Template/Contact/Graphics;PRIORDIS.BMP;.bmp;238;1998-05-24 19:00:00;;;ok
ARXIV/UDH3/Vfp98/Wizards/Template/Contact/Graphics/TOP.BMP;ARXIV/UDH3/Vfp98/Wizards/Template/Contact/Graphics;TOP.BMP;.bmp;1318;1998-05-24 19:00:00;;;ok
ARXIV/UDH3/Vfp98/Wizards/Template/Contact/Graphics/TOP_DIS.BMP;ARXIV/UDH3/Vfp98/Wizards/Template/Contact/Graphics;TOP_DIS.BMP;.bmp;1318;1998-05-24 19:00:00;;;ok
ARXIV/UDH3/Vfp98/Wizards/Template/Contact/Graphics/bottom_dis.bmp;ARXIV/UDH3/Vfp98/Wizards/Template/Contact/Graphics;bottom_dis.bmp;.bmp;1318;1998-05-24 19:00:00;;;ok
ARXIV/UDH3/Vfp98/Wizards/Template/Contact/Libs/MSCREATE.DIR;ARXIV/UDH3/Vfp98/Wizards/Template/Contact/Libs;MSCREATE.DIR;.dir;0;2004-07-20 18:09:24;;;ok
ARXIV/UDH3/Vfp98/Wizards/Template/Contact/Libs/VFP_BASE.VCT;ARXIV/UDH3/Vfp98/Wizards/Template/Contact/Libs;VFP_BASE.VCT;.vct;5790;1998-05-24 19:00:00;;;ok
ARXIV/UDH3/Vfp98/Wizards/Template/Contact/Libs/VFP_BASE.VCX;ARXIV/UDH3/Vfp98/Wizards/Template/Contact/Libs;VFP_BASE.VCX;.vcx;6046;1998-05-24 19:00:00;;;ok
ARXIV/UDH3/Vfp98/Wizards/Template/Contact/Libs/VFP_SLTN.VCT;ARXIV/UDH3/Vfp98/Wizards/Template/Contact/Libs;VFP_SLTN.VCT;.vct;12541;1998-05-24 19:00:00;;;ok
ARXIV/UDH3/Vfp98/Wizards/Template/Contact/Libs/VFP_SLTN.VCX;ARXIV/UDH3/Vfp98/Wizards/Template/Contact/Libs;VFP_SLTN.VCX;.vcx;2449;1998-05-24 19:00:00;;;ok
ARXIV/UDH3/Vfp98/Wizards/Template/Contact/Reports/CONTACTS.FRT;ARXIV/UDH3/Vfp98/Wizards/Template/Contact/Reports;CONTACTS.FRT;.frt;3630;1998-05-24 19:00:00;;;ok
ARXIV/UDH3/Vfp98/Wizards/Template/Contact/Reports/CONTACTS.FRX;ARXIV/UDH3/Vfp98/Wizards/Template/Contact/Reports;CONTACTS.FRX;.frx;9796;1998-05-24 19:00:00;;;ok
ARXIV/UDH3/Vfp98/Wizards/Template/Contact/Reports/MSCREATE.DIR;ARXIV/UDH3/Vfp98/Wizards/Template/Contact/Reports;MSCREATE.DIR;.dir;0;2004-07-20 18:09:24;;;ok
ARXIV/UDH3/Vfp98/Wizards/Template/Donation/MSCREATE.DIR;ARXIV/UDH3/Vfp98/Wizards/Template/Donation;MSCREATE.DIR;.dir;0;2004-07-20 18:09:24;;;ok
ARXIV/UDH3/Vfp98/Wizards/Template/Donation/Data/CAMPAIGN.CDX;ARXIV/UDH3/Vfp98/Wizards/Template/Donation/Data;CAMPAIGN.CDX;.cdx;3072;1998-05-24 19:00:00;;;ok
ARXIV/UDH3/Vfp98/Wizards/Template/Donation/Data/CAMPAIGN.DBC;ARXIV/UDH3/Vfp98/Wizards/Template/Donation/Data;CAMPAIGN.DBC;.dbc;8967;1998-05-24 19:00:00;;;ok
ARXIV/UDH3/Vfp98/Wizards/Template/Donation/Data/CAMPAIGN.DBF;ARXIV/UDH3/Vfp98/Wizards/Template/Donation/Data;CAMPAIGN.DBF;.dbf;675;1998-05-24 19:00:00;DBF;Visual FoxPro;ok
ARXIV/UDH3/Vfp98/Wizards/Template/Donation/Data/CAMPAIGN.DCT;ARXIV/UDH3/Vfp98/Wizards/Template/Donation/Data;CAMPAIGN.DCT;.dct;1984;1998-05-24 19:00:00;;;ok
ARXIV/UDH3/Vfp98/Wizards/Template/Donation/Data/CAMPAIGN.DCX;ARXIV/UDH3/Vfp98/Wizards/Template/Donation/Data;CAMPAIGN.DCX;.dcx;5632;1998-05-24 19:00:00;;;ok
ARXIV/UDH3/Vfp98/Wizards/Template/Donation/Data/CAMPAIGN.FPT;ARXIV/UDH3/Vfp98/Wizards/Template/Donation/Data;CAMPAIGN.FPT;.fpt;512;1998-05-24 19:00:00;;;ok
ARXIV/UDH3/Vfp98/Wizards/Template/Donation/Data/CHARITY.DBF;ARXIV/UDH3/Vfp98/Wizards/Template/Donation/Data;CHARITY.DBF;.dbf;471;1998-05-24 19:00:00;DBF;Visual FoxPro;ok
ARXIV/UDH3/Vfp98/Wizards/Template/Donation/Data/CHARITY.FPT;ARXIV/UDH3/Vfp98/Wizards/Template/Donation/Data;CHARITY.FPT;.fpt;1280;1998-05-24 19:00:00;;;ok
ARXIV/UDH3/Vfp98/Wizards/Template/Donation/Data/DONORS.CDX;ARXIV/UDH3/Vfp98/Wizards/Template/Donation/Data;DONORS.CDX;.cdx;6144;1998-05-24 19:00:00;;;ok
ARXIV/UDH3/Vfp98/Wizards/Template/Donation/Data/DONORS.DBF;ARXIV/UDH3/Vfp98/Wizards/Template/Donation/Data;DONORS.DBF;.dbf;3033;1998-05-24 19:00:00;DBF;Visual FoxPro;ok
ARXIV/UDH3/Vfp98/Wizards/Template/Donation/Data/DONORS.FPT;ARXIV/UDH3/Vfp98/Wizards/Template/Donation/Data;DONORS.FPT;.fpt;2054;1998-05-24 19:00:00;;;ok
ARXIV/UDH3/Vfp98/Wizards/Template/Donation/Data/MSCREATE.DIR;ARXIV/UDH3/Vfp98/Wizards/Template/Donation/Data;MSCREATE.DIR;.dir;0;2004-07-20 18:09:24;;;ok
ARXIV/UDH3/Vfp98/Wizards/Template/Donation/Data/PLEDGES.CDX;ARXIV/UDH3/Vfp98/Wizards/Template/Donation/Data;PLEDGES.CDX;.cdx;9216;1998-05-24 19:00:00;;;ok
ARXIV/UDH3/Vfp98/Wizards/Template/Donation/Data/PLEDGES.DBF;ARXIV/UDH3/Vfp98/Wizards/Template/Donation/Data;PLEDGES.DBF;.dbf;1527;1998-05-24 19:00:00;DBF;Visual FoxPro;ok
ARXIV/UDH3/Vfp98/Wizards/Template/Donation/Forms/CAMPAIGN.SCT;ARXIV/UDH3/Vfp98/Wizards/Template/Donation/Forms;CAMPAIGN.SCT;.sct;7143;1998-05-24 19:00:00;;;ok
ARXIV/UDH3/Vfp98/Wizards/Template/Donation/Forms/CAMPAIGN.SCX;ARXIV/UDH3/Vfp98/Wizards/Template/Donation/Forms;CAMPAIGN.SCX;.scx;2559;1998-05-24 19:00:00;;;ok
ARXIV/UDH3/Vfp98/Wizards/Template/Donation/Forms/DONORS.SCT;ARXIV/UDH3/Vfp98/Wizards/Template/Donation/Forms;DONORS.SCT;.sct;10163;1998-05-24 19:00:00;;;ok
ARXIV/UDH3/Vfp98/Wizards/Template/Donation/Forms/DONORS.SCX;ARXIV/UDH3/Vfp98/Wizards/Template/Donation/Forms;DONORS.SCX;.scx;3540;1998-05-24 19:00:00;;;ok
ARXIV/UDH3/Vfp98/Wizards/Template/Donation/Forms/MSCREATE.DIR;ARXIV/UDH3/Vfp98/Wizards/Template/Donation/Forms;MSCREATE.DIR;.dir;0;2004-07-20 18:09:24;;;ok
ARXIV/UDH3/Vfp98/Wizards/Template/Donation/Forms/PLEDGES.SCT;ARXIV/UDH3/Vfp98/Wizards/Template/Donation/Forms;PLEDGES.SCT;.sct;12252;1998-05-24 19:00:00;;;ok
ARXIV/UDH3/Vfp98/Wizards/Template/Donation/Forms/PLEDGES.SCX;ARXIV/UDH3/Vfp98/Wizards/Template/Donation/Forms;PLEDGES.SCX;.scx;4194;1998-05-24 19:00:00;;;ok
ARXIV/UDH3/Vfp98/Wizards/Template/Donation/Libs/DONATION.VCT;ARXIV/UDH3/Vfp98/Wizards/Template/Donation/Libs;DONATION.VCT;.vct;22837;1998-05-24 19:00:00;;;ok
ARXIV/UDH3/Vfp98/Wizards/Template/Donation/Libs/DONATION.VCX;ARXIV/UDH3/Vfp98/Wizards/Template/Donation/Libs;DONATION.VCX;.vcx;2123;1998-05-24 19:00:00;;;ok
ARXIV/UDH3/Vfp98/Wizards/Template/Donation/Libs/MSCREATE.DIR;ARXIV/UDH3/Vfp98/Wizards/Template/Donation/Libs;MSCREATE.DIR;.dir;0;2004-07-20 18:09:24;;;ok
ARXIV/UDH3/Vfp98/Wizards/Template/Donation/Reports/CAMPAIGN.FRT;ARXIV/UDH3/Vfp98/Wizards/Template/Donation/Reports;CAMPAIGN.FRT;.frt;3333;1998-05-24 19:00:00;;;ok
ARXIV/UDH3/Vfp98/Wizards/Template/Donation/Reports/CAMPAIGN.FRX;ARXIV/UDH3/Vfp98/Wizards/Template/Donation/Reports;CAMPAIGN.FRX;.frx;9109;1998-05-24 19:00:00;;;ok
ARXIV/UDH3/Vfp98/Wizards/Template/Donation/Reports/DONOR.FRT;ARXIV/UDH3/Vfp98/Wizards/Template/Donation/Reports;DONOR.FRT;.frt;4719;1998-05-24 19:00:00;;;ok
ARXIV/UDH3/Vfp98/Wizards/Template/Donation/Reports/DONOR.FRX;ARXIV/UDH3/Vfp98/Wizards/Template/Donation/Reports;DONOR.FRX;.frx;11399;1998-05-24 19:00:00;;;ok
ARXIV/UDH3/Vfp98/Wizards/Template/Donation/Reports/DONORPLG.FRT;ARXIV/UDH3/Vfp98/Wizards/Template/Donation/Reports;DONORPLG.FRT;.frt;4620;1998-05-24 19:00:00;;;ok
ARXIV/UDH3/Vfp98/Wizards/Template/Donation/Reports/DONORPLG.FRX;ARXIV/UDH3/Vfp98/Wizards/Template/Donation/Reports;DONORPLG.FRX;.frx;12315;1998-05-24 19:00:00;;;ok
ARXIV/UDH3/Vfp98/Wizards/Template/Donation/Reports/MSCREATE.DIR;ARXIV/UDH3/Vfp98/Wizards/Template/Donation/Reports;MSCREATE.DIR;.dir;0;2004-07-20 18:09:24;;;ok
ARXIV/UDH3/Vfp98/Wizards/Template/Donation/Reports/PLEDGES.FRT;ARXIV/UDH3/Vfp98/Wizards/Template/Donation/Reports;PLEDGES.FRT;.frt;4620;1998-05-24 19:00:00;;;ok
ARXIV/UDH3/Vfp98/Wizards/Template/Donation/Reports/PLEDGES.FRX;ARXIV/UDH3/Vfp98/Wizards/Template/Donation/Reports;PLEDGES.FRX;.frx;11628;1998-05-24 19:00:00;;;ok
ARXIV/UDH3/Vfp98/Wizards/Template/Donation/Reports/SUMMARY.FRT;ARXIV/UDH3/Vfp98/Wizards/Template/Donation/Reports;SUMMARY.FRT;.frt;5478;1998-05-24 19:00:00;;;ok
ARXIV/UDH3/Vfp98/Wizards/Template/Donation/Reports/SUMMARY.FRX;ARXIV/UDH3/Vfp98/Wizards/Template/Donation/Reports;SUMMARY.FRX;.frx;12086;1998-05-24 19:00:00;;;ok
ARXIV/UDH3/Vfp98/Wizards/Template/Donation/Reports/UNPAID.FRT;ARXIV/UDH3/Vfp98/Wizards/Template/Donation/Reports;UNPAID.FRT;.frt;4686;1998-05-24 19:00:00;;;ok
ARXIV/UDH3/Vfp98/Wizards/Template/Donation/Reports/UNPAID.FRX;ARXIV/UDH3/Vfp98/Wizards/Template/Donation/Reports;UNPAID.FRX;.frx;10941;1998-05-24 19:00:00;;;ok
ARXIV/UDH3/Vfp98/Wizards/Template/Event Management/MSCREATE.DIR;ARXIV/UDH3/Vfp98/Wizards/Template/Event Management;MSCREATE.DIR;.dir;0;2004-07-20 18:09:22;;;ok
ARXIV/UDH3/Vfp98/Wizards/Template/Event Management/Data/EVENTS.CDX;ARXIV/UDH3/Vfp98/Wizards/Template/Event Management/Data;EVENTS.CDX;.cdx;12288;1998-05-24 19:00:00;;;ok
ARXIV/UDH3/Vfp98/Wizards/Template/Event Management/Data/EVENTS.DBF;ARXIV/UDH3/Vfp98/Wizards/Template/Event Management/Data;EVENTS.DBF;.dbf;1320;1998-05-24 19:00:00;DBF;Visual FoxPro;ok
ARXIV/UDH3/Vfp98/Wizards/Template/Event Management/Data/EVENTS.FPT;ARXIV/UDH3/Vfp98/Wizards/Template/Event Management/Data;EVENTS.FPT;.fpt;1205;1998-05-24 19:00:00;;;ok
ARXIV/UDH3/Vfp98/Wizards/Template/Event Management/Data/Event Management.DBC;ARXIV/UDH3/Vfp98/Wizards/Template/Event Management/Data;Event Management.DBC;.dbc;21672;1998-05-24 19:00:00;;;ok
ARXIV/UDH3/Vfp98/Wizards/Template/Event Management/Data/Event Management.DCT;ARXIV/UDH3/Vfp98/Wizards/Template/Event Management/Data;Event Management.DCT;.dct;9408;1998-05-24 19:00:00;;;ok
ARXIV/UDH3/Vfp98/Wizards/Template/Event Management/Data/Event Management.DCX;ARXIV/UDH3/Vfp98/Wizards/Template/Event Management/Data;Event Management.DCX;.dcx;9216;1998-05-24 19:00:00;;;ok
ARXIV/UDH3/Vfp98/Wizards/Template/Event Management/Data/Event Types.CDX;ARXIV/UDH3/Vfp98/Wizards/Template/Event Management/Data;Event Types.CDX;.cdx;3072;1998-05-24 19:00:00;;;ok
ARXIV/UDH3/Vfp98/Wizards/Template/Event Management/Data/Fee Schedules.CDX;ARXIV/UDH3/Vfp98/Wizards/Template/Event Management/Data;Fee Schedules.CDX;.cdx;7680;1998-05-24 19:00:00;;;ok
ARXIV/UDH3/Vfp98/Wizards/Template/Event Management/Data/MSCREATE.DIR;ARXIV/UDH3/Vfp98/Wizards/Template/Event Management/Data;MSCREATE.DIR;.dir;0;2004-07-20 18:09:22;;;ok
ARXIV/UDH3/Vfp98/Wizards/Template/Event Management/Data/My Company Information.CDX;ARXIV/UDH3/Vfp98/Wizards/Template/Event Management/Data;My Company Information.CDX;.cdx;7680;1998-05-24 19:00:00;;;ok
ARXIV/UDH3/Vfp98/Wizards/Template/Event Management/Data/PAYMENTS.CDX;ARXIV/UDH3/Vfp98/Wizards/Template/Event Management/Data;PAYMENTS.CDX;.cdx;13824;1998-05-24 19:00:00;;;ok
ARXIV/UDH3/Vfp98/Wizards/Template/Event Management/Data/PAYMENTS.DBF;ARXIV/UDH3/Vfp98/Wizards/Template/Event Management/Data;PAYMENTS.DBF;.dbf;1722;1998-05-24 19:00:00;DBF;Visual FoxPro;ok
ARXIV/UDH3/Vfp98/Wizards/Template/Event Management/Data/Payment Methods.CDX;ARXIV/UDH3/Vfp98/Wizards/Template/Event Management/Data;Payment Methods.CDX;.cdx;3072;1998-05-24 19:00:00;;;ok
ARXIV/UDH3/Vfp98/Wizards/Template/Event Management/Data/attendees.cdx;ARXIV/UDH3/Vfp98/Wizards/Template/Event Management/Data;attendees.cdx;.cdx;10752;1998-05-24 19:00:00;;;ok
ARXIV/UDH3/Vfp98/Wizards/Template/Event Management/Data/attendees.dbf;ARXIV/UDH3/Vfp98/Wizards/Template/Event Management/Data;attendees.dbf;.dbf;2625;1998-05-24 19:00:00;DBF;Visual FoxPro;ok
ARXIV/UDH3/Vfp98/Wizards/Template/Event Management/Data/attendees.fpt;ARXIV/UDH3/Vfp98/Wizards/Template/Event Management/Data;attendees.fpt;.fpt;791;1998-05-24 19:00:00;;;ok
ARXIV/UDH3/Vfp98/Wizards/Template/Event Management/Data/employees.cdx;ARXIV/UDH3/Vfp98/Wizards/Template/Event Management/Data;employees.cdx;.cdx;6144;1998-05-24 19:00:00;;;ok
ARXIV/UDH3/Vfp98/Wizards/Template/Event Management/Data/employees.dbf;ARXIV/UDH3/Vfp98/Wizards/Template/Event Management/Data;employees.dbf;.dbf;1845;1998-05-24 19:00:00;DBF;Visual FoxPro;ok
ARXIV/UDH3/Vfp98/Wizards/Template/Event Management/Data/event types.dbf;ARXIV/UDH3/Vfp98/Wizards/Template/Event Management/Data;event types.dbf;.dbf;580;1998-05-24 19:00:00;DBF;Visual FoxPro;ok
ARXIV/UDH3/Vfp98/Wizards/Template/Event Management/Data/fee schedules.dbf;ARXIV/UDH3/Vfp98/Wizards/Template/Event Management/Data;fee schedules.dbf;.dbf;847;1998-05-24 19:00:00;DBF;Visual FoxPro;ok
ARXIV/UDH3/Vfp98/Wizards/Template/Event Management/Data/my company information.FPT;ARXIV/UDH3/Vfp98/Wizards/Template/Event Management/Data;my company information.FPT;.fpt;595;1998-05-24 19:00:00;;;ok
ARXIV/UDH3/Vfp98/Wizards/Template/Event Management/Data/my company information.dbf;ARXIV/UDH3/Vfp98/Wizards/Template/Event Management/Data;my company information.dbf;.dbf;955;1998-05-24 19:00:00;DBF;Visual FoxPro;ok
ARXIV/UDH3/Vfp98/Wizards/Template/Event Management/Data/payment methods.dbf;ARXIV/UDH3/Vfp98/Wizards/Template/Event Management/Data;payment methods.dbf;.dbf;672;1998-05-24 19:00:00;DBF;Visual FoxPro;ok
ARXIV/UDH3/Vfp98/Wizards/Template/Event Management/Data/registration.cdx;ARXIV/UDH3/Vfp98/Wizards/Template/Event Management/Data;registration.cdx;.cdx;21504;1998-05-24 19:00:00;;;ok
ARXIV/UDH3/Vfp98/Wizards/Template/Event Management/Data/registration.dbf;ARXIV/UDH3/Vfp98/Wizards/Template/Event Management/Data;registration.dbf;.dbf;1634;1998-05-24 19:00:00;DBF;Visual FoxPro;ok
ARXIV/UDH3/Vfp98/Wizards/Template/Expenses/MSCREATE.DIR;ARXIV/UDH3/Vfp98/Wizards/Template/Expenses;MSCREATE.DIR;.dir;0;2004-07-20 18:09:24;;;ok
ARXIV/UDH3/Vfp98/Wizards/Template/Expenses/Data/EXPENSES.DBC;ARXIV/UDH3/Vfp98/Wizards/Template/Expenses/Data;EXPENSES.DBC;.dbc;10122;1998-05-24 19:00:00;;;ok
ARXIV/UDH3/Vfp98/Wizards/Template/Expenses/Data/EXPENSES.DCT;ARXIV/UDH3/Vfp98/Wizards/Template/Expenses/Data;EXPENSES.DCT;.dct;4032;1998-05-24 19:00:00;;;ok
ARXIV/UDH3/Vfp98/Wizards/Template/Expenses/Data/EXPENSES.DCX;ARXIV/UDH3/Vfp98/Wizards/Template/Expenses/Data;EXPENSES.DCX;.dcx;5632;1998-05-24 19:00:00;;;ok
ARXIV/UDH3/Vfp98/Wizards/Template/Expenses/Data/Expense Categories.CDX;ARXIV/UDH3/Vfp98/Wizards/Template/Expenses/Data;Expense Categories.CDX;.cdx;3072;1998-05-24 19:00:00;;;ok
ARXIV/UDH3/Vfp98/Wizards/Template/Expenses/Data/Expense Details.CDX;ARXIV/UDH3/Vfp98/Wizards/Template/Expenses/Data;Expense Details.CDX;.cdx;12288;1998-05-24 19:00:00;;;ok
ARXIV/UDH3/Vfp98/Wizards/Template/Expenses/Data/Expense Reports.CDX;ARXIV/UDH3/Vfp98/Wizards/Template/Expenses/Data;Expense Reports.CDX;.cdx;9216;1998-05-24 19:00:00;;;ok
ARXIV/UDH3/Vfp98/Wizards/Template/Expenses/Data/MSCREATE.DIR;ARXIV/UDH3/Vfp98/Wizards/Template/Expenses/Data;MSCREATE.DIR;.dir;0;2004-07-20 18:09:24;;;ok
ARXIV/UDH3/Vfp98/Wizards/Template/Expenses/Data/employees.cdx;ARXIV/UDH3/Vfp98/Wizards/Template/Expenses/Data;employees.cdx;.cdx;9216;1998-05-24 19:00:00;;;ok
ARXIV/UDH3/Vfp98/Wizards/Template/Expenses/Data/employees.dbf;ARXIV/UDH3/Vfp98/Wizards/Template/Expenses/Data;employees.dbf;.dbf;2377;1998-05-24 19:00:00;DBF;Visual FoxPro;ok
ARXIV/UDH3/Vfp98/Wizards/Template/Expenses/Data/employees.fpt;ARXIV/UDH3/Vfp98/Wizards/Template/Expenses/Data;employees.fpt;.fpt;669;1998-05-24 19:00:00;;;ok
ARXIV/UDH3/Vfp98/Wizards/Template/Expenses/Data/expense categories.dbf;ARXIV/UDH3/Vfp98/Wizards/Template/Expenses/Data;expense categories.dbf;.dbf;687;1998-05-24 19:00:00;DBF;Visual FoxPro;ok
ARXIV/UDH3/Vfp98/Wizards/Template/Expenses/Data/expense details.dbf;ARXIV/UDH3/Vfp98/Wizards/Template/Expenses/Data;expense details.dbf;.dbf;962;1998-05-24 19:00:00;DBF;Visual FoxPro;ok
ARXIV/UDH3/Vfp98/Wizards/Template/Expenses/Data/expense reports.FPT;ARXIV/UDH3/Vfp98/Wizards/Template/Expenses/Data;expense reports.FPT;.fpt;688;1998-05-24 19:00:00;;;ok
ARXIV/UDH3/Vfp98/Wizards/Template/Expenses/Data/expense reports.dbf;ARXIV/UDH3/Vfp98/Wizards/Template/Expenses/Data;expense reports.dbf;.dbf;1004;1998-05-24 19:00:00;DBF;Visual FoxPro;ok
ARXIV/UDH3/Vfp98/Wizards/Template/Household Inventory/MSCREATE.DIR;ARXIV/UDH3/Vfp98/Wizards/Template/Household Inventory;MSCREATE.DIR;.dir;0;2004-07-20 18:09:22;;;ok
ARXIV/UDH3/Vfp98/Wizards/Template/Household Inventory/Data/Household Inventory.CDX;ARXIV/UDH3/Vfp98/Wizards/Template/Household Inventory/Data;Household Inventory.CDX;.cdx;10752;1998-05-24 19:00:00;;;ok
ARXIV/UDH3/Vfp98/Wizards/Template/Household Inventory/Data/Household Inventory.DBC;ARXIV/UDH3/Vfp98/Wizards/Template/Household Inventory/Data;Household Inventory.DBC;.dbc;6492;1998-05-24 19:00:00;;;ok
ARXIV/UDH3/Vfp98/Wizards/Template/Household Inventory/Data/Household Inventory.DCT;ARXIV/UDH3/Vfp98/Wizards/Template/Household Inventory/Data;Household Inventory.DCT;.dct;2624;1998-05-24 19:00:00;;;ok
ARXIV/UDH3/Vfp98/Wizards/Template/Household Inventory/Data/Household Inventory.DCX;ARXIV/UDH3/Vfp98/Wizards/Template/Household Inventory/Data;Household Inventory.DCX;.dcx;5632;1998-05-24 19:00:00;;;ok
ARXIV/UDH3/Vfp98/Wizards/Template/Household Inventory/Data/MSCREATE.DIR;ARXIV/UDH3/Vfp98/Wizards/Template/Household Inventory/Data;MSCREATE.DIR;.dir;0;2004-07-20 18:09:22;;;ok
ARXIV/UDH3/Vfp98/Wizards/Template/Household Inventory/Data/ROOMS.CDX;ARXIV/UDH3/Vfp98/Wizards/Template/Household Inventory/Data;ROOMS.CDX;.cdx;3072;1998-05-24 19:00:00;;;ok
ARXIV/UDH3/Vfp98/Wizards/Template/Household Inventory/Data/ROOMS.DBF;ARXIV/UDH3/Vfp98/Wizards/Template/Household Inventory/Data;ROOMS.DBF;.dbf;690;1998-05-24 19:00:00;DBF;Visual FoxPro;ok
ARXIV/UDH3/Vfp98/Wizards/Template/Household Inventory/Data/categories.cdx;ARXIV/UDH3/Vfp98/Wizards/Template/Household Inventory/Data;categories.cdx;.cdx;6144;1998-05-24 19:00:00;;;ok
ARXIV/UDH3/Vfp98/Wizards/Template/Household Inventory/Data/categories.dbf;ARXIV/UDH3/Vfp98/Wizards/Template/Household Inventory/Data;categories.dbf;.dbf;745;1998-05-24 19:00:00;DBF;Visual FoxPro;ok
ARXIV/UDH3/Vfp98/Wizards/Template/Household Inventory/Data/household inventory.FPT;ARXIV/UDH3/Vfp98/Wizards/Template/Household Inventory/Data;household inventory.FPT;.fpt;1373;1998-05-24 19:00:00;;;ok
ARXIV/UDH3/Vfp98/Wizards/Template/Household Inventory/Data/household inventory.dbf;ARXIV/UDH3/Vfp98/Wizards/Template/Household Inventory/Data;household inventory.dbf;.dbf;3776;1998-05-24 19:00:00;DBF;Visual FoxPro;ok
ARXIV/UDH3/Vfp98/Wizards/Template/Inventory Control/MSCREATE.DIR;ARXIV/UDH3/Vfp98/Wizards/Template/Inventory Control;MSCREATE.DIR;.dir;0;2004-07-20 18:09:24;;;ok
ARXIV/UDH3/Vfp98/Wizards/Template/Inventory Control/Data/Inventory Control.DBC;ARXIV/UDH3/Vfp98/Wizards/Template/Inventory Control/Data;Inventory Control.DBC;.dbc;18537;1998-05-24 19:00:00;;;ok
ARXIV/UDH3/Vfp98/Wizards/Template/Inventory Control/Data/Inventory Control.DCT;ARXIV/UDH3/Vfp98/Wizards/Template/Inventory Control/Data;Inventory Control.DCT;.dct;7424;1998-05-24 19:00:00;;;ok
ARXIV/UDH3/Vfp98/Wizards/Template/Inventory Control/Data/Inventory Control.DCX;ARXIV/UDH3/Vfp98/Wizards/Template/Inventory Control/Data;Inventory Control.DCX;.dcx;8704;1998-05-24 19:00:00;;;ok
ARXIV/UDH3/Vfp98/Wizards/Template/Inventory Control/Data/Inventory Transactions.CDX;ARXIV/UDH3/Vfp98/Wizards/Template/Inventory Control/Data;Inventory Transactions.CDX;.cdx;16896;1998-05-24 19:00:00;;;ok
ARXIV/UDH3/Vfp98/Wizards/Template/Inventory Control/Data/MSCREATE.DIR;ARXIV/UDH3/Vfp98/Wizards/Template/Inventory Control/Data;MSCREATE.DIR;.dir;0;2004-07-20 18:09:24;;;ok
ARXIV/UDH3/Vfp98/Wizards/Template/Inventory Control/Data/My Company Information.CDX;ARXIV/UDH3/Vfp98/Wizards/Template/Inventory Control/Data;My Company Information.CDX;.cdx;7680;1998-05-24 19:00:00;;;ok
ARXIV/UDH3/Vfp98/Wizards/Template/Inventory Control/Data/PRODUCTS.CDX;ARXIV/UDH3/Vfp98/Wizards/Template/Inventory Control/Data;PRODUCTS.CDX;.cdx;10752;1998-05-24 19:00:00;;;ok
ARXIV/UDH3/Vfp98/Wizards/Template/Inventory Control/Data/PRODUCTS.DBF;ARXIV/UDH3/Vfp98/Wizards/Template/Inventory Control/Data;PRODUCTS.DBF;.dbf;1364;1998-05-24 19:00:00;DBF;Visual FoxPro;ok
ARXIV/UDH3/Vfp98/Wizards/Template/Inventory Control/Data/PRODUCTS.FPT;ARXIV/UDH3/Vfp98/Wizards/Template/Inventory Control/Data;PRODUCTS.FPT;.fpt;593;1998-05-24 19:00:00;;;ok
ARXIV/UDH3/Vfp98/Wizards/Template/Inventory Control/Data/Purchase Orders.CDX;ARXIV/UDH3/Vfp98/Wizards/Template/Inventory Control/Data;Purchase Orders.CDX;.cdx;16896;1998-05-24 19:00:00;;;ok
ARXIV/UDH3/Vfp98/Wizards/Template/Inventory Control/Data/Shipping Methods.CDX;ARXIV/UDH3/Vfp98/Wizards/Template/Inventory Control/Data;Shipping Methods.CDX;.cdx;3072;1998-05-24 19:00:00;;;ok
ARXIV/UDH3/Vfp98/Wizards/Template/Inventory Control/Data/categories.cdx;ARXIV/UDH3/Vfp98/Wizards/Template/Inventory Control/Data;categories.cdx;.cdx;6144;1998-05-24 19:00:00;;;ok
ARXIV/UDH3/Vfp98/Wizards/Template/Inventory Control/Data/categories.dbf;ARXIV/UDH3/Vfp98/Wizards/Template/Inventory Control/Data;categories.dbf;.dbf;800;1998-05-24 19:00:00;DBF;Visual FoxPro;ok
ARXIV/UDH3/Vfp98/Wizards/Template/Inventory Control/Data/employees.cdx;ARXIV/UDH3/Vfp98/Wizards/Template/Inventory Control/Data;employees.cdx;.cdx;6144;1998-05-24 19:00:00;;;ok
ARXIV/UDH3/Vfp98/Wizards/Template/Inventory Control/Data/employees.dbf;ARXIV/UDH3/Vfp98/Wizards/Template/Inventory Control/Data;employees.dbf;.dbf;1845;1998-05-24 19:00:00;DBF;Visual FoxPro;ok
ARXIV/UDH3/Vfp98/Wizards/Template/Inventory Control/Data/inventory transactions.FPT;ARXIV/UDH3/Vfp98/Wizards/Template/Inventory Control/Data;inventory transactions.FPT;.fpt;1754;1998-05-24 19:00:00;;;ok
ARXIV/UDH3/Vfp98/Wizards/Template/Inventory Control/Data/inventory transactions.dbf;ARXIV/UDH3/Vfp98/Wizards/Template/Inventory Control/Data;inventory transactions.dbf;.dbf;1596;1998-05-24 19:00:00;DBF;Visual FoxPro;ok
ARXIV/UDH3/Vfp98/Wizards/Template/Inventory Control/Data/my company information.FPT;ARXIV/UDH3/Vfp98/Wizards/Template/Inventory Control/Data;my company information.FPT;.fpt;576;1998-05-24 19:00:00;;;ok
ARXIV/UDH3/Vfp98/Wizards/Template/Inventory Control/Data/my company information.dbf;ARXIV/UDH3/Vfp98/Wizards/Template/Inventory Control/Data;my company information.dbf;.dbf;843;1998-05-24 19:00:00;DBF;Visual FoxPro;ok
ARXIV/UDH3/Vfp98/Wizards/Template/Inventory Control/Data/purchase orders.FPT;ARXIV/UDH3/Vfp98/Wizards/Template/Inventory Control/Data;purchase orders.FPT;.fpt;791;1998-05-24 19:00:00;;;ok
ARXIV/UDH3/Vfp98/Wizards/Template/Inventory Control/Data/purchase orders.dbf;ARXIV/UDH3/Vfp98/Wizards/Template/Inventory Control/Data;purchase orders.dbf;.dbf;1103;1998-05-24 19:00:00;DBF;Visual FoxPro;ok
ARXIV/UDH3/Vfp98/Wizards/Template/Inventory Control/Data/shipping methods.dbf;ARXIV/UDH3/Vfp98/Wizards/Template/Inventory Control/Data;shipping methods.dbf;.dbf;410;1998-05-24 19:00:00;DBF;Visual FoxPro;ok
ARXIV/UDH3/Vfp98/Wizards/Template/Inventory Control/Data/suppliers.cdx;ARXIV/UDH3/Vfp98/Wizards/Template/Inventory Control/Data;suppliers.cdx;.cdx;13824;1998-05-24 19:00:00;;;ok
ARXIV/UDH3/Vfp98/Wizards/Template/Inventory Control/Data/suppliers.dbf;ARXIV/UDH3/Vfp98/Wizards/Template/Inventory Control/Data;suppliers.dbf;.dbf;2829;1998-05-24 19:00:00;DBF;Visual FoxPro;ok
ARXIV/UDH3/Vfp98/Wizards/Template/Inventory Control/Data/suppliers.fpt;ARXIV/UDH3/Vfp98/Wizards/Template/Inventory Control/Data;suppliers.fpt;.fpt;1107;1998-05-24 19:00:00;;;ok
ARXIV/UDH3/Vfp98/Wizards/Template/Ledger/MSCREATE.DIR;ARXIV/UDH3/Vfp98/Wizards/Template/Ledger;MSCREATE.DIR;.dir;0;2004-07-20 18:09:24;;;ok
ARXIV/UDH3/Vfp98/Wizards/Template/Ledger/Data/ACCOUNTS.CDX;ARXIV/UDH3/Vfp98/Wizards/Template/Ledger/Data;ACCOUNTS.CDX;.cdx;7680;1998-05-24 19:00:00;;;ok
ARXIV/UDH3/Vfp98/Wizards/Template/Ledger/Data/ACCOUNTS.DBF;ARXIV/UDH3/Vfp98/Wizards/Template/Ledger/Data;ACCOUNTS.DBF;.dbf;1406;1998-05-24 19:00:00;DBF;Visual FoxPro;ok
ARXIV/UDH3/Vfp98/Wizards/Template/Ledger/Data/LEDGER.DBC;ARXIV/UDH3/Vfp98/Wizards/Template/Ledger/Data;LEDGER.DBC;.dbc;5667;1998-05-24 19:00:00;;;ok
ARXIV/UDH3/Vfp98/Wizards/Template/Ledger/Data/LEDGER.DCT;ARXIV/UDH3/Vfp98/Wizards/Template/Ledger/Data;LEDGER.DCT;.dct;4992;1998-05-24 19:00:00;;;ok
ARXIV/UDH3/Vfp98/Wizards/Template/Ledger/Data/LEDGER.DCX;ARXIV/UDH3/Vfp98/Wizards/Template/Ledger/Data;LEDGER.DCX;.dcx;5632;1998-05-24 19:00:00;;;ok
ARXIV/UDH3/Vfp98/Wizards/Template/Ledger/Data/MSCREATE.DIR;ARXIV/UDH3/Vfp98/Wizards/Template/Ledger/Data;MSCREATE.DIR;.dir;0;2004-07-20 18:09:24;;;ok
ARXIV/UDH3/Vfp98/Wizards/Template/Ledger/Data/account types.CDX;ARXIV/UDH3/Vfp98/Wizards/Template/Ledger/Data;account types.CDX;.cdx;3072;1998-05-24 19:00:00;;;ok
ARXIV/UDH3/Vfp98/Wizards/Template/Ledger/Data/account types.dbf;ARXIV/UDH3/Vfp98/Wizards/Template/Ledger/Data;account types.dbf;.dbf;581;1998-05-24 19:00:00;DBF;Visual FoxPro;ok
ARXIV/UDH3/Vfp98/Wizards/Template/Ledger/Data/transactions.cdx;ARXIV/UDH3/Vfp98/Wizards/Template/Ledger/Data;transactions.cdx;.cdx;9216;1998-05-24 19:00:00;;;ok
ARXIV/UDH3/Vfp98/Wizards/Template/Ledger/Data/transactions.dbf;ARXIV/UDH3/Vfp98/Wizards/Template/Ledger/Data;transactions.dbf;.dbf;1519;1998-05-24 19:00:00;DBF;Visual FoxPro;ok
ARXIV/UDH3/Vfp98/Wizards/Template/Ledger/Data/transactions.fpt;ARXIV/UDH3/Vfp98/Wizards/Template/Ledger/Data;transactions.fpt;.fpt;1984;1998-05-24 19:00:00;;;ok
ARXIV/UDH3/Vfp98/Wizards/Template/Membership/MSCREATE.DIR;ARXIV/UDH3/Vfp98/Wizards/Template/Membership;MSCREATE.DIR;.dir;0;2004-07-20 18:09:24;;;ok
ARXIV/UDH3/Vfp98/Wizards/Template/Membership/Data/MEMBERS.CDX;ARXIV/UDH3/Vfp98/Wizards/Template/Membership/Data;MEMBERS.CDX;.cdx;12288;1998-05-24 19:00:00;;;ok
ARXIV/UDH3/Vfp98/Wizards/Template/Membership/Data/MEMBERS.DBF;ARXIV/UDH3/Vfp98/Wizards/Template/Membership/Data;MEMBERS.DBF;.dbf;8640;1998-05-24 19:00:00;DBF;Visual FoxPro;ok
ARXIV/UDH3/Vfp98/Wizards/Template/Membership/Data/MEMBERS.FPT;ARXIV/UDH3/Vfp98/Wizards/Template/Membership/Data;MEMBERS.FPT;.fpt;1817;1998-05-24 19:00:00;;;ok
ARXIV/UDH3/Vfp98/Wizards/Template/Membership/Data/MSCREATE.DIR;ARXIV/UDH3/Vfp98/Wizards/Template/Membership/Data;MSCREATE.DIR;.dir;0;2004-07-20 18:09:24;;;ok
ARXIV/UDH3/Vfp98/Wizards/Template/Membership/Data/My Organization Information.CDX;ARXIV/UDH3/Vfp98/Wizards/Template/Membership/Data;My Organization Information.CDX;.cdx;7680;1998-05-24 19:00:00;;;ok
ARXIV/UDH3/Vfp98/Wizards/Template/Membership/Data/PAYMENTS.CDX;ARXIV/UDH3/Vfp98/Wizards/Template/Membership/Data;PAYMENTS.CDX;.cdx;12288;1998-05-24 19:00:00;;;ok
ARXIV/UDH3/Vfp98/Wizards/Template/Membership/Data/PAYMENTS.DBF;ARXIV/UDH3/Vfp98/Wizards/Template/Membership/Data;PAYMENTS.DBF;.dbf;2190;1998-05-24 19:00:00;DBF;Visual FoxPro;ok
ARXIV/UDH3/Vfp98/Wizards/Template/Membership/Data/Payment Methods.CDX;ARXIV/UDH3/Vfp98/Wizards/Template/Membership/Data;Payment Methods.CDX;.cdx;3072;1998-05-24 19:00:00;;;ok
ARXIV/UDH3/Vfp98/Wizards/Template/Membership/Data/committeemembers.cdx;ARXIV/UDH3/Vfp98/Wizards/Template/Membership/Data;committeemembers.cdx;.cdx;15360;1998-05-24 19:00:00;;;ok
ARXIV/UDH3/Vfp98/Wizards/Template/Membership/Data/committeemembers.dbf;ARXIV/UDH3/Vfp98/Wizards/Template/Membership/Data;committeemembers.dbf;.dbf;854;1998-05-24 19:00:00;DBF;Visual FoxPro;ok
ARXIV/UDH3/Vfp98/Wizards/Template/Membership/Data/committees.cdx;ARXIV/UDH3/Vfp98/Wizards/Template/Membership/Data;committees.cdx;.cdx;6144;1998-05-24 19:00:00;;;ok
ARXIV/UDH3/Vfp98/Wizards/Template/Membership/Data/committees.dbf;ARXIV/UDH3/Vfp98/Wizards/Template/Membership/Data;committees.dbf;.dbf;510;1998-05-24 19:00:00;DBF;Visual FoxPro;ok
ARXIV/UDH3/Vfp98/Wizards/Template/Membership/Data/committees.fpt;ARXIV/UDH3/Vfp98/Wizards/Template/Membership/Data;committees.fpt;.fpt;660;1998-05-24 19:00:00;;;ok
ARXIV/UDH3/Vfp98/Wizards/Template/Membership/Data/membership.dbc;ARXIV/UDH3/Vfp98/Wizards/Template/Membership/Data;membership.dbc;.dbc;16062;1998-05-24 19:00:00;;;ok
ARXIV/UDH3/Vfp98/Wizards/Template/Membership/Data/membership.dct;ARXIV/UDH3/Vfp98/Wizards/Template/Membership/Data;membership.dct;.dct;6592;1998-05-24 19:00:00;;;ok
ARXIV/UDH3/Vfp98/Wizards/Template/Membership/Data/membership.dcx;ARXIV/UDH3/Vfp98/Wizards/Template/Membership/Data;membership.dcx;.dcx;7680;1998-05-24 19:00:00;;;ok
ARXIV/UDH3/Vfp98/Wizards/Template/Membership/Data/membertypes.cdx;ARXIV/UDH3/Vfp98/Wizards/Template/Membership/Data;membertypes.cdx;.cdx;3072;1998-05-24 19:00:00;;;ok
ARXIV/UDH3/Vfp98/Wizards/Template/Membership/Data/membertypes.dbf;ARXIV/UDH3/Vfp98/Wizards/Template/Membership/Data;membertypes.dbf;.dbf;581;1998-05-24 19:00:00;DBF;Visual FoxPro;ok
ARXIV/UDH3/Vfp98/Wizards/Template/Membership/Data/my organization information.FPT;ARXIV/UDH3/Vfp98/Wizards/Template/Membership/Data;my organization information.FPT;.fpt;688;1998-05-24 19:00:00;;;ok
ARXIV/UDH3/Vfp98/Wizards/Template/Membership/Data/my organization information.dbf;ARXIV/UDH3/Vfp98/Wizards/Template/Membership/Data;my organization information.dbf;.dbf;915;1998-05-24 19:00:00;DBF;Visual FoxPro;ok
ARXIV/UDH3/Vfp98/Wizards/Template/Membership/Data/payment methods.dbf;ARXIV/UDH3/Vfp98/Wizards/Template/Membership/Data;payment methods.dbf;.dbf;616;1998-05-24 19:00:00;DBF;Visual FoxPro;ok
ARXIV/UDH3/Vfp98/Wizards/Template/Music Collection/MSCREATE.DIR;ARXIV/UDH3/Vfp98/Wizards/Template/Music Collection;MSCREATE.DIR;.dir;0;2004-07-20 18:09:24;;;ok
ARXIV/UDH3/Vfp98/Wizards/Template/Music Collection/Data/MSCREATE.DIR;ARXIV/UDH3/Vfp98/Wizards/Template/Music Collection/Data;MSCREATE.DIR;.dir;0;2004-07-20 18:09:24;;;ok
ARXIV/UDH3/Vfp98/Wizards/Template/Music Collection/Data/Music Categories.CDX;ARXIV/UDH3/Vfp98/Wizards/Template/Music Collection/Data;Music Categories.CDX;.cdx;3072;1998-05-24 19:00:00;;;ok
ARXIV/UDH3/Vfp98/Wizards/Template/Music Collection/Data/Music Collection.DBC;ARXIV/UDH3/Vfp98/Wizards/Template/Music Collection/Data;Music Collection.DBC;.dbc;7977;1998-05-24 19:00:00;;;ok
ARXIV/UDH3/Vfp98/Wizards/Template/Music Collection/Data/Music Collection.DCT;ARXIV/UDH3/Vfp98/Wizards/Template/Music Collection/Data;Music Collection.DCT;.dct;3264;1998-05-24 19:00:00;;;ok
ARXIV/UDH3/Vfp98/Wizards/Template/Music Collection/Data/Music Collection.DCX;ARXIV/UDH3/Vfp98/Wizards/Template/Music Collection/Data;Music Collection.DCX;.dcx;5632;1998-05-24 19:00:00;;;ok
ARXIV/UDH3/Vfp98/Wizards/Template/Music Collection/Data/Recording Artists.CDX;ARXIV/UDH3/Vfp98/Wizards/Template/Music Collection/Data;Recording Artists.CDX;.cdx;3072;1998-05-24 19:00:00;;;ok
ARXIV/UDH3/Vfp98/Wizards/Template/Music Collection/Data/TRACKS.CDX;ARXIV/UDH3/Vfp98/Wizards/Template/Music Collection/Data;TRACKS.CDX;.cdx;9216;1998-05-24 19:00:00;;;ok
ARXIV/UDH3/Vfp98/Wizards/Template/Music Collection/Data/TRACKS.DBF;ARXIV/UDH3/Vfp98/Wizards/Template/Music Collection/Data;TRACKS.DBF;.dbf;1452;1998-05-24 19:00:00;DBF;Visual FoxPro;ok
ARXIV/UDH3/Vfp98/Wizards/Template/Music Collection/Data/music categories.dbf;ARXIV/UDH3/Vfp98/Wizards/Template/Music Collection/Data;music categories.dbf;.dbf;635;1998-05-24 19:00:00;DBF;Visual FoxPro;ok
ARXIV/UDH3/Vfp98/Wizards/Template/Music Collection/Data/recording artists.FPT;ARXIV/UDH3/Vfp98/Wizards/Template/Music Collection/Data;recording artists.FPT;.fpt;512;1998-05-24 19:00:00;;;ok
ARXIV/UDH3/Vfp98/Wizards/Template/Music Collection/Data/recording artists.dbf;ARXIV/UDH3/Vfp98/Wizards/Template/Music Collection/Data;recording artists.dbf;.dbf;1036;1998-05-24 19:00:00;DBF;Visual FoxPro;ok
ARXIV/UDH3/Vfp98/Wizards/Template/Music Collection/Data/recordings.cdx;ARXIV/UDH3/Vfp98/Wizards/Template/Music Collection/Data;recordings.cdx;.cdx;16896;1998-05-24 19:00:00;;;ok
ARXIV/UDH3/Vfp98/Wizards/Template/Music Collection/Data/recordings.dbf;ARXIV/UDH3/Vfp98/Wizards/Template/Music Collection/Data;recordings.dbf;.dbf;1565;1998-05-24 19:00:00;DBF;Visual FoxPro;ok
ARXIV/UDH3/Vfp98/Wizards/Template/Music Collection/Data/recordings.fpt;ARXIV/UDH3/Vfp98/Wizards/Template/Music Collection/Data;recordings.fpt;.fpt;512;1998-05-24 19:00:00;;;ok
ARXIV/UDH3/Vfp98/Wizards/Template/Order Entry/MSCREATE.DIR;ARXIV/UDH3/Vfp98/Wizards/Template/Order Entry;MSCREATE.DIR;.dir;0;2004-07-20 18:09:24;;;ok
ARXIV/UDH3/Vfp98/Wizards/Template/Order Entry/Data/MSCREATE.DIR;ARXIV/UDH3/Vfp98/Wizards/Template/Order Entry/Data;MSCREATE.DIR;.dir;0;2004-07-20 18:09:24;;;ok
ARXIV/UDH3/Vfp98/Wizards/Template/Order Entry/Data/My Company Information.CDX;ARXIV/UDH3/Vfp98/Wizards/Template/Order Entry/Data;My Company Information.CDX;.cdx;7680;1998-05-24 19:00:00;;;ok
ARXIV/UDH3/Vfp98/Wizards/Template/Order Entry/Data/ORDERS.CDX;ARXIV/UDH3/Vfp98/Wizards/Template/Order Entry/Data;ORDERS.CDX;.cdx;19968;1998-05-24 19:00:00;;;ok
ARXIV/UDH3/Vfp98/Wizards/Template/Order Entry/Data/ORDERS.DBF;ARXIV/UDH3/Vfp98/Wizards/Template/Order Entry/Data;ORDERS.DBF;.dbf;5803;1998-05-24 19:00:00;DBF;Visual FoxPro;ok
ARXIV/UDH3/Vfp98/Wizards/Template/Order Entry/Data/ORDERS.FPT;ARXIV/UDH3/Vfp98/Wizards/Template/Order Entry/Data;ORDERS.FPT;.fpt;1431;1998-05-24 19:00:00;;;ok
ARXIV/UDH3/Vfp98/Wizards/Template/Order Entry/Data/Order Details.CDX;ARXIV/UDH3/Vfp98/Wizards/Template/Order Entry/Data;Order Details.CDX;.cdx;12288;1998-05-24 19:00:00;;;ok
ARXIV/UDH3/Vfp98/Wizards/Template/Order Entry/Data/Order Entry.DCT;ARXIV/UDH3/Vfp98/Wizards/Template/Order Entry/Data;Order Entry.DCT;.dct;11200;1998-05-24 19:00:00;;;ok
ARXIV/UDH3/Vfp98/Wizards/Template/Order Entry/Data/Order Entry.DCX;ARXIV/UDH3/Vfp98/Wizards/Template/Order Entry/Data;Order Entry.DCX;.dcx;9216;1998-05-24 19:00:00;;;ok
ARXIV/UDH3/Vfp98/Wizards/Template/Order Entry/Data/PAYMENTS.CDX;ARXIV/UDH3/Vfp98/Wizards/Template/Order Entry/Data;PAYMENTS.CDX;.cdx;13824;1998-05-24 19:00:00;;;ok
ARXIV/UDH3/Vfp98/Wizards/Template/Order Entry/Data/PAYMENTS.DBF;ARXIV/UDH3/Vfp98/Wizards/Template/Order Entry/Data;PAYMENTS.DBF;.dbf;2190;1998-05-24 19:00:00;DBF;Visual FoxPro;ok
ARXIV/UDH3/Vfp98/Wizards/Template/Order Entry/Data/PRODUCTS.CDX;ARXIV/UDH3/Vfp98/Wizards/Template/Order Entry/Data;PRODUCTS.CDX;.cdx;6144;1998-05-24 19:00:00;;;ok
ARXIV/UDH3/Vfp98/Wizards/Template/Order Entry/Data/PRODUCTS.DBF;ARXIV/UDH3/Vfp98/Wizards/Template/Order Entry/Data;PRODUCTS.DBF;.dbf;1022;1998-05-24 19:00:00;DBF;Visual FoxPro;ok
ARXIV/UDH3/Vfp98/Wizards/Template/Order Entry/Data/Payment Methods.CDX;ARXIV/UDH3/Vfp98/Wizards/Template/Order Entry/Data;Payment Methods.CDX;.cdx;3072;1998-05-24 19:00:00;;;ok
ARXIV/UDH3/Vfp98/Wizards/Template/Order Entry/Data/Shipping Methods.CDX;ARXIV/UDH3/Vfp98/Wizards/Template/Order Entry/Data;Shipping Methods.CDX;.cdx;3072;1998-05-24 19:00:00;;;ok
ARXIV/UDH3/Vfp98/Wizards/Template/Order Entry/Data/customers.cdx;ARXIV/UDH3/Vfp98/Wizards/Template/Order Entry/Data;customers.cdx;.cdx;10752;1998-05-24 19:00:00;;;ok
ARXIV/UDH3/Vfp98/Wizards/Template/Order Entry/Data/customers.dbf;ARXIV/UDH3/Vfp98/Wizards/Template/Order Entry/Data;customers.dbf;.dbf;1847;1998-05-24 19:00:00;DBF;Visual FoxPro;ok
ARXIV/UDH3/Vfp98/Wizards/Template/Order Entry/Data/customers.fpt;ARXIV/UDH3/Vfp98/Wizards/Template/Order Entry/Data;customers.fpt;.fpt;663;1998-05-24 19:00:00;;;ok
ARXIV/UDH3/Vfp98/Wizards/Template/Order Entry/Data/employees.cdx;ARXIV/UDH3/Vfp98/Wizards/Template/Order Entry/Data;employees.cdx;.cdx;4608;1998-05-24 19:00:00;;;ok
ARXIV/UDH3/Vfp98/Wizards/Template/Order Entry/Data/employees.dbf;ARXIV/UDH3/Vfp98/Wizards/Template/Order Entry/Data;employees.dbf;.dbf;1563;1998-05-24 19:00:00;DBF;Visual FoxPro;ok
ARXIV/UDH3/Vfp98/Wizards/Template/Order Entry/Data/my company information.FPT;ARXIV/UDH3/Vfp98/Wizards/Template/Order Entry/Data;my company information.FPT;.fpt;689;1998-05-24 19:00:00;;;ok
ARXIV/UDH3/Vfp98/Wizards/Template/Order Entry/Data/my company information.dbf;ARXIV/UDH3/Vfp98/Wizards/Template/Order Entry/Data;my company information.dbf;.dbf;955;1998-05-24 19:00:00;DBF;Visual FoxPro;ok
ARXIV/UDH3/Vfp98/Wizards/Template/Order Entry/Data/order details.dbf;ARXIV/UDH3/Vfp98/Wizards/Template/Order Entry/Data;order details.dbf;.dbf;1746;1998-05-24 19:00:00;DBF;Visual FoxPro;ok
ARXIV/UDH3/Vfp98/Wizards/Template/Order Entry/Data/order entry.dbc;ARXIV/UDH3/Vfp98/Wizards/Template/Order Entry/Data;order entry.dbc;.dbc;23487;1998-05-24 19:00:00;;;ok
ARXIV/UDH3/Vfp98/Wizards/Template/Order Entry/Data/payment methods.dbf;ARXIV/UDH3/Vfp98/Wizards/Template/Order Entry/Data;payment methods.dbf;.dbf;616;1998-05-24 19:00:00;DBF;Visual FoxPro;ok
ARXIV/UDH3/Vfp98/Wizards/Template/Order Entry/Data/shipping methods.dbf;ARXIV/UDH3/Vfp98/Wizards/Template/Order Entry/Data;shipping methods.dbf;.dbf;460;1998-05-24 19:00:00;DBF;Visual FoxPro;ok
ARXIV/UDH3/Vfp98/Wizards/Template/Picture Library/MSCREATE.DIR;ARXIV/UDH3/Vfp98/Wizards/Template/Picture Library;MSCREATE.DIR;.dir;0;2004-07-20 18:09:24;;;ok
ARXIV/UDH3/Vfp98/Wizards/Template/Picture Library/Data/MSCREATE.DIR;ARXIV/UDH3/Vfp98/Wizards/Template/Picture Library/Data;MSCREATE.DIR;.dir;0;2004-07-20 18:09:24;;;ok
ARXIV/UDH3/Vfp98/Wizards/Template/Picture Library/Data/Photo Locations.CDX;ARXIV/UDH3/Vfp98/Wizards/Template/Picture Library/Data;Photo Locations.CDX;.cdx;3072;1998-05-24 19:00:00;;;ok
ARXIV/UDH3/Vfp98/Wizards/Template/Picture Library/Data/Picture Library.DBC;ARXIV/UDH3/Vfp98/Wizards/Template/Picture Library/Data;Picture Library.DBC;.dbc;7812;1998-05-24 19:00:00;;;ok
ARXIV/UDH3/Vfp98/Wizards/Template/Picture Library/Data/Picture Library.DCT;ARXIV/UDH3/Vfp98/Wizards/Template/Picture Library/Data;Picture Library.DCT;.dct;3136;1998-05-24 19:00:00;;;ok
ARXIV/UDH3/Vfp98/Wizards/Template/Picture Library/Data/Picture Library.DCX;ARXIV/UDH3/Vfp98/Wizards/Template/Picture Library/Data;Picture Library.DCX;.dcx;5632;1998-05-24 19:00:00;;;ok
ARXIV/UDH3/Vfp98/Wizards/Template/Picture Library/Data/Rolls of Film.CDX;ARXIV/UDH3/Vfp98/Wizards/Template/Picture Library/Data;Rolls of Film.CDX;.cdx;3072;1998-05-24 19:00:00;;;ok
ARXIV/UDH3/Vfp98/Wizards/Template/Picture Library/Data/photo locations.dbf;ARXIV/UDH3/Vfp98/Wizards/Template/Picture Library/Data;photo locations.dbf;.dbf;635;1998-05-24 19:00:00;DBF;Visual FoxPro;ok
ARXIV/UDH3/Vfp98/Wizards/Template/Picture Library/Data/photographs.cdx;ARXIV/UDH3/Vfp98/Wizards/Template/Picture Library/Data;photographs.cdx;.cdx;15360;1998-05-24 19:00:00;;;ok
ARXIV/UDH3/Vfp98/Wizards/Template/Picture Library/Data/photographs.dbf;ARXIV/UDH3/Vfp98/Wizards/Template/Picture Library/Data;photographs.dbf;.dbf;11258;1998-05-24 19:00:00;DBF;Visual FoxPro;ok
ARXIV/UDH3/Vfp98/Wizards/Template/Picture Library/Data/photographs.fpt;ARXIV/UDH3/Vfp98/Wizards/Template/Picture Library/Data;photographs.fpt;.fpt;512;1998-05-24 19:00:00;;;ok
ARXIV/UDH3/Vfp98/Wizards/Template/Picture Library/Data/rolls of film.FPT;ARXIV/UDH3/Vfp98/Wizards/Template/Picture Library/Data;rolls of film.FPT;.fpt;1140;1998-05-24 19:00:00;;;ok
ARXIV/UDH3/Vfp98/Wizards/Template/Picture Library/Data/rolls of film.dbf;ARXIV/UDH3/Vfp98/Wizards/Template/Picture Library/Data;rolls of film.dbf;.dbf;1746;1998-05-24 19:00:00;DBF;Visual FoxPro;ok
ARXIV/UDH3/Vfp98/Wizards/Template/Recipes/MSCREATE.DIR;ARXIV/UDH3/Vfp98/Wizards/Template/Recipes;MSCREATE.DIR;.dir;0;2004-07-20 18:09:24;;;ok
ARXIV/UDH3/Vfp98/Wizards/Template/Recipes/Data/AUTO_IDS.CDX;ARXIV/UDH3/Vfp98/Wizards/Template/Recipes/Data;AUTO_IDS.CDX;.cdx;4608;1998-05-24 19:00:00;;;ok
ARXIV/UDH3/Vfp98/Wizards/Template/Recipes/Data/AUTO_IDS.DBF;ARXIV/UDH3/Vfp98/Wizards/Template/Recipes/Data;AUTO_IDS.DBF;.dbf;544;1998-05-24 19:00:00;DBF;Visual FoxPro;ok
ARXIV/UDH3/Vfp98/Wizards/Template/Recipes/Data/FOODCAT.CDX;ARXIV/UDH3/Vfp98/Wizards/Template/Recipes/Data;FOODCAT.CDX;.cdx;3072;1998-05-24 19:00:00;;;ok
ARXIV/UDH3/Vfp98/Wizards/Template/Recipes/Data/FOODCAT.DBF;ARXIV/UDH3/Vfp98/Wizards/Template/Recipes/Data;FOODCAT.DBF;.dbf;690;1998-05-24 19:00:00;DBF;Visual FoxPro;ok
ARXIV/UDH3/Vfp98/Wizards/Template/Recipes/Data/INGREDIE.CDX;ARXIV/UDH3/Vfp98/Wizards/Template/Recipes/Data;INGREDIE.CDX;.cdx;3072;1998-05-24 19:00:00;;;ok
ARXIV/UDH3/Vfp98/Wizards/Template/Recipes/Data/INGREDIE.DBF;ARXIV/UDH3/Vfp98/Wizards/Template/Recipes/Data;INGREDIE.DBF;.dbf;2010;1998-05-24 19:00:00;DBF;Visual FoxPro;ok
ARXIV/UDH3/Vfp98/Wizards/Template/Recipes/Data/MSCREATE.DIR;ARXIV/UDH3/Vfp98/Wizards/Template/Recipes/Data;MSCREATE.DIR;.dir;0;2004-07-20 18:09:24;;;ok
ARXIV/UDH3/Vfp98/Wizards/Template/Recipes/Data/RECINGRD.CDX;ARXIV/UDH3/Vfp98/Wizards/Template/Recipes/Data;RECINGRD.CDX;.cdx;6144;1998-05-24 19:00:00;;;ok
ARXIV/UDH3/Vfp98/Wizards/Template/Recipes/Data/RECINGRD.DBF;ARXIV/UDH3/Vfp98/Wizards/Template/Recipes/Data;RECINGRD.DBF;.dbf;8431;1998-05-24 19:00:00;DBF;Visual FoxPro;ok
ARXIV/UDH3/Vfp98/Wizards/Template/Recipes/Data/RECIPES.CDX;ARXIV/UDH3/Vfp98/Wizards/Template/Recipes/Data;RECIPES.CDX;.cdx;6144;1998-05-24 19:00:00;;;ok
ARXIV/UDH3/Vfp98/Wizards/Template/Recipes/Data/RECIPES.DBC;ARXIV/UDH3/Vfp98/Wizards/Template/Recipes/Data;RECIPES.DBC;.dbc;10287;1998-05-24 19:00:00;;;ok
ARXIV/UDH3/Vfp98/Wizards/Template/Recipes/Data/RECIPES.DBF;ARXIV/UDH3/Vfp98/Wizards/Template/Recipes/Data;RECIPES.DBF;.dbf;5350;1998-05-24 19:00:00;DBF;Visual FoxPro;ok
ARXIV/UDH3/Vfp98/Wizards/Template/Recipes/Data/RECIPES.DCT;ARXIV/UDH3/Vfp98/Wizards/Template/Recipes/Data;RECIPES.DCT;.dct;3776;1998-05-24 19:00:00;;;ok
ARXIV/UDH3/Vfp98/Wizards/Template/Recipes/Data/RECIPES.DCX;ARXIV/UDH3/Vfp98/Wizards/Template/Recipes/Data;RECIPES.DCX;.dcx;6144;1998-05-24 19:00:00;;;ok
ARXIV/UDH3/Vfp98/Wizards/Template/Recipes/Data/RECIPES.FPT;ARXIV/UDH3/Vfp98/Wizards/Template/Recipes/Data;RECIPES.FPT;.fpt;2054;1998-05-24 19:00:00;;;ok
ARXIV/UDH3/Vfp98/Wizards/Template/Recipes/Forms/FOODCAT.SCT;ARXIV/UDH3/Vfp98/Wizards/Template/Recipes/Forms;FOODCAT.SCT;.sct;4348;1998-05-24 19:00:00;;;ok
ARXIV/UDH3/Vfp98/Wizards/Template/Recipes/Forms/FOODCAT.SCX;ARXIV/UDH3/Vfp98/Wizards/Template/Recipes/Forms;FOODCAT.SCX;.scx;2450;1998-05-24 19:00:00;;;ok
ARXIV/UDH3/Vfp98/Wizards/Template/Recipes/Forms/INGRED.SCT;ARXIV/UDH3/Vfp98/Wizards/Template/Recipes/Forms;INGRED.SCT;.sct;4356;1998-05-24 19:00:00;;;ok
ARXIV/UDH3/Vfp98/Wizards/Template/Recipes/Forms/INGRED.SCX;ARXIV/UDH3/Vfp98/Wizards/Template/Recipes/Forms;INGRED.SCX;.scx;2450;1998-05-24 19:00:00;;;ok
ARXIV/UDH3/Vfp98/Wizards/Template/Recipes/Forms/MSCREATE.DIR;ARXIV/UDH3/Vfp98/Wizards/Template/Recipes/Forms;MSCREATE.DIR;.dir;0;2004-07-20 18:09:24;;;ok
ARXIV/UDH3/Vfp98/Wizards/Template/Recipes/Forms/RECIPES.SCT;ARXIV/UDH3/Vfp98/Wizards/Template/Recipes/Forms;RECIPES.SCT;.sct;14960;1998-05-24 19:00:00;;;ok
ARXIV/UDH3/Vfp98/Wizards/Template/Recipes/Forms/RECIPES.SCX;ARXIV/UDH3/Vfp98/Wizards/Template/Recipes/Forms;RECIPES.SCX;.scx;5938;1998-05-24 19:00:00;;;ok
ARXIV/UDH3/Vfp98/Wizards/Template/Recipes/Libs/MSCREATE.DIR;ARXIV/UDH3/Vfp98/Wizards/Template/Recipes/Libs;MSCREATE.DIR;.dir;0;2004-07-20 18:09:24;;;ok
ARXIV/UDH3/Vfp98/Wizards/Template/Recipes/Libs/RECIPES.VCT;ARXIV/UDH3/Vfp98/Wizards/Template/Recipes/Libs;RECIPES.VCT;.vct;25978;1998-05-24 19:00:00;;;ok
ARXIV/UDH3/Vfp98/Wizards/Template/Recipes/Libs/RECIPES.VCX;ARXIV/UDH3/Vfp98/Wizards/Template/Recipes/Libs;RECIPES.VCX;.vcx;2667;1998-05-24 19:00:00;;;ok
ARXIV/UDH3/Vfp98/Wizards/Template/Recipes/Reports/BY_CAT.FRT;ARXIV/UDH3/Vfp98/Wizards/Template/Recipes/Reports;BY_CAT.FRT;.frt;3267;1998-05-24 19:00:00;;;ok
ARXIV/UDH3/Vfp98/Wizards/Template/Recipes/Reports/BY_CAT.FRX;ARXIV/UDH3/Vfp98/Wizards/Template/Recipes/Reports;BY_CAT.FRX;.frx;9338;1998-05-24 19:00:00;;;ok
ARXIV/UDH3/Vfp98/Wizards/Template/Recipes/Reports/DETAILS.FRT;ARXIV/UDH3/Vfp98/Wizards/Template/Recipes/Reports;DETAILS.FRT;.frt;6105;1998-05-24 19:00:00;;;ok
ARXIV/UDH3/Vfp98/Wizards/Template/Recipes/Reports/DETAILS.FRX;ARXIV/UDH3/Vfp98/Wizards/Template/Recipes/Reports;DETAILS.FRX;.frx;13460;1998-05-24 19:00:00;;;ok
ARXIV/UDH3/Vfp98/Wizards/Template/Recipes/Reports/MSCREATE.DIR;ARXIV/UDH3/Vfp98/Wizards/Template/Recipes/Reports;MSCREATE.DIR;.dir;0;2004-07-20 18:09:24;;;ok
ARXIV/UDH3/Vfp98/Wizards/Template/Recipes/Reports/SORTED.FRT;ARXIV/UDH3/Vfp98/Wizards/Template/Recipes/Reports;SORTED.FRT;.frt;3102;1998-05-24 19:00:00;;;ok
ARXIV/UDH3/Vfp98/Wizards/Template/Recipes/Reports/SORTED.FRX;ARXIV/UDH3/Vfp98/Wizards/Template/Recipes/Reports;SORTED.FRX;.frx;8193;1998-05-24 19:00:00;;;ok
ARXIV/UDH3/Vfp98/Wizards/Template/Resource Scheduling/MSCREATE.DIR;ARXIV/UDH3/Vfp98/Wizards/Template/Resource Scheduling;MSCREATE.DIR;.dir;0;2004-07-20 18:09:24;;;ok
ARXIV/UDH3/Vfp98/Wizards/Template/Resource Scheduling/Data/MSCREATE.DIR;ARXIV/UDH3/Vfp98/Wizards/Template/Resource Scheduling/Data;MSCREATE.DIR;.dir;0;2004-07-20 18:09:24;;;ok
ARXIV/UDH3/Vfp98/Wizards/Template/Resource Scheduling/Data/Resource Scheduling.DBC;ARXIV/UDH3/Vfp98/Wizards/Template/Resource Scheduling/Data;Resource Scheduling.DBC;.dbc;10452;1998-05-24 19:00:00;;;ok
ARXIV/UDH3/Vfp98/Wizards/Template/Resource Scheduling/Data/Resource Scheduling.DCT;ARXIV/UDH3/Vfp98/Wizards/Template/Resource Scheduling/Data;Resource Scheduling.DCT;.dct;4736;1998-05-24 19:00:00;;;ok
ARXIV/UDH3/Vfp98/Wizards/Template/Resource Scheduling/Data/Resource Scheduling.DCX;ARXIV/UDH3/Vfp98/Wizards/Template/Resource Scheduling/Data;Resource Scheduling.DCX;.dcx;6144;1998-05-24 19:00:00;;;ok
ARXIV/UDH3/Vfp98/Wizards/Template/Resource Scheduling/Data/Resource Types.CDX;ARXIV/UDH3/Vfp98/Wizards/Template/Resource Scheduling/Data;Resource Types.CDX;.cdx;3072;1998-05-24 19:00:00;;;ok
ARXIV/UDH3/Vfp98/Wizards/Template/Resource Scheduling/Data/SCHEDULE.CDX;ARXIV/UDH3/Vfp98/Wizards/Template/Resource Scheduling/Data;SCHEDULE.CDX;.cdx;12288;1998-05-24 19:00:00;;;ok
ARXIV/UDH3/Vfp98/Wizards/Template/Resource Scheduling/Data/SCHEDULE.DBF;ARXIV/UDH3/Vfp98/Wizards/Template/Resource Scheduling/Data;SCHEDULE.DBF;.dbf;477;1998-05-24 19:00:00;DBF;Visual FoxPro;ok
ARXIV/UDH3/Vfp98/Wizards/Template/Resource Scheduling/Data/Schedule Details.CDX;ARXIV/UDH3/Vfp98/Wizards/Template/Resource Scheduling/Data;Schedule Details.CDX;.cdx;10752;1998-05-24 19:00:00;;;ok
ARXIV/UDH3/Vfp98/Wizards/Template/Resource Scheduling/Data/customers.cdx;ARXIV/UDH3/Vfp98/Wizards/Template/Resource Scheduling/Data;customers.cdx;.cdx;7680;1998-05-24 19:00:00;;;ok
ARXIV/UDH3/Vfp98/Wizards/Template/Resource Scheduling/Data/customers.dbf;ARXIV/UDH3/Vfp98/Wizards/Template/Resource Scheduling/Data;customers.dbf;.dbf;2807;1998-05-24 19:00:00;DBF;Visual FoxPro;ok
ARXIV/UDH3/Vfp98/Wizards/Template/Resource Scheduling/Data/customers.fpt;ARXIV/UDH3/Vfp98/Wizards/Template/Resource Scheduling/Data;customers.fpt;.fpt;791;1998-05-24 19:00:00;;;ok
ARXIV/UDH3/Vfp98/Wizards/Template/Resource Scheduling/Data/resource types.dbf;ARXIV/UDH3/Vfp98/Wizards/Template/Resource Scheduling/Data;resource types.dbf;.dbf;690;1998-05-24 19:00:00;DBF;Visual FoxPro;ok
ARXIV/UDH3/Vfp98/Wizards/Template/Resource Scheduling/Data/resources.cdx;ARXIV/UDH3/Vfp98/Wizards/Template/Resource Scheduling/Data;resources.cdx;.cdx;7680;1998-05-24 19:00:00;;;ok
ARXIV/UDH3/Vfp98/Wizards/Template/Resource Scheduling/Data/resources.dbf;ARXIV/UDH3/Vfp98/Wizards/Template/Resource Scheduling/Data;resources.dbf;.dbf;802;1998-05-24 19:00:00;DBF;Visual FoxPro;ok
ARXIV/UDH3/Vfp98/Wizards/Template/Resource Scheduling/Data/resources.fpt;ARXIV/UDH3/Vfp98/Wizards/Template/Resource Scheduling/Data;resources.fpt;.fpt;795;1998-05-24 19:00:00;;;ok
ARXIV/UDH3/Vfp98/Wizards/Template/Resource Scheduling/Data/schedule details.dbf;ARXIV/UDH3/Vfp98/Wizards/Template/Resource Scheduling/Data;schedule details.dbf;.dbf;1268;1998-05-24 19:00:00;DBF;Visual FoxPro;ok
ARXIV/UDH3/Vfp98/Wizards/Template/Service Call Management/MSCREATE.DIR;ARXIV/UDH3/Vfp98/Wizards/Template/Service Call Management;MSCREATE.DIR;.dir;0;2004-07-20 18:09:24;;;ok
ARXIV/UDH3/Vfp98/Wizards/Template/Service Call Management/Data/MSCREATE.DIR;ARXIV/UDH3/Vfp98/Wizards/Template/Service Call Management/Data;MSCREATE.DIR;.dir;0;2004-07-20 18:09:24;;;ok
ARXIV/UDH3/Vfp98/Wizards/Template/Service Call Management/Data/My Company Information.CDX;ARXIV/UDH3/Vfp98/Wizards/Template/Service Call Management/Data;My Company Information.CDX;.cdx;7680;1998-05-24 19:00:00;;;ok
ARXIV/UDH3/Vfp98/Wizards/Template/Service Call Management/Data/PARTS.CDX;ARXIV/UDH3/Vfp98/Wizards/Template/Service Call Management/Data;PARTS.CDX;.cdx;3072;1998-05-24 19:00:00;;;ok
ARXIV/UDH3/Vfp98/Wizards/Template/Service Call Management/Data/PARTS.DBF;ARXIV/UDH3/Vfp98/Wizards/Template/Service Call Management/Data;PARTS.DBF;.dbf;759;1998-05-24 19:00:00;DBF;Visual FoxPro;ok
ARXIV/UDH3/Vfp98/Wizards/Template/Service Call Management/Data/PARTS.FPT;ARXIV/UDH3/Vfp98/Wizards/Template/Service Call Management/Data;PARTS.FPT;.fpt;665;1998-05-24 19:00:00;;;ok
ARXIV/UDH3/Vfp98/Wizards/Template/Service Call Management/Data/PAYMENTS.CDX;ARXIV/UDH3/Vfp98/Wizards/Template/Service Call Management/Data;PAYMENTS.CDX;.cdx;15360;1998-05-24 19:00:00;;;ok
ARXIV/UDH3/Vfp98/Wizards/Template/Service Call Management/Data/PAYMENTS.DBF;ARXIV/UDH3/Vfp98/Wizards/Template/Service Call Management/Data;PAYMENTS.DBF;.dbf;1605;1998-05-24 19:00:00;DBF;Visual FoxPro;ok
ARXIV/UDH3/Vfp98/Wizards/Template/Service Call Management/Data/Payment Methods.CDX;ARXIV/UDH3/Vfp98/Wizards/Template/Service Call Management/Data;Payment Methods.CDX;.cdx;3072;1998-05-24 19:00:00;;;ok
ARXIV/UDH3/Vfp98/Wizards/Template/Service Call Management/Data/Service Call Management.DBC;ARXIV/UDH3/Vfp98/Wizards/Template/Service Call Management/Data;Service Call Management.DBC;.dbc;21507;1998-05-24 19:00:00;;;ok
ARXIV/UDH3/Vfp98/Wizards/Template/Service Call Management/Data/Service Call Management.DCT;ARXIV/UDH3/Vfp98/Wizards/Template/Service Call Management/Data;Service Call Management.DCT;.dct;9408;1998-05-24 19:00:00;;;ok
ARXIV/UDH3/Vfp98/Wizards/Template/Service Call Management/Data/Service Call Management.DCX;ARXIV/UDH3/Vfp98/Wizards/Template/Service Call Management/Data;Service Call Management.DCX;.dcx;9216;1998-05-24 19:00:00;;;ok
ARXIV/UDH3/Vfp98/Wizards/Template/Service Call Management/Data/Workorder Labor.CDX;ARXIV/UDH3/Vfp98/Wizards/Template/Service Call Management/Data;Workorder Labor.CDX;.cdx;13824;1998-05-24 19:00:00;;;ok
ARXIV/UDH3/Vfp98/Wizards/Template/Service Call Management/Data/Workorder Parts.CDX;ARXIV/UDH3/Vfp98/Wizards/Template/Service Call Management/Data;Workorder Parts.CDX;.cdx;13824;1998-05-24 19:00:00;;;ok
ARXIV/UDH3/Vfp98/Wizards/Template/Service Call Management/Data/customers.cdx;ARXIV/UDH3/Vfp98/Wizards/Template/Service Call Management/Data;customers.cdx;.cdx;10752;1998-05-24 19:00:00;;;ok
ARXIV/UDH3/Vfp98/Wizards/Template/Service Call Management/Data/customers.dbf;ARXIV/UDH3/Vfp98/Wizards/Template/Service Call Management/Data;customers.dbf;.dbf;2677;1998-05-24 19:00:00;DBF;Visual FoxPro;ok
ARXIV/UDH3/Vfp98/Wizards/Template/Service Call Management/Data/customers.fpt;ARXIV/UDH3/Vfp98/Wizards/Template/Service Call Management/Data;customers.fpt;.fpt;791;1998-05-24 19:00:00;;;ok
ARXIV/UDH3/Vfp98/Wizards/Template/Service Call Management/Data/employees.cdx;ARXIV/UDH3/Vfp98/Wizards/Template/Service Call Management/Data;employees.cdx;.cdx;4608;1998-05-24 19:00:00;;;ok
ARXIV/UDH3/Vfp98/Wizards/Template/Service Call Management/Data/employees.dbf;ARXIV/UDH3/Vfp98/Wizards/Template/Service Call Management/Data;employees.dbf;.dbf;1635;1998-05-24 19:00:00;DBF;Visual FoxPro;ok
ARXIV/UDH3/Vfp98/Wizards/Template/Service Call Management/Data/my company information.FPT;ARXIV/UDH3/Vfp98/Wizards/Template/Service Call Management/Data;my company information.FPT;.fpt;695;1998-05-24 19:00:00;;;ok
ARXIV/UDH3/Vfp98/Wizards/Template/Service Call Management/Data/my company information.dbf;ARXIV/UDH3/Vfp98/Wizards/Template/Service Call Management/Data;my company information.dbf;.dbf;955;1998-05-24 19:00:00;DBF;Visual FoxPro;ok
ARXIV/UDH3/Vfp98/Wizards/Template/Service Call Management/Data/payment methods.dbf;ARXIV/UDH3/Vfp98/Wizards/Template/Service Call Management/Data;payment methods.dbf;.dbf;672;1998-05-24 19:00:00;DBF;Visual FoxPro;ok
ARXIV/UDH3/Vfp98/Wizards/Template/Service Call Management/Data/workorder labor.FPT;ARXIV/UDH3/Vfp98/Wizards/Template/Service Call Management/Data;workorder labor.FPT;.fpt;512;1998-05-24 19:00:00;;;ok
ARXIV/UDH3/Vfp98/Wizards/Template/Service Call Management/Data/workorder labor.dbf;ARXIV/UDH3/Vfp98/Wizards/Template/Service Call Management/Data;workorder labor.dbf;.dbf;851;1998-05-24 19:00:00;DBF;Visual FoxPro;ok
ARXIV/UDH3/Vfp98/Wizards/Template/Service Call Management/Data/workorder parts.dbf;ARXIV/UDH3/Vfp98/Wizards/Template/Service Call Management/Data;workorder parts.dbf;.dbf;862;1998-05-24 19:00:00;DBF;Visual FoxPro;ok
ARXIV/UDH3/Vfp98/Wizards/Template/Service Call Management/Data/workorders.cdx;ARXIV/UDH3/Vfp98/Wizards/Template/Service Call Management/Data;workorders.cdx;.cdx;15360;1998-05-24 19:00:00;;;ok
ARXIV/UDH3/Vfp98/Wizards/Template/Service Call Management/Data/workorders.dbf;ARXIV/UDH3/Vfp98/Wizards/Template/Service Call Management/Data;workorders.dbf;.dbf;2363;1998-05-24 19:00:00;DBF;Visual FoxPro;ok
ARXIV/UDH3/Vfp98/Wizards/Template/Service Call Management/Data/workorders.fpt;ARXIV/UDH3/Vfp98/Wizards/Template/Service Call Management/Data;workorders.fpt;.fpt;1085;1998-05-24 19:00:00;;;ok
ARXIV/UDH3/Vfp98/Wizards/Template/Students And Classes/MSCREATE.DIR;ARXIV/UDH3/Vfp98/Wizards/Template/Students And Classes;MSCREATE.DIR;.dir;0;2004-07-20 18:09:22;;;ok
ARXIV/UDH3/Vfp98/Wizards/Template/Students And Classes/Data/CLASSES.CDX;ARXIV/UDH3/Vfp98/Wizards/Template/Students And Classes/Data;CLASSES.CDX;.cdx;10752;1998-05-24 19:00:00;;;ok
ARXIV/UDH3/Vfp98/Wizards/Template/Students And Classes/Data/CLASSES.DBF;ARXIV/UDH3/Vfp98/Wizards/Template/Students And Classes/Data;CLASSES.DBF;.dbf;1126;1998-05-24 19:00:00;DBF;Visual FoxPro;ok
ARXIV/UDH3/Vfp98/Wizards/Template/Students And Classes/Data/CLASSES.FPT;ARXIV/UDH3/Vfp98/Wizards/Template/Students And Classes/Data;CLASSES.FPT;.fpt;704;1998-05-24 19:00:00;;;ok
ARXIV/UDH3/Vfp98/Wizards/Template/Students And Classes/Data/MSCREATE.DIR;ARXIV/UDH3/Vfp98/Wizards/Template/Students And Classes/Data;MSCREATE.DIR;.dir;0;2004-07-20 18:09:22;;;ok
ARXIV/UDH3/Vfp98/Wizards/Template/Students And Classes/Data/RESULTS.CDX;ARXIV/UDH3/Vfp98/Wizards/Template/Students And Classes/Data;RESULTS.CDX;.cdx;9216;1998-05-24 19:00:00;;;ok
ARXIV/UDH3/Vfp98/Wizards/Template/Students And Classes/Data/RESULTS.DBF;ARXIV/UDH3/Vfp98/Wizards/Template/Students And Classes/Data;RESULTS.DBF;.dbf;1997;1998-05-24 19:00:00;DBF;Visual FoxPro;ok
ARXIV/UDH3/Vfp98/Wizards/Template/Students And Classes/Data/STUDENTS AND CLASSES.DBC;ARXIV/UDH3/Vfp98/Wizards/Template/Students And Classes/Data;STUDENTS AND CLASSES.DBC;.dbc;16887;1998-05-24 19:00:00;;;ok
ARXIV/UDH3/Vfp98/Wizards/Template/Students And Classes/Data/STUDENTS AND CLASSES.DCT;ARXIV/UDH3/Vfp98/Wizards/Template/Students And Classes/Data;STUDENTS AND CLASSES.DCT;.dct;17600;1998-05-24 19:00:00;;;ok
ARXIV/UDH3/Vfp98/Wizards/Template/Students And Classes/Data/STUDENTS AND CLASSES.DCX;ARXIV/UDH3/Vfp98/Wizards/Template/Students And Classes/Data;STUDENTS AND CLASSES.DCX;.dcx;7680;1998-05-24 19:00:00;;;ok
ARXIV/UDH3/Vfp98/Wizards/Template/Students And Classes/Data/STUDENTS.CDX;ARXIV/UDH3/Vfp98/Wizards/Template/Students And Classes/Data;STUDENTS.CDX;.cdx;7680;1998-05-24 19:00:00;;;ok
ARXIV/UDH3/Vfp98/Wizards/Template/Students And Classes/Data/STUDENTS.DBF;ARXIV/UDH3/Vfp98/Wizards/Template/Students And Classes/Data;STUDENTS.DBF;.dbf;3604;1998-05-24 19:00:00;DBF;Visual FoxPro;ok
ARXIV/UDH3/Vfp98/Wizards/Template/Students And Classes/Data/STUDENTS.FPT;ARXIV/UDH3/Vfp98/Wizards/Template/Students And Classes/Data;STUDENTS.FPT;.fpt;960;1998-05-24 19:00:00;;;ok
ARXIV/UDH3/Vfp98/Wizards/Template/Students And Classes/Data/assignments.cdx;ARXIV/UDH3/Vfp98/Wizards/Template/Students And Classes/Data;assignments.cdx;.cdx;6144;1998-05-24 19:00:00;;;ok
ARXIV/UDH3/Vfp98/Wizards/Template/Students And Classes/Data/assignments.dbf;ARXIV/UDH3/Vfp98/Wizards/Template/Students And Classes/Data;assignments.dbf;.dbf;909;1998-05-24 19:00:00;DBF;Visual FoxPro;ok
ARXIV/UDH3/Vfp98/Wizards/Template/Students And Classes/Data/assignments.fpt;ARXIV/UDH3/Vfp98/Wizards/Template/Students And Classes/Data;assignments.fpt;.fpt;1408;1998-05-24 19:00:00;;;ok
ARXIV/UDH3/Vfp98/Wizards/Template/Students And Classes/Data/departments.cdx;ARXIV/UDH3/Vfp98/Wizards/Template/Students And Classes/Data;departments.cdx;.cdx;4608;1998-05-24 19:00:00;;;ok
ARXIV/UDH3/Vfp98/Wizards/Template/Students And Classes/Data/departments.dbf;ARXIV/UDH3/Vfp98/Wizards/Template/Students And Classes/Data;departments.dbf;.dbf;1152;1998-05-24 19:00:00;DBF;Visual FoxPro;ok
ARXIV/UDH3/Vfp98/Wizards/Template/Students And Classes/Data/instructors.cdx;ARXIV/UDH3/Vfp98/Wizards/Template/Students And Classes/Data;instructors.cdx;.cdx;6144;1998-05-24 19:00:00;;;ok
ARXIV/UDH3/Vfp98/Wizards/Template/Students And Classes/Data/instructors.dbf;ARXIV/UDH3/Vfp98/Wizards/Template/Students And Classes/Data;instructors.dbf;.dbf;1282;1998-05-24 19:00:00;DBF;Visual FoxPro;ok
ARXIV/UDH3/Vfp98/Wizards/Template/Students And Classes/Data/students and classes.CDX;ARXIV/UDH3/Vfp98/Wizards/Template/Students And Classes/Data;students and classes.CDX;.cdx;9216;1998-05-24 19:00:00;;;ok
ARXIV/UDH3/Vfp98/Wizards/Template/Students And Classes/Data/students and classes.dbf;ARXIV/UDH3/Vfp98/Wizards/Template/Students And Classes/Data;students and classes.dbf;.dbf;1070;1998-05-24 19:00:00;DBF;Visual FoxPro;ok
ARXIV/UDH3/Vfp98/Wizards/Template/Time And Billing/MSCREATE.DIR;ARXIV/UDH3/Vfp98/Wizards/Template/Time And Billing;MSCREATE.DIR;.dir;0;2004-07-20 18:09:22;;;ok
ARXIV/UDH3/Vfp98/Wizards/Template/Time And Billing/Data/CLIENTS.CDX;ARXIV/UDH3/Vfp98/Wizards/Template/Time And Billing/Data;CLIENTS.CDX;.cdx;9216;1998-05-24 19:00:00;;;ok
ARXIV/UDH3/Vfp98/Wizards/Template/Time And Billing/Data/CLIENTS.DBF;ARXIV/UDH3/Vfp98/Wizards/Template/Time And Billing/Data;CLIENTS.DBF;.dbf;1667;1998-05-24 19:00:00;DBF;Visual FoxPro;ok
ARXIV/UDH3/Vfp98/Wizards/Template/Time And Billing/Data/CLIENTS.FPT;ARXIV/UDH3/Vfp98/Wizards/Template/Time And Billing/Data;CLIENTS.FPT;.fpt;640;1998-05-24 19:00:00;;;ok
ARXIV/UDH3/Vfp98/Wizards/Template/Time And Billing/Data/MSCREATE.DIR;ARXIV/UDH3/Vfp98/Wizards/Template/Time And Billing/Data;MSCREATE.DIR;.dir;0;2004-07-20 18:09:22;;;ok
ARXIV/UDH3/Vfp98/Wizards/Template/Time And Billing/Data/PAYMENTS.CDX;ARXIV/UDH3/Vfp98/Wizards/Template/Time And Billing/Data;PAYMENTS.CDX;.cdx;9216;1998-05-24 19:00:00;;;ok
ARXIV/UDH3/Vfp98/Wizards/Template/Time And Billing/Data/PAYMENTS.DBF;ARXIV/UDH3/Vfp98/Wizards/Template/Time And Billing/Data;PAYMENTS.DBF;.dbf;1362;1998-05-24 19:00:00;DBF;Visual FoxPro;ok
ARXIV/UDH3/Vfp98/Wizards/Template/Time And Billing/Data/PROJECTS.CDX;ARXIV/UDH3/Vfp98/Wizards/Template/Time And Billing/Data;PROJECTS.CDX;.cdx;10752;1998-05-24 19:00:00;;;ok
ARXIV/UDH3/Vfp98/Wizards/Template/Time And Billing/Data/PROJECTS.DBF;ARXIV/UDH3/Vfp98/Wizards/Template/Time And Billing/Data;PROJECTS.DBF;.dbf;1109;1998-05-24 19:00:00;DBF;Visual FoxPro;ok
ARXIV/UDH3/Vfp98/Wizards/Template/Time And Billing/Data/PROJECTS.FPT;ARXIV/UDH3/Vfp98/Wizards/Template/Time And Billing/Data;PROJECTS.FPT;.fpt;768;1998-05-24 19:00:00;;;ok
ARXIV/UDH3/Vfp98/Wizards/Template/Time And Billing/Data/TIME AND BILLING.DBC;ARXIV/UDH3/Vfp98/Wizards/Template/Time And Billing/Data;TIME AND BILLING.DBC;.dbc;26127;1998-05-24 19:00:00;;;ok
ARXIV/UDH3/Vfp98/Wizards/Template/Time And Billing/Data/TIME AND BILLING.DCT;ARXIV/UDH3/Vfp98/Wizards/Template/Time And Billing/Data;TIME AND BILLING.DCT;.dct;27840;1998-05-24 19:00:00;;;ok
ARXIV/UDH3/Vfp98/Wizards/Template/Time And Billing/Data/TIME AND BILLING.DCX;ARXIV/UDH3/Vfp98/Wizards/Template/Time And Billing/Data;TIME AND BILLING.DCX;.dcx;9728;1998-05-24 19:00:00;;;ok
ARXIV/UDH3/Vfp98/Wizards/Template/Time And Billing/Data/employees.cdx;ARXIV/UDH3/Vfp98/Wizards/Template/Time And Billing/Data;employees.cdx;.cdx;7680;1998-05-24 19:00:00;;;ok
ARXIV/UDH3/Vfp98/Wizards/Template/Time And Billing/Data/employees.dbf;ARXIV/UDH3/Vfp98/Wizards/Template/Time And Billing/Data;employees.dbf;.dbf;3204;1998-05-24 19:00:00;DBF;Visual FoxPro;ok
ARXIV/UDH3/Vfp98/Wizards/Template/Time And Billing/Data/employees.fpt;ARXIV/UDH3/Vfp98/Wizards/Template/Time And Billing/Data;employees.fpt;.fpt;832;1998-05-24 19:00:00;;;ok
ARXIV/UDH3/Vfp98/Wizards/Template/Time And Billing/Data/expense codes.CDX;ARXIV/UDH3/Vfp98/Wizards/Template/Time And Billing/Data;expense codes.CDX;.cdx;3072;1998-05-24 19:00:00;;;ok
ARXIV/UDH3/Vfp98/Wizards/Template/Time And Billing/Data/expense codes.dbf;ARXIV/UDH3/Vfp98/Wizards/Template/Time And Billing/Data;expense codes.dbf;.dbf;573;1998-05-24 19:00:00;DBF;Visual FoxPro;ok
ARXIV/UDH3/Vfp98/Wizards/Template/Time And Billing/Data/my company information.CDX;ARXIV/UDH3/Vfp98/Wizards/Template/Time And Billing/Data;my company information.CDX;.cdx;7680;1998-05-24 19:00:00;;;ok
ARXIV/UDH3/Vfp98/Wizards/Template/Time And Billing/Data/my company information.FPT;ARXIV/UDH3/Vfp98/Wizards/Template/Time And Billing/Data;my company information.FPT;.fpt;704;1998-05-24 19:00:00;;;ok
ARXIV/UDH3/Vfp98/Wizards/Template/Time And Billing/Data/my company information.dbf;ARXIV/UDH3/Vfp98/Wizards/Template/Time And Billing/Data;my company information.dbf;.dbf;950;1998-05-24 19:00:00;DBF;Visual FoxPro;ok
ARXIV/UDH3/Vfp98/Wizards/Template/Time And Billing/Data/payment methods.CDX;ARXIV/UDH3/Vfp98/Wizards/Template/Time And Billing/Data;payment methods.CDX;.cdx;3072;1998-05-24 19:00:00;;;ok
ARXIV/UDH3/Vfp98/Wizards/Template/Time And Billing/Data/payment methods.dbf;ARXIV/UDH3/Vfp98/Wizards/Template/Time And Billing/Data;payment methods.dbf;.dbf;653;1998-05-24 19:00:00;DBF;Visual FoxPro;ok
ARXIV/UDH3/Vfp98/Wizards/Template/Time And Billing/Data/time card expenses.CDX;ARXIV/UDH3/Vfp98/Wizards/Template/Time And Billing/Data;time card expenses.CDX;.cdx;12288;1998-05-24 19:00:00;;;ok
ARXIV/UDH3/Vfp98/Wizards/Template/Time And Billing/Data/time card expenses.FPT;ARXIV/UDH3/Vfp98/Wizards/Template/Time And Billing/Data;time card expenses.FPT;.fpt;1024;1998-05-24 19:00:00;;;ok
ARXIV/UDH3/Vfp98/Wizards/Template/Time And Billing/Data/time card expenses.dbf;ARXIV/UDH3/Vfp98/Wizards/Template/Time And Billing/Data;time card expenses.dbf;.dbf;857;1998-05-24 19:00:00;DBF;Visual FoxPro;ok
ARXIV/UDH3/Vfp98/Wizards/Template/Time And Billing/Data/time card hours.CDX;ARXIV/UDH3/Vfp98/Wizards/Template/Time And Billing/Data;time card hours.CDX;.cdx;13824;1998-05-24 19:00:00;;;ok
ARXIV/UDH3/Vfp98/Wizards/Template/Time And Billing/Data/time card hours.FPT;ARXIV/UDH3/Vfp98/Wizards/Template/Time And Billing/Data;time card hours.FPT;.fpt;1856;1998-05-24 19:00:00;;;ok
ARXIV/UDH3/Vfp98/Wizards/Template/Time And Billing/Data/time card hours.dbf;ARXIV/UDH3/Vfp98/Wizards/Template/Time And Billing/Data;time card hours.dbf;.dbf;1551;1998-05-24 19:00:00;DBF;Visual FoxPro;ok
ARXIV/UDH3/Vfp98/Wizards/Template/Time And Billing/Data/time cards.CDX;ARXIV/UDH3/Vfp98/Wizards/Template/Time And Billing/Data;time cards.CDX;.cdx;6144;1998-05-24 19:00:00;;;ok
ARXIV/UDH3/Vfp98/Wizards/Template/Time And Billing/Data/time cards.dbf;ARXIV/UDH3/Vfp98/Wizards/Template/Time And Billing/Data;time cards.dbf;.dbf;515;1998-05-24 19:00:00;DBF;Visual FoxPro;ok
ARXIV/UDH3/Vfp98/Wizards/Template/Time And Billing/Data/work codes.CDX;ARXIV/UDH3/Vfp98/Wizards/Template/Time And Billing/Data;work codes.CDX;.cdx;3072;1998-05-24 19:00:00;;;ok
ARXIV/UDH3/Vfp98/Wizards/Template/Time And Billing/Data/work codes.dbf;ARXIV/UDH3/Vfp98/Wizards/Template/Time And Billing/Data;work codes.dbf;.dbf;573;1998-05-24 19:00:00;DBF;Visual FoxPro;ok
ARXIV/UDH3/Vfp98/Wizards/Template/Video Collection/MSCREATE.DIR;ARXIV/UDH3/Vfp98/Wizards/Template/Video Collection;MSCREATE.DIR;.dir;0;2004-07-20 18:09:22;;;ok
ARXIV/UDH3/Vfp98/Wizards/Template/Video Collection/Data/ACTORS.CDX;ARXIV/UDH3/Vfp98/Wizards/Template/Video Collection/Data;ACTORS.CDX;.cdx;4608;1998-05-24 19:00:00;;;ok
ARXIV/UDH3/Vfp98/Wizards/Template/Video Collection/Data/ACTORS.DBF;ARXIV/UDH3/Vfp98/Wizards/Template/Video Collection/Data;ACTORS.DBF;.dbf;1781;1998-05-24 19:00:00;DBF;Visual FoxPro;ok
ARXIV/UDH3/Vfp98/Wizards/Template/Video Collection/Data/MSCREATE.DIR;ARXIV/UDH3/Vfp98/Wizards/Template/Video Collection/Data;MSCREATE.DIR;.dir;0;2004-07-20 18:09:22;;;ok
ARXIV/UDH3/Vfp98/Wizards/Template/Video Collection/Data/VIDEO COLLECTION.DBC;ARXIV/UDH3/Vfp98/Wizards/Template/Video Collection/Data;VIDEO COLLECTION.DBC;.dbc;9462;1998-05-24 19:00:00;;;ok
ARXIV/UDH3/Vfp98/Wizards/Template/Video Collection/Data/VIDEO COLLECTION.DCT;ARXIV/UDH3/Vfp98/Wizards/Template/Video Collection/Data;VIDEO COLLECTION.DCT;.dct;9408;1998-05-24 19:00:00;;;ok
ARXIV/UDH3/Vfp98/Wizards/Template/Video Collection/Data/VIDEO COLLECTION.DCX;ARXIV/UDH3/Vfp98/Wizards/Template/Video Collection/Data;VIDEO COLLECTION.DCX;.dcx;5632;1998-05-24 19:00:00;;;ok
ARXIV/UDH3/Vfp98/Wizards/Template/Video Collection/Data/program types.CDX;ARXIV/UDH3/Vfp98/Wizards/Template/Video Collection/Data;program types.CDX;.cdx;3072;1998-05-24 19:00:00;;;ok
ARXIV/UDH3/Vfp98/Wizards/Template/Video Collection/Data/program types.dbf;ARXIV/UDH3/Vfp98/Wizards/Template/Video Collection/Data;program types.dbf;.dbf;746;1998-05-24 19:00:00;DBF;Visual FoxPro;ok
ARXIV/UDH3/Vfp98/Wizards/Template/Video Collection/Data/programactorjoin.cdx;ARXIV/UDH3/Vfp98/Wizards/Template/Video Collection/Data;programactorjoin.cdx;.cdx;9216;1998-05-24 19:00:00;;;ok
ARXIV/UDH3/Vfp98/Wizards/Template/Video Collection/Data/programactorjoin.dbf;ARXIV/UDH3/Vfp98/Wizards/Template/Video Collection/Data;programactorjoin.dbf;.dbf;536;1998-05-24 19:00:00;DBF;Visual FoxPro;ok
ARXIV/UDH3/Vfp98/Wizards/Template/Video Collection/Data/video programs.CDX;ARXIV/UDH3/Vfp98/Wizards/Template/Video Collection/Data;video programs.CDX;.cdx;12288;1998-05-24 19:00:00;;;ok
ARXIV/UDH3/Vfp98/Wizards/Template/Video Collection/Data/video programs.FPT;ARXIV/UDH3/Vfp98/Wizards/Template/Video Collection/Data;video programs.FPT;.fpt;1664;1998-05-24 19:00:00;;;ok
ARXIV/UDH3/Vfp98/Wizards/Template/Video Collection/Data/video programs.dbf;ARXIV/UDH3/Vfp98/Wizards/Template/Video Collection/Data;video programs.dbf;.dbf;2559;1998-05-24 19:00:00;DBF;Visual FoxPro;ok
ARXIV/UDH3/Vfp98/Wizards/Template/Video Collection/Data/videotapes.cdx;ARXIV/UDH3/Vfp98/Wizards/Template/Video Collection/Data;videotapes.cdx;.cdx;3072;1998-05-24 19:00:00;;;ok
ARXIV/UDH3/Vfp98/Wizards/Template/Video Collection/Data/videotapes.dbf;ARXIV/UDH3/Vfp98/Wizards/Template/Video Collection/Data;videotapes.dbf;.dbf;406;1998-05-24 19:00:00;DBF;Visual FoxPro;ok
ARXIV/UDH3/Vfp98/Wizards/Template/Video Collection/Data/videotapes.fpt;ARXIV/UDH3/Vfp98/Wizards/Template/Video Collection/Data;videotapes.fpt;.fpt;832;1998-05-24 19:00:00;;;ok
ARXIV/UDH3/Vfp98/Wizards/Template/Wine List/MSCREATE.DIR;ARXIV/UDH3/Vfp98/Wizards/Template/Wine List;MSCREATE.DIR;.dir;0;2004-07-20 18:09:22;;;ok
ARXIV/UDH3/Vfp98/Wizards/Template/Wine List/Data/MSCREATE.DIR;ARXIV/UDH3/Vfp98/Wizards/Template/Wine List/Data;MSCREATE.DIR;.dir;0;2004-07-20 18:09:22;;;ok
ARXIV/UDH3/Vfp98/Wizards/Template/Wine List/Data/WINE LIST.DBC;ARXIV/UDH3/Vfp98/Wizards/Template/Wine List/Data;WINE LIST.DBC;.dbc;7152;1998-05-24 19:00:00;;;ok
ARXIV/UDH3/Vfp98/Wizards/Template/Wine List/Data/WINE LIST.DCT;ARXIV/UDH3/Vfp98/Wizards/Template/Wine List/Data;WINE LIST.DCT;.dct;7424;1998-05-24 19:00:00;;;ok
ARXIV/UDH3/Vfp98/Wizards/Template/Wine List/Data/WINE LIST.DCX;ARXIV/UDH3/Vfp98/Wizards/Template/Wine List/Data;WINE LIST.DCX;.dcx;5632;1998-05-24 19:00:00;;;ok
ARXIV/UDH3/Vfp98/Wizards/Template/Wine List/Data/wine list.CDX;ARXIV/UDH3/Vfp98/Wizards/Template/Wine List/Data;wine list.CDX;.cdx;7680;1998-05-24 19:00:00;;;ok
ARXIV/UDH3/Vfp98/Wizards/Template/Wine List/Data/wine list.FPT;ARXIV/UDH3/Vfp98/Wizards/Template/Wine List/Data;wine list.FPT;.fpt;1024;1998-05-24 19:00:00;;;ok
ARXIV/UDH3/Vfp98/Wizards/Template/Wine List/Data/wine list.dbf;ARXIV/UDH3/Vfp98/Wizards/Template/Wine List/Data;wine list.dbf;.dbf;2220;1998-05-24 19:00:00;DBF;Visual FoxPro;ok
ARXIV/UDH3/Vfp98/Wizards/Template/Wine List/Data/wine purchases.CDX;ARXIV/UDH3/Vfp98/Wizards/Template/Wine List/Data;wine purchases.CDX;.cdx;6144;1998-05-24 19:00:00;;;ok
ARXIV/UDH3/Vfp98/Wizards/Template/Wine List/Data/wine purchases.FPT;ARXIV/UDH3/Vfp98/Wizards/Template/Wine List/Data;wine purchases.FPT;.fpt;704;1998-05-24 19:00:00;;;ok
ARXIV/UDH3/Vfp98/Wizards/Template/Wine List/Data/wine purchases.dbf;ARXIV/UDH3/Vfp98/Wizards/Template/Wine List/Data;wine purchases.dbf;.dbf;3023;1998-05-24 19:00:00;DBF;Visual FoxPro;ok
ARXIV/UDH3/Vfp98/Wizards/Template/Wine List/Data/wine types.CDX;ARXIV/UDH3/Vfp98/Wizards/Template/Wine List/Data;wine types.CDX;.cdx;3072;1998-05-24 19:00:00;;;ok
ARXIV/UDH3/Vfp98/Wizards/Template/Wine List/Data/wine types.dbf;ARXIV/UDH3/Vfp98/Wizards/Template/Wine List/Data;wine types.dbf;.dbf;581;1998-05-24 19:00:00;DBF;Visual FoxPro;ok
ARXIV/UDH3/Vfp98/Wizards/Template/Workout/MSCREATE.DIR;ARXIV/UDH3/Vfp98/Wizards/Template/Workout;MSCREATE.DIR;.dir;0;2004-07-20 18:09:22;;;ok
ARXIV/UDH3/Vfp98/Wizards/Template/Workout/Data/MSCREATE.DIR;ARXIV/UDH3/Vfp98/Wizards/Template/Workout/Data;MSCREATE.DIR;.dir;0;2004-07-20 18:09:22;;;ok
ARXIV/UDH3/Vfp98/Wizards/Template/Workout/Data/UNITS.CDX;ARXIV/UDH3/Vfp98/Wizards/Template/Workout/Data;UNITS.CDX;.cdx;3072;1998-05-24 19:00:00;;;ok
ARXIV/UDH3/Vfp98/Wizards/Template/Workout/Data/UNITS.DBF;ARXIV/UDH3/Vfp98/Wizards/Template/Workout/Data;UNITS.DBF;.dbf;536;1998-05-24 19:00:00;DBF;Visual FoxPro;ok
ARXIV/UDH3/Vfp98/Wizards/Template/Workout/Data/WORKOUT.DBC;ARXIV/UDH3/Vfp98/Wizards/Template/Workout/Data;WORKOUT.DBC;.dbc;9792;1998-05-24 19:00:00;;;ok
ARXIV/UDH3/Vfp98/Wizards/Template/Workout/Data/WORKOUT.DCT;ARXIV/UDH3/Vfp98/Wizards/Template/Workout/Data;WORKOUT.DCT;.dct;8896;1998-05-24 19:00:00;;;ok
ARXIV/UDH3/Vfp98/Wizards/Template/Workout/Data/WORKOUT.DCX;ARXIV/UDH3/Vfp98/Wizards/Template/Workout/Data;WORKOUT.DCX;.dcx;5632;1998-05-24 19:00:00;;;ok
ARXIV/UDH3/Vfp98/Wizards/Template/Workout/Data/WORKOUTS.CDX;ARXIV/UDH3/Vfp98/Wizards/Template/Workout/Data;WORKOUTS.CDX;.cdx;3072;1998-05-24 19:00:00;;;ok
ARXIV/UDH3/Vfp98/Wizards/Template/Workout/Data/WORKOUTS.DBF;ARXIV/UDH3/Vfp98/Wizards/Template/Workout/Data;WORKOUTS.DBF;.dbf;478;1998-05-24 19:00:00;DBF;Visual FoxPro;ok
ARXIV/UDH3/Vfp98/Wizards/Template/Workout/Data/WORKOUTS.FPT;ARXIV/UDH3/Vfp98/Wizards/Template/Workout/Data;WORKOUTS.FPT;.fpt;832;1998-05-24 19:00:00;;;ok
ARXIV/UDH3/Vfp98/Wizards/Template/Workout/Data/exercise types.CDX;ARXIV/UDH3/Vfp98/Wizards/Template/Workout/Data;exercise types.CDX;.cdx;3072;1998-05-24 19:00:00;;;ok
ARXIV/UDH3/Vfp98/Wizards/Template/Workout/Data/exercise types.dbf;ARXIV/UDH3/Vfp98/Wizards/Template/Workout/Data;exercise types.dbf;.dbf;581;1998-05-24 19:00:00;DBF;Visual FoxPro;ok
ARXIV/UDH3/Vfp98/Wizards/Template/Workout/Data/exercises.cdx;ARXIV/UDH3/Vfp98/Wizards/Template/Workout/Data;exercises.cdx;.cdx;10752;1998-05-24 19:00:00;;;ok
ARXIV/UDH3/Vfp98/Wizards/Template/Workout/Data/exercises.dbf;ARXIV/UDH3/Vfp98/Wizards/Template/Workout/Data;exercises.dbf;.dbf;2373;1998-05-24 19:00:00;DBF;Visual FoxPro;ok
ARXIV/UDH3/Vfp98/Wizards/Template/Workout/Data/exercises.fpt;ARXIV/UDH3/Vfp98/Wizards/Template/Workout/Data;exercises.fpt;.fpt;3008;1998-05-24 19:00:00;;;ok
ARXIV/UDH3/Vfp98/Wizards/Template/Workout/Data/workout details.CDX;ARXIV/UDH3/Vfp98/Wizards/Template/Workout/Data;workout details.CDX;.cdx;12288;1998-05-24 19:00:00;;;ok
ARXIV/UDH3/Vfp98/Wizards/Template/Workout/Data/workout details.dbf;ARXIV/UDH3/Vfp98/Wizards/Template/Workout/Data;workout details.dbf;.dbf;1669;1998-05-24 19:00:00;DBF;Visual FoxPro;ok
ARXIV/UDH3/Vfp98/Wizards/Template/Workout/Data/workout history.CDX;ARXIV/UDH3/Vfp98/Wizards/Template/Workout/Data;workout history.CDX;.cdx;7680;1998-05-24 19:00:00;;;ok
ARXIV/UDH3/Vfp98/Wizards/Template/Workout/Data/workout history.FPT;ARXIV/UDH3/Vfp98/Wizards/Template/Workout/Data;workout history.FPT;.fpt;832;1998-05-24 19:00:00;;;ok
ARXIV/UDH3/Vfp98/Wizards/Template/Workout/Data/workout history.dbf;ARXIV/UDH3/Vfp98/Wizards/Template/Workout/Data;workout history.dbf;.dbf;551;1998-05-24 19:00:00;DBF;Visual FoxPro;ok
ARXIV/UDH3/Vfp98/Wizards/Wizbmps/MSCREATE.DIR;ARXIV/UDH3/Vfp98/Wizards/Wizbmps;MSCREATE.DIR;.dir;0;2004-07-20 18:09:26;;;ok
ARXIV/UDH3/Vfp98/Wizards/Wizbmps/WZBACK.BMP;ARXIV/UDH3/Vfp98/Wizards/Wizbmps;WZBACK.BMP;.bmp;358;1998-05-24 19:00:00;;;ok
ARXIV/UDH3/Vfp98/Wizards/Wizbmps/WZCLOSE.BMP;ARXIV/UDH3/Vfp98/Wizards/Wizbmps;WZCLOSE.BMP;.bmp;358;1998-05-24 19:00:00;;;ok
ARXIV/UDH3/Vfp98/Wizards/Wizbmps/WZDELETE.BMP;ARXIV/UDH3/Vfp98/Wizards/Wizbmps;WZDELETE.BMP;.bmp;358;1998-05-24 19:00:00;;;ok
ARXIV/UDH3/Vfp98/Wizards/Wizbmps/WZEDIT.BMP;ARXIV/UDH3/Vfp98/Wizards/Wizbmps;WZEDIT.BMP;.bmp;358;1998-05-24 19:00:00;;;ok
ARXIV/UDH3/Vfp98/Wizards/Wizbmps/WZEND.BMP;ARXIV/UDH3/Vfp98/Wizards/Wizbmps;WZEND.BMP;.bmp;358;1998-05-24 19:00:00;;;ok
ARXIV/UDH3/Vfp98/Wizards/Wizbmps/WZLOCATE.BMP;ARXIV/UDH3/Vfp98/Wizards/Wizbmps;WZLOCATE.BMP;.bmp;358;1998-05-24 19:00:00;;;ok
ARXIV/UDH3/Vfp98/Wizards/Wizbmps/WZNEW.BMP;ARXIV/UDH3/Vfp98/Wizards/Wizbmps;WZNEW.BMP;.bmp;358;1998-05-24 19:00:00;;;ok
ARXIV/UDH3/Vfp98/Wizards/Wizbmps/WZNEXT.BMP;ARXIV/UDH3/Vfp98/Wizards/Wizbmps;WZNEXT.BMP;.bmp;358;1998-05-24 19:00:00;;;ok
ARXIV/UDH3/Vfp98/Wizards/Wizbmps/WZPRINT.BMP;ARXIV/UDH3/Vfp98/Wizards/Wizbmps;WZPRINT.BMP;.bmp;358;1998-05-24 19:00:00;;;ok
ARXIV/UDH3/Vfp98/Wizards/Wizbmps/WZSAVE.BMP;ARXIV/UDH3/Vfp98/Wizards/Wizbmps;WZSAVE.BMP;.bmp;358;1998-05-24 19:00:00;;;ok
ARXIV/UDH3/Vfp98/Wizards/Wizbmps/WZTOP.BMP;ARXIV/UDH3/Vfp98/Wizards/Wizbmps;WZTOP.BMP;.bmp;358;1998-05-24 19:00:00;;;ok
ARXIV/UDH3/Vfp98/Wizards/Wizbmps/WZUNDO.BMP;ARXIV/UDH3/Vfp98/Wizards/Wizbmps;WZUNDO.BMP;.bmp;358;1998-05-24 19:00:00;;;ok
Qeydiyyat/Buzovna.xlsm;Qeydiyyat;Buzovna.xlsm;.xlsm;4797611;2026-07-30 08:23:09;Excel;xlsx;ok
Qeydiyyat/Pirsagi-Kurdexani.xlsx;Qeydiyyat;Pirsagi-Kurdexani.xlsx;.xlsx;61452;2026-07-30 08:36:58;Excel;xlsx;ok
Qeydiyyat/Şəhadətnamə yüklülüyü Şifrə(88888).xlsx;Qeydiyyat;Şəhadətnamə yüklülüyü Şifrə(88888).xlsx;.xlsx;381440;2026-07-30 08:21:48;Excel;OLE2, зашифрован;зашифрован паролем, структура недоступна (книга xlsx под паролем)
Qeydiyyat/Şəhadətnamələrin siyahısı.xlsx;Qeydiyyat;Şəhadətnamələrin siyahısı.xlsx;.xlsx;7469642;2026-07-30 08:22:39;Excel;xlsx;ok
