Путь;Имя файла;№ листа;Имя листа;Видимость;Строка заголовка;№ колонки;Буква колонки;Заголовок колонки
ARXIV/BAğ-HESABAT(Bağçılığlar).xls;BAğ-HESABAT(Bağçılığlar).xls;1;Лист1;visible;1;1;A;S/S
ARXIV/BAğ-HESABAT(Bağçılığlar).xls;BAğ-HESABAT(Bağçılığlar).xls;1;Лист1;visible;1;2;B;Bağçılığın adı
ARXIV/BAğ-HESABAT(Bağçılığlar).xls;BAğ-HESABAT(Bağçılığlar).xls;1;Лист1;visible;1;3;C;Qovluqdakı sənədlər (Tarixi)
ARXIV/BAğ-HESABAT(Bağçılığlar).xls;BAğ-HESABAT(Bağçılığlar).xls;1;Лист1;visible;1;4;D;Siyahılar və tarixi
ARXIV/BAğ-HESABAT(Bağçılığlar).xls;BAğ-HESABAT(Bağçılığlar).xls;1;Лист1;visible;1;5;E;Siyahıda olan vətəndaşların sayı
ARXIV/BAğ-HESABAT(Bağçılığlar).xls;BAğ-HESABAT(Bağçılığlar).xls;1;Лист1;visible;1;6;F;Qeyd
ARXIV/BAğ-HESABAT(Bağçılığlar).xls;BAğ-HESABAT(Bağçılığlar).xls;1;Лист1;visible;1;7;G;Bağ massivinin adı
ARXIV/BAğ-HESABAT(Bağçılığlar).xls;BAğ-HESABAT(Bağçılığlar).xls;2;Лист2;visible;2;1;A;Bağçılığın adı
ARXIV/BAğ-HESABAT(Bağçılığlar).xls;BAğ-HESABAT(Bağçılığlar).xls;2;Лист2;visible;2;2;B;Qovluqdakı sənədlər (Tarixi)
ARXIV/BAğ-HESABAT(Bağçılığlar).xls;BAğ-HESABAT(Bağçılığlar).xls;2;Лист2;visible;2;3;C;Siyahılar və tarixi
ARXIV/BAğ-HESABAT(Bağçılığlar).xls;BAğ-HESABAT(Bağçılığlar).xls;2;Лист2;visible;2;4;D;Siyahıda olan vətəndaşların sayı
ARXIV/BAğ-HESABAT(Bağçılığlar).xls;BAğ-HESABAT(Bağçılığlar).xls;2;Лист2;visible;2;5;E;Qeyd
ARXIV/Ozallasma-abş-reg- yeni.xls;Ozallasma-abş-reg- yeni.xls;1;Baki-auksion;visible;1;1;A;Sıra №-si
ARXIV/Ozallasma-abş-reg- yeni.xls;Ozallasma-abş-reg- yeni.xls;1;Baki-auksion;visible;1;2;B;Rayon
ARXIV/Ozallasma-abş-reg- yeni.xls;Ozallasma-abş-reg- yeni.xls;1;Baki-auksion;visible;1;3;C;Obyektin adı
ARXIV/Ozallasma-abş-reg- yeni.xls;Ozallasma-abş-reg- yeni.xls;1;Baki-auksion;visible;1;4;D;Fiziki şəxsin adı
ARXIV/Ozallasma-abş-reg- yeni.xls;Ozallasma-abş-reg- yeni.xls;1;Baki-auksion;visible;1;5;E;Ünvanı
ARXIV/Ozallasma-abş-reg- yeni.xls;Ozallasma-abş-reg- yeni.xls;1;Baki-auksion;visible;1;6;F;Şəhadətnamə
ARXIV/Ozallasma-abş-reg- yeni.xls;Ozallasma-abş-reg- yeni.xls;1;Baki-auksion;visible;1;7;G;Qovluq
ARXIV/Ozallasma-abş-reg- yeni.xls;Ozallasma-abş-reg- yeni.xls;1;Baki-auksion;visible;1;8;H;Səhifə
ARXIV/Ozallasma-abş-reg- yeni.xls;Ozallasma-abş-reg- yeni.xls;2;Q,yas-icara;visible;1;1;A;№
ARXIV/Ozallasma-abş-reg- yeni.xls;Ozallasma-abş-reg- yeni.xls;2;Q,yas-icara;visible;1;2;B;Rayonun adı
ARXIV/Ozallasma-abş-reg- yeni.xls;Ozallasma-abş-reg- yeni.xls;2;Q,yas-icara;visible;1;3;C;Obyektin adı
ARXIV/Ozallasma-abş-reg- yeni.xls;Ozallasma-abş-reg- yeni.xls;2;Q,yas-icara;visible;1;4;D;Sahəsi
ARXIV/Ozallasma-abş-reg- yeni.xls;Ozallasma-abş-reg- yeni.xls;2;Q,yas-icara;visible;1;5;E;Unvan
ARXIV/Ozallasma-abş-reg- yeni.xls;Ozallasma-abş-reg- yeni.xls;2;Q,yas-icara;visible;1;6;F;şəhadətnamə №
ARXIV/Ozallasma-abş-reg- yeni.xls;Ozallasma-abş-reg- yeni.xls;2;Q,yas-icara;visible;1;7;G;Qovluq
ARXIV/Ozallasma-abş-reg- yeni.xls;Ozallasma-abş-reg- yeni.xls;2;Q,yas-icara;visible;1;8;H;səhifə
ARXIV/Ozallasma-abş-reg- yeni.xls;Ozallasma-abş-reg- yeni.xls;3;Dub-Sah-al-Baki;visible;1;1;A;Sıra №-si
ARXIV/Ozallasma-abş-reg- yeni.xls;Ozallasma-abş-reg- yeni.xls;3;Dub-Sah-al-Baki;visible;1;2;B;Rayon
ARXIV/Ozallasma-abş-reg- yeni.xls;Ozallasma-abş-reg- yeni.xls;3;Dub-Sah-al-Baki;visible;1;3;C;Obyektin adı
ARXIV/Ozallasma-abş-reg- yeni.xls;Ozallasma-abş-reg- yeni.xls;3;Dub-Sah-al-Baki;visible;1;4;D;Fiziki şəxsin adı
ARXIV/Ozallasma-abş-reg- yeni.xls;Ozallasma-abş-reg- yeni.xls;3;Dub-Sah-al-Baki;visible;1;5;E;Ünvanı
ARXIV/Ozallasma-abş-reg- yeni.xls;Ozallasma-abş-reg- yeni.xls;3;Dub-Sah-al-Baki;visible;1;6;F;Şəhadətnamə №-si
ARXIV/Ozallasma-abş-reg- yeni.xls;Ozallasma-abş-reg- yeni.xls;3;Dub-Sah-al-Baki;visible;1;7;G;Qovluq
ARXIV/Ozallasma-abş-reg- yeni.xls;Ozallasma-abş-reg- yeni.xls;3;Dub-Sah-al-Baki;visible;1;8;H;Səhifə
ARXIV/Ozallasma-abş-reg- yeni.xls;Ozallasma-abş-reg- yeni.xls;4;Torpaq;visible;1;1;A;Sıra
ARXIV/Ozallasma-abş-reg- yeni.xls;Ozallasma-abş-reg- yeni.xls;4;Torpaq;visible;1;2;B;Rayonun adı
ARXIV/Ozallasma-abş-reg- yeni.xls;Ozallasma-abş-reg- yeni.xls;4;Torpaq;visible;1;3;C;Alıcının adı
ARXIV/Ozallasma-abş-reg- yeni.xls;Ozallasma-abş-reg- yeni.xls;4;Torpaq;visible;1;4;D;Obyektin adı
ARXIV/Ozallasma-abş-reg- yeni.xls;Ozallasma-abş-reg- yeni.xls;4;Torpaq;visible;1;5;E;Torpaq sahəsi (kv.m.)
ARXIV/Ozallasma-abş-reg- yeni.xls;Ozallasma-abş-reg- yeni.xls;4;Torpaq;visible;1;6;F;Ünvanı
ARXIV/Ozallasma-abş-reg- yeni.xls;Ozallasma-abş-reg- yeni.xls;4;Torpaq;visible;1;7;G;Şəhadətnamə №-si
ARXIV/Ozallasma-abş-reg- yeni.xls;Ozallasma-abş-reg- yeni.xls;4;Torpaq;visible;1;8;H;Qovluq
ARXIV/Ozallasma-abş-reg- yeni.xls;Ozallasma-abş-reg- yeni.xls;4;Torpaq;visible;1;9;I;Səhifə
ARXIV/Ozallasma-abş-reg- yeni.xls;Ozallasma-abş-reg- yeni.xls;5;Birge Mus.-BM;visible;1;1;A;Sıra №-si
ARXIV/Ozallasma-abş-reg- yeni.xls;Ozallasma-abş-reg- yeni.xls;5;Birge Mus.-BM;visible;1;2;B;Rayon
ARXIV/Ozallasma-abş-reg- yeni.xls;Ozallasma-abş-reg- yeni.xls;5;Birge Mus.-BM;visible;1;3;C;Şəhadətnamə verilir (Hüquqi şəxsi adı, fiziki şəxsin S.A.A.)
ARXIV/Ozallasma-abş-reg- yeni.xls;Ozallasma-abş-reg- yeni.xls;5;Birge Mus.-BM;visible;1;4;D;Əmlak
ARXIV/Ozallasma-abş-reg- yeni.xls;Ozallasma-abş-reg- yeni.xls;5;Birge Mus.-BM;visible;1;5;E;Ünvan
ARXIV/Ozallasma-abş-reg- yeni.xls;Ozallasma-abş-reg- yeni.xls;5;Birge Mus.-BM;visible;1;6;F;Şəhadətnamə
ARXIV/Ozallasma-abş-reg- yeni.xls;Ozallasma-abş-reg- yeni.xls;5;Birge Mus.-BM;visible;1;7;G;Qovluq
ARXIV/Ozallasma-abş-reg- yeni.xls;Ozallasma-abş-reg- yeni.xls;5;Birge Mus.-BM;visible;1;8;H;səhifə
ARXIV/Ozallasma-abş-reg- yeni.xls;Ozallasma-abş-reg- yeni.xls;6;Investisiya-sahadatnama;visible;1;1;A;Sıra №-si
ARXIV/Ozallasma-abş-reg- yeni.xls;Ozallasma-abş-reg- yeni.xls;6;Investisiya-sahadatnama;visible;1;2;B;Rayon
ARXIV/Ozallasma-abş-reg- yeni.xls;Ozallasma-abş-reg- yeni.xls;6;Investisiya-sahadatnama;visible;1;3;C;Şəhadətnamə verilir (Hüquqi şəxsi adı, fiziki şəxsin S.A.A.)
ARXIV/Ozallasma-abş-reg- yeni.xls;Ozallasma-abş-reg- yeni.xls;6;Investisiya-sahadatnama;visible;1;4;D;Əmlak
ARXIV/Ozallasma-abş-reg- yeni.xls;Ozallasma-abş-reg- yeni.xls;6;Investisiya-sahadatnama;visible;1;5;E;Ünvan
ARXIV/Ozallasma-abş-reg- yeni.xls;Ozallasma-abş-reg- yeni.xls;6;Investisiya-sahadatnama;visible;1;6;F;Şəhadətnamə
ARXIV/Ozallasma-abş-reg- yeni.xls;Ozallasma-abş-reg- yeni.xls;6;Investisiya-sahadatnama;visible;1;7;G;Qovluq
ARXIV/Ozallasma-abş-reg- yeni.xls;Ozallasma-abş-reg- yeni.xls;6;Investisiya-sahadatnama;visible;1;8;H;səhifə
ARXIV/Ozallasma-abş-reg- yeni.xls;Ozallasma-abş-reg- yeni.xls;7;Rayon-sah-alava;visible;1;1;A;Sıra №-si
ARXIV/Ozallasma-abş-reg- yeni.xls;Ozallasma-abş-reg- yeni.xls;7;Rayon-sah-alava;visible;1;2;B;Rayon
ARXIV/Ozallasma-abş-reg- yeni.xls;Ozallasma-abş-reg- yeni.xls;7;Rayon-sah-alava;visible;1;3;C;Obyektin adı
ARXIV/Ozallasma-abş-reg- yeni.xls;Ozallasma-abş-reg- yeni.xls;7;Rayon-sah-alava;visible;1;4;D;Fiziki şəxsin adı
ARXIV/Ozallasma-abş-reg- yeni.xls;Ozallasma-abş-reg- yeni.xls;7;Rayon-sah-alava;visible;1;5;E;Ünvanı
ARXIV/Ozallasma-abş-reg- yeni.xls;Ozallasma-abş-reg- yeni.xls;7;Rayon-sah-alava;visible;1;6;F;Şəhadətnamə №-si
ARXIV/Ozallasma-abş-reg- yeni.xls;Ozallasma-abş-reg- yeni.xls;7;Rayon-sah-alava;visible;1;7;G;Qovluq
ARXIV/Ozallasma-abş-reg- yeni.xls;Ozallasma-abş-reg- yeni.xls;7;Rayon-sah-alava;visible;1;8;H;Səhifə
ARXIV/Ozallasma-abş-reg- yeni.xls;Ozallasma-abş-reg- yeni.xls;8;avadanliqlar-arayis;visible;1;1;A;Sıra №-si
ARXIV/Ozallasma-abş-reg- yeni.xls;Ozallasma-abş-reg- yeni.xls;8;avadanliqlar-arayis;visible;1;2;B;Rayon
ARXIV/Ozallasma-abş-reg- yeni.xls;Ozallasma-abş-reg- yeni.xls;8;avadanliqlar-arayis;visible;1;3;C;Obyektin adı
ARXIV/Ozallasma-abş-reg- yeni.xls;Ozallasma-abş-reg- yeni.xls;8;avadanliqlar-arayis;visible;1;4;D;Fiziki şəxsin adı
ARXIV/Ozallasma-abş-reg- yeni.xls;Ozallasma-abş-reg- yeni.xls;8;avadanliqlar-arayis;visible;1;5;E;Ünvanı
ARXIV/Ozallasma-abş-reg- yeni.xls;Ozallasma-abş-reg- yeni.xls;8;avadanliqlar-arayis;visible;1;6;F;Arayışın №-si
ARXIV/Ozallasma-abş-reg- yeni.xls;Ozallasma-abş-reg- yeni.xls;8;avadanliqlar-arayis;visible;1;7;G;Qovluq
ARXIV/Ozallasma-abş-reg- yeni.xls;Ozallasma-abş-reg- yeni.xls;8;avadanliqlar-arayis;visible;1;8;H;Səhifə
ARXIV/Ozallasma-abş-reg- yeni.xls;Ozallasma-abş-reg- yeni.xls;9;Mulkuyat;visible;1;1;A;Sıra №-si
ARXIV/Ozallasma-abş-reg- yeni.xls;Ozallasma-abş-reg- yeni.xls;9;Mulkuyat;visible;1;2;B;Rayon
ARXIV/Ozallasma-abş-reg- yeni.xls;Ozallasma-abş-reg- yeni.xls;9;Mulkuyat;visible;1;3;C;Şəhadətnamə verilir (Hüquqi şəxsi adı, fiziki şəxsin S.A.A.)
ARXIV/Ozallasma-abş-reg- yeni.xls;Ozallasma-abş-reg- yeni.xls;9;Mulkuyat;visible;1;4;D;Obyekt
ARXIV/Ozallasma-abş-reg- yeni.xls;Ozallasma-abş-reg- yeni.xls;9;Mulkuyat;visible;1;5;E;Ünvan
ARXIV/Ozallasma-abş-reg- yeni.xls;Ozallasma-abş-reg- yeni.xls;9;Mulkuyat;visible;1;6;F;Şəhadətnamə
ARXIV/Ozallasma-abş-reg- yeni.xls;Ozallasma-abş-reg- yeni.xls;9;Mulkuyat;visible;1;7;G;Qovluq
ARXIV/Ozallasma-abş-reg- yeni.xls;Ozallasma-abş-reg- yeni.xls;9;Mulkuyat;visible;1;8;H;səhifə
ARXIV/Ozallasma-abş-reg- yeni.xls;Ozallasma-abş-reg- yeni.xls;9;Mulkuyat;visible;1;9;I;ilkin mülkiyyətçi
ARXIV/Ozallasma-abş-reg- yeni.xls;Ozallasma-abş-reg- yeni.xls;10;Rayon-hamisi-auksion;visible;1;1;A;Sıra №-si
ARXIV/Ozallasma-abş-reg- yeni.xls;Ozallasma-abş-reg- yeni.xls;10;Rayon-hamisi-auksion;visible;1;2;B;Rayon
ARXIV/Ozallasma-abş-reg- yeni.xls;Ozallasma-abş-reg- yeni.xls;10;Rayon-hamisi-auksion;visible;1;3;C;Obyektin adı
ARXIV/Ozallasma-abş-reg- yeni.xls;Ozallasma-abş-reg- yeni.xls;10;Rayon-hamisi-auksion;visible;1;4;D;Fiziki şəxsin adı
ARXIV/Ozallasma-abş-reg- yeni.xls;Ozallasma-abş-reg- yeni.xls;10;Rayon-hamisi-auksion;visible;1;5;E;Ünvanı
ARXIV/Ozallasma-abş-reg- yeni.xls;Ozallasma-abş-reg- yeni.xls;10;Rayon-hamisi-auksion;visible;1;6;F;Şəhadətnamə
ARXIV/Ozallasma-abş-reg- yeni.xls;Ozallasma-abş-reg- yeni.xls;10;Rayon-hamisi-auksion;visible;1;7;G;Qovluq
ARXIV/Ozallasma-abş-reg- yeni.xls;Ozallasma-abş-reg- yeni.xls;10;Rayon-hamisi-auksion;visible;1;8;H;səhifə
ARXIV/Ozallasma-abş-reg- yeni.xls;Ozallasma-abş-reg- yeni.xls;11;ozəl-ham;visible;1;1;A;Qeyd
ARXIV/Ozallasma-abş-reg- yeni.xls;Ozallasma-abş-reg- yeni.xls;11;ozəl-ham;visible;1;2;B;m
ARXIV/Ozallasma-abş-reg- yeni.xls;Ozallasma-abş-reg- yeni.xls;11;ozəl-ham;visible;1;3;C;Kr
ARXIV/Ozallasma-abş-reg- yeni.xls;Ozallasma-abş-reg- yeni.xls;11;ozəl-ham;visible;1;4;D;KOT
ARXIV/Ozallasma-abş-reg- yeni.xls;Ozallasma-abş-reg- yeni.xls;11;ozəl-ham;visible;1;5;E;Ş
ARXIV/Ozallasma-abş-reg- yeni.xls;Ozallasma-abş-reg- yeni.xls;11;ozəl-ham;visible;1;6;F;Şəhad
ARXIV/Ozallasma-abş-reg- yeni.xls;Ozallasma-abş-reg- yeni.xls;11;ozəl-ham;visible;1;7;G;Şəhadətnamənin tarixi
ARXIV/Ozallasma-abş-reg- yeni.xls;Ozallasma-abş-reg- yeni.xls;11;ozəl-ham;visible;1;8;H;Müq.
ARXIV/Ozallasma-abş-reg- yeni.xls;Ozallasma-abş-reg- yeni.xls;11;ozəl-ham;visible;1;9;I;Müq.
ARXIV/Ozallasma-abş-reg- yeni.xls;Ozallasma-abş-reg- yeni.xls;11;ozəl-ham;visible;1;10;J;Müq.tarixi
ARXIV/Ozallasma-abş-reg- yeni.xls;Ozallasma-abş-reg- yeni.xls;11;ozəl-ham;visible;1;11;K;F.İ.O.
ARXIV/Ozallasma-abş-reg- yeni.xls;Ozallasma-abş-reg- yeni.xls;11;ozəl-ham;visible;1;12;L;Obyektin adı
ARXIV/Ozallasma-abş-reg- yeni.xls;Ozallasma-abş-reg- yeni.xls;11;ozəl-ham;visible;1;13;M;1
ARXIV/Ozallasma-abş-reg- yeni.xls;Ozallasma-abş-reg- yeni.xls;11;ozəl-ham;visible;1;14;N;0.15
ARXIV/Ozallasma-abş-reg- yeni.xls;Ozallasma-abş-reg- yeni.xls;11;ozəl-ham;visible;1;15;O;Arayış n.
ARXIV/Ozallasma-abş-reg- yeni.xls;Ozallasma-abş-reg- yeni.xls;11;ozəl-ham;visible;1;16;P;Qovluq
ARXIV/Ozallasma-abş-reg- yeni.xls;Ozallasma-abş-reg- yeni.xls;11;ozəl-ham;visible;1;17;Q;Qəbzin n.
ARXIV/Ozallasma-abş-reg- yeni.xls;Ozallasma-abş-reg- yeni.xls;11;ozəl-ham;visible;1;18;R;Q.tarixi
ARXIV/Ozallasma-abş-reg- yeni.xls;Ozallasma-abş-reg- yeni.xls;11;ozəl-ham;visible;1;19;S;Qovluq
ARXIV/Ozallasma-abş-reg- yeni.xls;Ozallasma-abş-reg- yeni.xls;12;deideik;visible;1;1;A;Sıra №-si
ARXIV/Ozallasma-abş-reg- yeni.xls;Ozallasma-abş-reg- yeni.xls;12;deideik;visible;1;2;B;Rayon
ARXIV/Ozallasma-abş-reg- yeni.xls;Ozallasma-abş-reg- yeni.xls;12;deideik;visible;1;3;C;Əmlakın tərkibi (Obyektin adı)
ARXIV/Ozallasma-abş-reg- yeni.xls;Ozallasma-abş-reg- yeni.xls;12;deideik;visible;1;4;D;Şəhadətnamə verilir (Fiziki şəxsin adı)
ARXIV/Ozallasma-abş-reg- yeni.xls;Ozallasma-abş-reg- yeni.xls;12;deideik;visible;1;5;E;Əmlakın ümumi sahəsi
ARXIV/Ozallasma-abş-reg- yeni.xls;Ozallasma-abş-reg- yeni.xls;12;deideik;visible;1;6;F;Tikinti altı torpaq sahəsi
ARXIV/Ozallasma-abş-reg- yeni.xls;Ozallasma-abş-reg- yeni.xls;12;deideik;visible;1;7;G;Ümumi torpaq sahəsi
ARXIV/Ozallasma-abş-reg- yeni.xls;Ozallasma-abş-reg- yeni.xls;12;deideik;visible;1;8;H;Ünvanı
ARXIV/Ozallasma-abş-reg- yeni.xls;Ozallasma-abş-reg- yeni.xls;12;deideik;visible;1;9;I;Şəhadətnamə №-si
ARXIV/Ozallasma-abş-reg- yeni.xls;Ozallasma-abş-reg- yeni.xls;12;deideik;visible;1;10;J;Qovluq
ARXIV/Ozallasma-abş-reg- yeni.xls;Ozallasma-abş-reg- yeni.xls;12;deideik;visible;1;11;K;Səhifə
ARXIV/Ozallasma-abş-reg- yeni.xls;Ozallasma-abş-reg- yeni.xls;13;emdk;visible;1;1;A;Sıra №-si
ARXIV/Ozallasma-abş-reg- yeni.xls;Ozallasma-abş-reg- yeni.xls;13;emdk;visible;1;2;B;Rayon
ARXIV/Ozallasma-abş-reg- yeni.xls;Ozallasma-abş-reg- yeni.xls;13;emdk;visible;1;3;C;Əmlakın tərkibi (Obyektin adı)
ARXIV/Ozallasma-abş-reg- yeni.xls;Ozallasma-abş-reg- yeni.xls;13;emdk;visible;1;4;D;Müqavilə verilir (Fiziki şəxsin adı)
ARXIV/Ozallasma-abş-reg- yeni.xls;Ozallasma-abş-reg- yeni.xls;13;emdk;visible;1;5;E;Əmlakın ümumi sahəsi
ARXIV/Ozallasma-abş-reg- yeni.xls;Ozallasma-abş-reg- yeni.xls;13;emdk;visible;1;6;F;Ünvanı
ARXIV/Ozallasma-abş-reg- yeni.xls;Ozallasma-abş-reg- yeni.xls;13;emdk;visible;1;7;G;Müqavilənin nömrəsi
ARXIV/Ozallasma-abş-reg- yeni.xls;Ozallasma-abş-reg- yeni.xls;13;emdk;visible;1;8;H;Qovluq
ARXIV/Ozallasma-abş-reg- yeni.xls;Ozallasma-abş-reg- yeni.xls;13;emdk;visible;1;9;I;Səhifə
ARXIV/Ozallasma-abş-reg- yeni.xls;Ozallasma-abş-reg- yeni.xls;14;auks-ərazi 2006-2009;visible;1;1;A;Sıra №-si
ARXIV/Ozallasma-abş-reg- yeni.xls;Ozallasma-abş-reg- yeni.xls;14;auks-ərazi 2006-2009;visible;1;2;B;Rayon
ARXIV/Ozallasma-abş-reg- yeni.xls;Ozallasma-abş-reg- yeni.xls;14;auks-ərazi 2006-2009;visible;1;3;C;Əmlakın tərkibi (Obyektin adı)
ARXIV/Ozallasma-abş-reg- yeni.xls;Ozallasma-abş-reg- yeni.xls;14;auks-ərazi 2006-2009;visible;1;4;D;Şəhadətnamə verilir (Fiziki şəxsin adı)
ARXIV/Ozallasma-abş-reg- yeni.xls;Ozallasma-abş-reg- yeni.xls;14;auks-ərazi 2006-2009;visible;1;5;E;Əmlakın ümumi sahəsi
ARXIV/Ozallasma-abş-reg- yeni.xls;Ozallasma-abş-reg- yeni.xls;14;auks-ərazi 2006-2009;visible;1;6;F;Tikinti altı torpaq sahəsi
ARXIV/Ozallasma-abş-reg- yeni.xls;Ozallasma-abş-reg- yeni.xls;14;auks-ərazi 2006-2009;visible;1;7;G;Ümumi torpaq sahəsi
ARXIV/Ozallasma-abş-reg- yeni.xls;Ozallasma-abş-reg- yeni.xls;14;auks-ərazi 2006-2009;visible;1;8;H;Ünvanı
ARXIV/Ozallasma-abş-reg- yeni.xls;Ozallasma-abş-reg- yeni.xls;14;auks-ərazi 2006-2009;visible;1;9;I;Registr nömrəsi
ARXIV/Ozallasma-abş-reg- yeni.xls;Ozallasma-abş-reg- yeni.xls;14;auks-ərazi 2006-2009;visible;1;10;J;Şəhadətnamə №-si
ARXIV/Ozallasma-abş-reg- yeni.xls;Ozallasma-abş-reg- yeni.xls;14;auks-ərazi 2006-2009;visible;1;11;K;Qovluq
ARXIV/Ozallasma-abş-reg- yeni.xls;Ozallasma-abş-reg- yeni.xls;14;auks-ərazi 2006-2009;visible;1;12;L;Səhifə
ARXIV/Ozallasma-abş-reg- yeni.xls;Ozallasma-abş-reg- yeni.xls;15;qarış 2006-2009;visible;1;1;A;Sıra №-si
ARXIV/Ozallasma-abş-reg- yeni.xls;Ozallasma-abş-reg- yeni.xls;15;qarış 2006-2009;visible;1;2;B;Rayon
ARXIV/Ozallasma-abş-reg- yeni.xls;Ozallasma-abş-reg- yeni.xls;15;qarış 2006-2009;visible;1;3;C;Əmlakın tərkibi (Obyektin adı)
ARXIV/Ozallasma-abş-reg- yeni.xls;Ozallasma-abş-reg- yeni.xls;15;qarış 2006-2009;visible;1;4;D;Şəhadətnamə verilir (Fiziki şəxsin adı)
ARXIV/Ozallasma-abş-reg- yeni.xls;Ozallasma-abş-reg- yeni.xls;15;qarış 2006-2009;visible;1;5;E;Əmlakın ümumi sahəsi
ARXIV/Ozallasma-abş-reg- yeni.xls;Ozallasma-abş-reg- yeni.xls;15;qarış 2006-2009;visible;1;6;F;Ünvanı
ARXIV/Ozallasma-abş-reg- yeni.xls;Ozallasma-abş-reg- yeni.xls;15;qarış 2006-2009;visible;1;7;G;Şəhadətnamə №-si
ARXIV/Ozallasma-abş-reg- yeni.xls;Ozallasma-abş-reg- yeni.xls;15;qarış 2006-2009;visible;1;8;H;Qovluq
ARXIV/Ozallasma-abş-reg- yeni.xls;Ozallasma-abş-reg- yeni.xls;15;qarış 2006-2009;visible;1;9;I;Səhifə
ARXIV/Ozallasma-abş-reg- yeni.xls;Ozallasma-abş-reg- yeni.xls;16;emdk2;visible;1;1;A;Sıra №-si
ARXIV/Ozallasma-abş-reg- yeni.xls;Ozallasma-abş-reg- yeni.xls;16;emdk2;visible;1;2;B;Rayon
ARXIV/Ozallasma-abş-reg- yeni.xls;Ozallasma-abş-reg- yeni.xls;16;emdk2;visible;1;3;C;Əmlakın tərkibi (Obyektin adı)
ARXIV/Ozallasma-abş-reg- yeni.xls;Ozallasma-abş-reg- yeni.xls;16;emdk2;visible;1;4;D;Müqavilə verilir (Fiziki şəxsin adı)
ARXIV/Ozallasma-abş-reg- yeni.xls;Ozallasma-abş-reg- yeni.xls;16;emdk2;visible;1;5;E;Əmlakın ümumi sahəsi
ARXIV/Ozallasma-abş-reg- yeni.xls;Ozallasma-abş-reg- yeni.xls;16;emdk2;visible;1;6;F;Ünvanı
ARXIV/Ozallasma-abş-reg- yeni.xls;Ozallasma-abş-reg- yeni.xls;16;emdk2;visible;1;7;G;Müqavilə №-si
ARXIV/Ozallasma-abş-reg- yeni.xls;Ozallasma-abş-reg- yeni.xls;16;emdk2;visible;1;8;H;Qovluq
ARXIV/Ozallasma-abş-reg- yeni.xls;Ozallasma-abş-reg- yeni.xls;16;emdk2;visible;1;9;I;Səhifə
ARXIV/Ozallasma-abş-reg- yeni.xls;Ozallasma-abş-reg- yeni.xls;17;mülk 2008-2009;visible;1;1;A;Sıra №-si
ARXIV/Ozallasma-abş-reg- yeni.xls;Ozallasma-abş-reg- yeni.xls;17;mülk 2008-2009;visible;1;2;B;Rayon
ARXIV/Ozallasma-abş-reg- yeni.xls;Ozallasma-abş-reg- yeni.xls;17;mülk 2008-2009;visible;1;3;C;Obyektin adı-şəhadətnamə verilir
ARXIV/Ozallasma-abş-reg- yeni.xls;Ozallasma-abş-reg- yeni.xls;17;mülk 2008-2009;visible;1;4;D;Əmlakın ümumi sahəsi
ARXIV/Ozallasma-abş-reg- yeni.xls;Ozallasma-abş-reg- yeni.xls;17;mülk 2008-2009;visible;1;5;E;Tikinti altı torpaq sahəsi
ARXIV/Ozallasma-abş-reg- yeni.xls;Ozallasma-abş-reg- yeni.xls;17;mülk 2008-2009;visible;1;6;F;Ümumi torpaq sahəsi
ARXIV/Ozallasma-abş-reg- yeni.xls;Ozallasma-abş-reg- yeni.xls;17;mülk 2008-2009;visible;1;7;G;Ünvanı
ARXIV/Ozallasma-abş-reg- yeni.xls;Ozallasma-abş-reg- yeni.xls;17;mülk 2008-2009;visible;1;8;H;Hansı yol ilə özəlləşib
ARXIV/Ozallasma-abş-reg- yeni.xls;Ozallasma-abş-reg- yeni.xls;17;mülk 2008-2009;visible;1;9;I;Şəhadətnamə №-si
ARXIV/Ozallasma-abş-reg- yeni.xls;Ozallasma-abş-reg- yeni.xls;17;mülk 2008-2009;visible;1;10;J;Qovluq
ARXIV/Ozallasma-abş-reg- yeni.xls;Ozallasma-abş-reg- yeni.xls;17;mülk 2008-2009;visible;1;11;K;Səhifə
ARXIV/Ozallasma-abş-reg- yeni.xls;Ozallasma-abş-reg- yeni.xls;18;Icara-DEIEDK-EMDK;visible;1;1;A;№
ARXIV/Ozallasma-abş-reg- yeni.xls;Ozallasma-abş-reg- yeni.xls;18;Icara-DEIEDK-EMDK;visible;1;2;B;Rayonun adı
ARXIV/Ozallasma-abş-reg- yeni.xls;Ozallasma-abş-reg- yeni.xls;18;Icara-DEIEDK-EMDK;visible;1;3;C;Şəhadətnamə verilir
ARXIV/Ozallasma-abş-reg- yeni.xls;Ozallasma-abş-reg- yeni.xls;18;Icara-DEIEDK-EMDK;visible;1;4;D;Əmlakın ümumi sahəsi
ARXIV/Ozallasma-abş-reg- yeni.xls;Ozallasma-abş-reg- yeni.xls;18;Icara-DEIEDK-EMDK;visible;1;5;E;Tikinti altı torpaq sahəsi
ARXIV/Ozallasma-abş-reg- yeni.xls;Ozallasma-abş-reg- yeni.xls;18;Icara-DEIEDK-EMDK;visible;1;6;F;Ümumi torpaq sahəsi
ARXIV/Ozallasma-abş-reg- yeni.xls;Ozallasma-abş-reg- yeni.xls;18;Icara-DEIEDK-EMDK;visible;1;7;G;Ünvanı
ARXIV/Ozallasma-abş-reg- yeni.xls;Ozallasma-abş-reg- yeni.xls;18;Icara-DEIEDK-EMDK;visible;1;8;H;Balanssaxlayıcı
ARXIV/Ozallasma-abş-reg- yeni.xls;Ozallasma-abş-reg- yeni.xls;18;Icara-DEIEDK-EMDK;visible;1;9;I;Şəhadətnamə və müqavilənin №-si
ARXIV/Ozallasma-abş-reg- yeni.xls;Ozallasma-abş-reg- yeni.xls;18;Icara-DEIEDK-EMDK;visible;1;10;J;Registr nömrəsi
ARXIV/Ozallasma-abş-reg- yeni.xls;Ozallasma-abş-reg- yeni.xls;18;Icara-DEIEDK-EMDK;visible;1;11;K;Qovluq
ARXIV/Ozallasma-abş-reg- yeni.xls;Ozallasma-abş-reg- yeni.xls;18;Icara-DEIEDK-EMDK;visible;1;12;L;Səhifə
ARXIV/Ozallasma-abş-reg- yeni.xls;Ozallasma-abş-reg- yeni.xls;19;Icara-EMDK;visible;1;1;A;№
ARXIV/Ozallasma-abş-reg- yeni.xls;Ozallasma-abş-reg- yeni.xls;19;Icara-EMDK;visible;1;2;B;Rayonun adı
ARXIV/Ozallasma-abş-reg- yeni.xls;Ozallasma-abş-reg- yeni.xls;19;Icara-EMDK;visible;1;3;C;Müqavilə (Şəhadətnamə) verilir
ARXIV/Ozallasma-abş-reg- yeni.xls;Ozallasma-abş-reg- yeni.xls;19;Icara-EMDK;visible;1;4;D;Əmlakın ümumi sahəsi
ARXIV/Ozallasma-abş-reg- yeni.xls;Ozallasma-abş-reg- yeni.xls;19;Icara-EMDK;visible;1;5;E;Ünvanı
ARXIV/Ozallasma-abş-reg- yeni.xls;Ozallasma-abş-reg- yeni.xls;19;Icara-EMDK;visible;1;6;F;Şəhadətnamə və Müqavilə №-si
ARXIV/Ozallasma-abş-reg- yeni.xls;Ozallasma-abş-reg- yeni.xls;19;Icara-EMDK;visible;1;7;G;Qovluq
ARXIV/Ozallasma-abş-reg- yeni.xls;Ozallasma-abş-reg- yeni.xls;19;Icara-EMDK;visible;1;8;H;Səhifə
ARXIV/Ozallasma-abş-reg- yeni.xls;Ozallasma-abş-reg- yeni.xls;20;torp 2008-2010;visible;1;2;B;Rayonun adı
ARXIV/Ozallasma-abş-reg- yeni.xls;Ozallasma-abş-reg- yeni.xls;20;torp 2008-2010;visible;1;3;C;Şəhadətnamə verilir
ARXIV/Ozallasma-abş-reg- yeni.xls;Ozallasma-abş-reg- yeni.xls;20;torp 2008-2010;visible;1;4;D;Obyektin adı
ARXIV/Ozallasma-abş-reg- yeni.xls;Ozallasma-abş-reg- yeni.xls;20;torp 2008-2010;visible;1;5;E;Torpaq sahəsi (kv.m.)
ARXIV/Ozallasma-abş-reg- yeni.xls;Ozallasma-abş-reg- yeni.xls;20;torp 2008-2010;visible;1;6;F;Ünvanı
ARXIV/Ozallasma-abş-reg- yeni.xls;Ozallasma-abş-reg- yeni.xls;20;torp 2008-2010;visible;1;7;G;Şəhadətnamə və ƏMDK-də müqavilələrin №-si
ARXIV/Ozallasma-abş-reg- yeni.xls;Ozallasma-abş-reg- yeni.xls;20;torp 2008-2010;visible;1;8;H;Qovluq
ARXIV/Ozallasma-abş-reg- yeni.xls;Ozallasma-abş-reg- yeni.xls;20;torp 2008-2010;visible;1;9;I;Səhifə
ARXIV/Ozallasma-abş-reg- yeni.xls;Ozallasma-abş-reg- yeni.xls;21;eidk;visible;1;1;A;eidk
ARXIV/Ozallasma-abş-reg- yeni.xls;Ozallasma-abş-reg- yeni.xls;21;eidk;visible;1;2;B;Rayonun adı
ARXIV/Ozallasma-abş-reg- yeni.xls;Ozallasma-abş-reg- yeni.xls;21;eidk;visible;1;3;C;Müqavilə verilir
ARXIV/Ozallasma-abş-reg- yeni.xls;Ozallasma-abş-reg- yeni.xls;21;eidk;visible;1;4;D;Obyektin adı
ARXIV/Ozallasma-abş-reg- yeni.xls;Ozallasma-abş-reg- yeni.xls;21;eidk;visible;1;5;E;Torpaq sahəsi (kv.m.)
ARXIV/Ozallasma-abş-reg- yeni.xls;Ozallasma-abş-reg- yeni.xls;21;eidk;visible;1;6;F;Ünvanı
ARXIV/Ozallasma-abş-reg- yeni.xls;Ozallasma-abş-reg- yeni.xls;21;eidk;visible;1;7;G;ƏMDK-də müqavilələrin №-si
ARXIV/Ozallasma-abş-reg- yeni.xls;Ozallasma-abş-reg- yeni.xls;21;eidk;visible;1;8;H;Qovluq
ARXIV/Ozallasma-abş-reg- yeni.xls;Ozallasma-abş-reg- yeni.xls;21;eidk;visible;1;9;I;Səhifə
ARXIV/Ozallasma-abş-reg- yeni.xls;Ozallasma-abş-reg- yeni.xls;21;eidk;visible;1;10;J;ƏMDK
ARXIV/Ozallasma-abş-reg- yeni.xls;Ozallasma-abş-reg- yeni.xls;22;registr 2as;visible;9;1;A;№
ARXIV/Ozallasma-abş-reg- yeni.xls;Ozallasma-abş-reg- yeni.xls;22;registr 2as;visible;9;2;B;müqavilənin nömrəsi
ARXIV/Ozallasma-abş-reg- yeni.xls;Ozallasma-abş-reg- yeni.xls;22;registr 2as;visible;9;3;C;müqavilənin tarixi
ARXIV/Ozallasma-abş-reg- yeni.xls;Ozallasma-abş-reg- yeni.xls;22;registr 2as;visible;9;4;D;alıcının adı
ARXIV/Ozallasma-abş-reg- yeni.xls;Ozallasma-abş-reg- yeni.xls;22;registr 2as;visible;9;5;E;əmlakın adı
ARXIV/Ozallasma-abş-reg- yeni.xls;Ozallasma-abş-reg- yeni.xls;22;registr 2as;visible;9;6;F;əmlakın ünvanı
ARXIV/Ozallasma-abş-reg- yeni.xls;Ozallasma-abş-reg- yeni.xls;22;registr 2as;visible;9;7;G;torpaq sahəsi kv.m
ARXIV/Ozallasma-abş-reg- yeni.xls;Ozallasma-abş-reg- yeni.xls;22;registr 2as;visible;9;8;H;əmlakın regist kodu
ARXIV/Ozallasma-abş-reg- yeni.xls;Ozallasma-abş-reg- yeni.xls;22;registr 2as;visible;9;9;I;Alt hissənin kodu
ARXIV/Ozallasma-abş-reg- yeni.xls;Ozallasma-abş-reg- yeni.xls;22;registr 2as;visible;9;10;J;rayon
ARXIV/Ozallasma-abş-reg- yeni.xls;Ozallasma-abş-reg- yeni.xls;22;registr 2as;visible;9;11;K;Balans saxlayıcı təşkilatın kodu
ARXIV/Ozallasma-abş-reg- yeni.xls;Ozallasma-abş-reg- yeni.xls;22;registr 2as;visible;9;12;L;Balans saxlayıcı (keçmiş balans saxlayıcı təşkilatın adı)
ARXIV/Ozallasma-abş-reg- yeni.xls;Ozallasma-abş-reg- yeni.xls;22;registr 2as;visible;9;13;M;Baş idarə (keçmiş baş idarə)
ARXIV/Ozallasma-abş-reg- yeni.xls;Ozallasma-abş-reg- yeni.xls;23;2 rüb;visible;6;1;A;№
ARXIV/Ozallasma-abş-reg- yeni.xls;Ozallasma-abş-reg- yeni.xls;23;2 rüb;visible;6;2;B;müqavilənin tipi
ARXIV/Ozallasma-abş-reg- yeni.xls;Ozallasma-abş-reg- yeni.xls;23;2 rüb;visible;6;3;C;müqavilənin nömrəsi
ARXIV/Ozallasma-abş-reg- yeni.xls;Ozallasma-abş-reg- yeni.xls;23;2 rüb;visible;6;4;D;müqavilənin tarixi
ARXIV/Ozallasma-abş-reg- yeni.xls;Ozallasma-abş-reg- yeni.xls;23;2 rüb;visible;6;5;E;alıcının adı
ARXIV/Ozallasma-abş-reg- yeni.xls;Ozallasma-abş-reg- yeni.xls;23;2 rüb;visible;6;6;F;əmlakın adı
ARXIV/Ozallasma-abş-reg- yeni.xls;Ozallasma-abş-reg- yeni.xls;23;2 rüb;visible;6;7;G;əmlakın ünvanı
ARXIV/Ozallasma-abş-reg- yeni.xls;Ozallasma-abş-reg- yeni.xls;23;2 rüb;visible;6;8;H;sahə kv.m
ARXIV/Ozallasma-abş-reg- yeni.xls;Ozallasma-abş-reg- yeni.xls;23;2 rüb;visible;6;9;I;mərtəbə
ARXIV/Ozallasma-abş-reg- yeni.xls;Ozallasma-abş-reg- yeni.xls;23;2 rüb;visible;6;10;J;rayon
ARXIV/Ozallasma-abş-reg- yeni.xls;Ozallasma-abş-reg- yeni.xls;23;2 rüb;visible;6;11;K;registr nömrəsi
ARXIV/Ozallasma-abş-reg- yeni.xls;Ozallasma-abş-reg- yeni.xls;23;2 rüb;visible;6;12;L;alt hissənin nömrəsi
ARXIV/Ozallasma-abş-reg- yeni.xls;Ozallasma-abş-reg- yeni.xls;23;2 rüb;visible;6;13;M;Balans saxlayıcı təşkilatın kodu
ARXIV/Ozallasma-abş-reg- yeni.xls;Ozallasma-abş-reg- yeni.xls;23;2 rüb;visible;6;14;N;Balans saxlayıcı (keçmiş balans saxlayıcı təşkilatın adı)
ARXIV/Ozallasma-abş-reg- yeni.xls;Ozallasma-abş-reg- yeni.xls;23;2 rüb;visible;6;15;O;Baş idarə (keçmiş baş idarə)
ARXIV/Ozallasma-abş-reg- yeni.xls;Ozallasma-abş-reg- yeni.xls;24;1 rüb as;visible;8;1;A;№
ARXIV/Ozallasma-abş-reg- yeni.xls;Ozallasma-abş-reg- yeni.xls;24;1 rüb as;visible;8;2;B;müqavilənin nömrəsi
ARXIV/Ozallasma-abş-reg- yeni.xls;Ozallasma-abş-reg- yeni.xls;24;1 rüb as;visible;8;3;C;müqavilənin tarixi
ARXIV/Ozallasma-abş-reg- yeni.xls;Ozallasma-abş-reg- yeni.xls;24;1 rüb as;visible;8;4;D;alıcının adı
ARXIV/Ozallasma-abş-reg- yeni.xls;Ozallasma-abş-reg- yeni.xls;24;1 rüb as;visible;8;5;E;əmlakın adı
ARXIV/Ozallasma-abş-reg- yeni.xls;Ozallasma-abş-reg- yeni.xls;24;1 rüb as;visible;8;6;F;əmlakın ünvanı
ARXIV/Ozallasma-abş-reg- yeni.xls;Ozallasma-abş-reg- yeni.xls;24;1 rüb as;visible;8;7;G;torpaq sahəsi kv.m
ARXIV/Ozallasma-abş-reg- yeni.xls;Ozallasma-abş-reg- yeni.xls;24;1 rüb as;visible;8;8;H;əmlakın regist kodu
ARXIV/Ozallasma-abş-reg- yeni.xls;Ozallasma-abş-reg- yeni.xls;24;1 rüb as;visible;8;9;I;Alt hissənin kodu
ARXIV/Ozallasma-abş-reg- yeni.xls;Ozallasma-abş-reg- yeni.xls;24;1 rüb as;visible;8;10;J;rayon
ARXIV/Ozallasma-abş-reg- yeni.xls;Ozallasma-abş-reg- yeni.xls;24;1 rüb as;visible;8;11;K;Balans saxlayıcı təşkilatın kodu
ARXIV/Ozallasma-abş-reg- yeni.xls;Ozallasma-abş-reg- yeni.xls;24;1 rüb as;visible;8;12;L;Balans saxlayıcı (keçmiş balans saxlayıcı təşkilatın adı)
ARXIV/Ozallasma-abş-reg- yeni.xls;Ozallasma-abş-reg- yeni.xls;24;1 rüb as;visible;8;13;M;Baş idarə (keçmiş baş idarə)
ARXIV/Ozallasma-abş-reg- yeni.xls;Ozallasma-abş-reg- yeni.xls;25;1 rüb;visible;15;1;A;№
ARXIV/Ozallasma-abş-reg- yeni.xls;Ozallasma-abş-reg- yeni.xls;25;1 rüb;visible;15;2;B;müqavilənin tipi
ARXIV/Ozallasma-abş-reg- yeni.xls;Ozallasma-abş-reg- yeni.xls;25;1 rüb;visible;15;3;C;müqavilənin nömrəsi
ARXIV/Ozallasma-abş-reg- yeni.xls;Ozallasma-abş-reg- yeni.xls;25;1 rüb;visible;15;4;D;müqavilənin tarixi
ARXIV/Ozallasma-abş-reg- yeni.xls;Ozallasma-abş-reg- yeni.xls;25;1 rüb;visible;15;5;E;alıcının adı
ARXIV/Ozallasma-abş-reg- yeni.xls;Ozallasma-abş-reg- yeni.xls;25;1 rüb;visible;15;6;F;əmlakın adı
ARXIV/Ozallasma-abş-reg- yeni.xls;Ozallasma-abş-reg- yeni.xls;25;1 rüb;visible;15;7;G;əmlakın ünvanı
ARXIV/Ozallasma-abş-reg- yeni.xls;Ozallasma-abş-reg- yeni.xls;25;1 rüb;visible;15;8;H;sahə kv.m
ARXIV/Ozallasma-abş-reg- yeni.xls;Ozallasma-abş-reg- yeni.xls;25;1 rüb;visible;15;9;I;mərtəbə
ARXIV/Ozallasma-abş-reg- yeni.xls;Ozallasma-abş-reg- yeni.xls;25;1 rüb;visible;15;10;J;rayon
ARXIV/Ozallasma-abş-reg- yeni.xls;Ozallasma-abş-reg- yeni.xls;25;1 rüb;visible;15;11;K;registr nömrəsi
ARXIV/Ozallasma-abş-reg- yeni.xls;Ozallasma-abş-reg- yeni.xls;25;1 rüb;visible;15;12;L;alt hissənin nömrəsi
ARXIV/Ozallasma-abş-reg- yeni.xls;Ozallasma-abş-reg- yeni.xls;25;1 rüb;visible;15;13;M;Balans saxlayıcı təşkilatın kodu
ARXIV/Ozallasma-abş-reg- yeni.xls;Ozallasma-abş-reg- yeni.xls;25;1 rüb;visible;15;14;N;Balans saxlayıcı (keçmiş balans saxlayıcı təşkilatın adı)
ARXIV/Ozallasma-abş-reg- yeni.xls;Ozallasma-abş-reg- yeni.xls;25;1 rüb;visible;15;15;O;Baş idarə (keçmiş baş idarə)
ARXIV/Ozallasma-abş-reg- yeni.xls;Ozallasma-abş-reg- yeni.xls;26;abş;visible;2;3;C;Ünvan
ARXIV/Ozallasma-abş-reg- yeni.xls;Ozallasma-abş-reg- yeni.xls;26;abş;visible;2;4;D;Ərizə
ARXIV/Ozallasma-abş-reg- yeni.xls;Ozallasma-abş-reg- yeni.xls;26;abş;visible;2;5;E;Tex Pasp
ARXIV/Ozallasma-abş-reg- yeni.xls;Ozallasma-abş-reg- yeni.xls;26;abş;visible;2;6;F;Qeydvəs
ARXIV/Ozallasma-abş-reg- yeni.xls;Ozallasma-abş-reg- yeni.xls;26;abş;visible;2;7;G;Arayışı
ARXIV/Ozallasma-abş-reg- yeni.xls;Ozallasma-abş-reg- yeni.xls;26;abş;visible;2;8;H;Əmrdən çıxarış
ARXIV/Ozallasma-abş-reg- yeni.xls;Ozallasma-abş-reg- yeni.xls;26;abş;visible;2;9;I;Müayinə aktı
ARXIV/Ozallasma-abş-reg- yeni.xls;Ozallasma-abş-reg- yeni.xls;26;abş;visible;2;10;J;Qərar. Çıxar.
ARXIV/Ozallasma-abş-reg- yeni.xls;Ozallasma-abş-reg- yeni.xls;26;abş;visible;2;11;K;Arayiş
ARXIV/Ozallasma-abş-reg- yeni.xls;Ozallasma-abş-reg- yeni.xls;26;abş;visible;2;12;L;Sərənc Çıxarış
ARXIV/Ozallasma-abş-reg- yeni.xls;Ozallasma-abş-reg- yeni.xls;26;abş;visible;2;13;M;Alqı-satqı müqav.
ARXIV/Ozallasma-abş-reg- yeni.xls;Ozallasma-abş-reg- yeni.xls;26;abş;visible;2;14;N;Digər sənəd.
ARXIV/Ozallasma-abş-reg- yeni.xls;Ozallasma-abş-reg- yeni.xls;26;abş;visible;2;15;O;Qiymətləndirmə Cədvəli
ARXIV/Ozallasma-abş-reg- yeni.xls;Ozallasma-abş-reg- yeni.xls;26;abş;visible;2;16;P;İnven. №-si
ARXIV/Ozallasma-abş-reg- yeni.xls;Ozallasma-abş-reg- yeni.xls;26;abş;visible;2;17;Q;Qeyd №-si
ARXIV/Ozallasma-abş-reg- yeni.xls;Ozallasma-abş-reg- yeni.xls;27;buzovna;visible;2;3;C;Ünvan
ARXIV/Ozallasma-abş-reg- yeni.xls;Ozallasma-abş-reg- yeni.xls;27;buzovna;visible;2;4;D;Ərizə
ARXIV/Ozallasma-abş-reg- yeni.xls;Ozallasma-abş-reg- yeni.xls;27;buzovna;visible;2;5;E;Tex Pasp
ARXIV/Ozallasma-abş-reg- yeni.xls;Ozallasma-abş-reg- yeni.xls;27;buzovna;visible;2;6;F;Qeydvəs
ARXIV/Ozallasma-abş-reg- yeni.xls;Ozallasma-abş-reg- yeni.xls;27;buzovna;visible;2;7;G;Arayışı
ARXIV/Ozallasma-abş-reg- yeni.xls;Ozallasma-abş-reg- yeni.xls;27;buzovna;visible;2;8;H;Əmrdən çıxarış
ARXIV/Ozallasma-abş-reg- yeni.xls;Ozallasma-abş-reg- yeni.xls;27;buzovna;visible;2;9;I;Müayinə aktı
ARXIV/Ozallasma-abş-reg- yeni.xls;Ozallasma-abş-reg- yeni.xls;27;buzovna;visible;2;10;J;Qərar. Çıxar.
ARXIV/Ozallasma-abş-reg- yeni.xls;Ozallasma-abş-reg- yeni.xls;27;buzovna;visible;2;11;K;Arayiş
ARXIV/Ozallasma-abş-reg- yeni.xls;Ozallasma-abş-reg- yeni.xls;27;buzovna;visible;2;12;L;Sərənc Çıxarış
ARXIV/Ozallasma-abş-reg- yeni.xls;Ozallasma-abş-reg- yeni.xls;27;buzovna;visible;2;13;M;Alqı-satqı müqav.
ARXIV/Ozallasma-abş-reg- yeni.xls;Ozallasma-abş-reg- yeni.xls;27;buzovna;visible;2;14;N;Digər sənəd.
ARXIV/Ozallasma-abş-reg- yeni.xls;Ozallasma-abş-reg- yeni.xls;27;buzovna;visible;2;15;O;Qiymətləndirmə Cədvəli
ARXIV/Ozallasma-abş-reg- yeni.xls;Ozallasma-abş-reg- yeni.xls;27;buzovna;visible;2;16;P;İnven. №-si
ARXIV/Ozallasma-abş-reg- yeni.xls;Ozallasma-abş-reg- yeni.xls;27;buzovna;visible;2;17;Q;Qeyd №-si
ARXIV/Ozallasma-abş-reg- yeni.xls;Ozallasma-abş-reg- yeni.xls;28;zeyt tam;visible;2;3;C;Ünvan
ARXIV/Ozallasma-abş-reg- yeni.xls;Ozallasma-abş-reg- yeni.xls;28;zeyt tam;visible;2;4;D;Ərizə
ARXIV/Ozallasma-abş-reg- yeni.xls;Ozallasma-abş-reg- yeni.xls;28;zeyt tam;visible;2;5;E;Tex Pasp
ARXIV/Ozallasma-abş-reg- yeni.xls;Ozallasma-abş-reg- yeni.xls;28;zeyt tam;visible;2;6;F;Qeydvəs
ARXIV/Ozallasma-abş-reg- yeni.xls;Ozallasma-abş-reg- yeni.xls;28;zeyt tam;visible;2;7;G;Arayışı
ARXIV/Ozallasma-abş-reg- yeni.xls;Ozallasma-abş-reg- yeni.xls;28;zeyt tam;visible;2;8;H;Əmrdən çıxarış
ARXIV/Ozallasma-abş-reg- yeni.xls;Ozallasma-abş-reg- yeni.xls;28;zeyt tam;visible;2;9;I;Müayinə aktı
ARXIV/Ozallasma-abş-reg- yeni.xls;Ozallasma-abş-reg- yeni.xls;28;zeyt tam;visible;2;10;J;Qərar. Çıxar.
ARXIV/Ozallasma-abş-reg- yeni.xls;Ozallasma-abş-reg- yeni.xls;28;zeyt tam;visible;2;11;K;Arayiş
ARXIV/Ozallasma-abş-reg- yeni.xls;Ozallasma-abş-reg- yeni.xls;28;zeyt tam;visible;2;12;L;Sərənc Çıxarış
ARXIV/Ozallasma-abş-reg- yeni.xls;Ozallasma-abş-reg- yeni.xls;28;zeyt tam;visible;2;13;M;Alqı-satqı müqav.
ARXIV/Ozallasma-abş-reg- yeni.xls;Ozallasma-abş-reg- yeni.xls;28;zeyt tam;visible;2;14;N;Digər sənəd.
ARXIV/Ozallasma-abş-reg- yeni.xls;Ozallasma-abş-reg- yeni.xls;28;zeyt tam;visible;2;15;O;Qiymətləndirmə Cədvəli
ARXIV/Ozallasma-abş-reg- yeni.xls;Ozallasma-abş-reg- yeni.xls;28;zeyt tam;visible;2;16;P;İnven. №-si
ARXIV/Ozallasma-abş-reg- yeni.xls;Ozallasma-abş-reg- yeni.xls;28;zeyt tam;visible;2;17;Q;Qeyd №-si
ARXIV/Ozallasma-abş-reg- yeni.xls;Ozallasma-abş-reg- yeni.xls;29;sov üçün siy köhnə;visible;2;1;A;№
ARXIV/Ozallasma-abş-reg- yeni.xls;Ozallasma-abş-reg- yeni.xls;29;sov üçün siy köhnə;visible;2;2;B;Soyadı,adı,atasının adı
ARXIV/Ozallasma-abş-reg- yeni.xls;Ozallasma-abş-reg- yeni.xls;29;sov üçün siy köhnə;visible;2;3;C;Reyestr nömrəsi
ARXIV/Ozallasma-abş-reg- yeni.xls;Ozallasma-abş-reg- yeni.xls;30;çixarış sov üçün siy;visible;3;2;B;№
ARXIV/Ozallasma-abş-reg- yeni.xls;Ozallasma-abş-reg- yeni.xls;30;çixarış sov üçün siy;visible;3;3;C;Soyadı,Adı,Atasının adı
ARXIV/Ozallasma-abş-reg- yeni.xls;Ozallasma-abş-reg- yeni.xls;30;çixarış sov üçün siy;visible;3;4;D;Reyestr nömrəsi
ARXIV/Ozallasma-abş-reg- yeni.xls;Ozallasma-abş-reg- yeni.xls;31;sov üçün siy;visible;2;1;A;№
ARXIV/Ozallasma-abş-reg- yeni.xls;Ozallasma-abş-reg- yeni.xls;31;sov üçün siy;visible;2;2;B;Soyadı,adı,atasının adı
ARXIV/Ozallasma-abş-reg- yeni.xls;Ozallasma-abş-reg- yeni.xls;31;sov üçün siy;visible;2;3;C;Reyestr nömrəsi
ARXIV/Ozallasma-abş-reg- yeni.xls;Ozallasma-abş-reg- yeni.xls;32;sabunçu;visible;2;5;E;Ərizə
ARXIV/Ozallasma-abş-reg- yeni.xls;Ozallasma-abş-reg- yeni.xls;32;sabunçu;visible;2;6;F;Tex. Pasp.
ARXIV/Ozallasma-abş-reg- yeni.xls;Ozallasma-abş-reg- yeni.xls;32;sabunçu;visible;2;7;G;Qeyd.vəs.
ARXIV/Ozallasma-abş-reg- yeni.xls;Ozallasma-abş-reg- yeni.xls;32;sabunçu;visible;2;8;H;Müay. aktı
ARXIV/Ozallasma-abş-reg- yeni.xls;Ozallasma-abş-reg- yeni.xls;32;sabunçu;visible;2;9;I;Sovx. Əriz.
ARXIV/Ozallasma-abş-reg- yeni.xls;Ozallasma-abş-reg- yeni.xls;32;sabunçu;visible;2;10;J;Sovx. Arayışı
ARXIV/Ozallasma-abş-reg- yeni.xls;Ozallasma-abş-reg- yeni.xls;32;sabunçu;visible;2;11;K;Əmrdən çıxarış
ARXIV/Ozallasma-abş-reg- yeni.xls;Ozallasma-abş-reg- yeni.xls;32;sabunçu;visible;2;12;L;Qərar. Çıxar.
ARXIV/Ozallasma-abş-reg- yeni.xls;Ozallasma-abş-reg- yeni.xls;32;sabunçu;visible;2;13;M;Sərənc Çıxarış
ARXIV/Ozallasma-abş-reg- yeni.xls;Ozallasma-abş-reg- yeni.xls;32;sabunçu;visible;2;14;N;Order
ARXIV/Ozallasma-abş-reg- yeni.xls;Ozallasma-abş-reg- yeni.xls;32;sabunçu;visible;2;15;O;Alqı-satqı müqav.
ARXIV/Ozallasma-abş-reg- yeni.xls;Ozallasma-abş-reg- yeni.xls;32;sabunçu;visible;2;16;P;Vərəs. şəhad.
ARXIV/Ozallasma-abş-reg- yeni.xls;Ozallasma-abş-reg- yeni.xls;32;sabunçu;visible;2;17;Q;Digər sənəd.
ARXIV/Ozallasma-abş-reg- yeni.xls;Ozallasma-abş-reg- yeni.xls;32;sabunçu;visible;2;18;R;İnven. N-si
ARXIV/Ozallasma-abş-reg- yeni.xls;Ozallasma-abş-reg- yeni.xls;32;sabunçu;visible;2;19;S;Qeyd N-si
ARXIV/Ozallasma-abş-reg- yeni.xls;Ozallasma-abş-reg- yeni.xls;32;sabunçu;visible;2;20;T;Qeyd
ARXIV/Ozallasma-abş-reg- yeni.xls;Ozallasma-abş-reg- yeni.xls;33;ramana;visible;2;3;C;Ünvan
ARXIV/Ozallasma-abş-reg- yeni.xls;Ozallasma-abş-reg- yeni.xls;33;ramana;visible;2;4;D;Ərizə
ARXIV/Ozallasma-abş-reg- yeni.xls;Ozallasma-abş-reg- yeni.xls;33;ramana;visible;2;5;E;Texniki pasport
ARXIV/Ozallasma-abş-reg- yeni.xls;Ozallasma-abş-reg- yeni.xls;33;ramana;visible;2;6;F;Qeyd.vəs.
ARXIV/Ozallasma-abş-reg- yeni.xls;Ozallasma-abş-reg- yeni.xls;33;ramana;visible;2;7;G;Müayinə aktı
ARXIV/Ozallasma-abş-reg- yeni.xls;Ozallasma-abş-reg- yeni.xls;33;ramana;visible;2;8;H;Sovx. Ərizəsi
ARXIV/Ozallasma-abş-reg- yeni.xls;Ozallasma-abş-reg- yeni.xls;33;ramana;visible;2;9;I;Sovx. Arayışı
ARXIV/Ozallasma-abş-reg- yeni.xls;Ozallasma-abş-reg- yeni.xls;33;ramana;visible;2;10;J;Əmrdən çıxarış
ARXIV/Ozallasma-abş-reg- yeni.xls;Ozallasma-abş-reg- yeni.xls;33;ramana;visible;2;11;K;Qərardan çıxarış
ARXIV/Ozallasma-abş-reg- yeni.xls;Ozallasma-abş-reg- yeni.xls;33;ramana;visible;2;12;L;Order
ARXIV/Ozallasma-abş-reg- yeni.xls;Ozallasma-abş-reg- yeni.xls;33;ramana;visible;2;13;M;Alqı-satqı müqav.
ARXIV/Ozallasma-abş-reg- yeni.xls;Ozallasma-abş-reg- yeni.xls;33;ramana;visible;2;14;N;Vərəsəlik şəhadət.
ARXIV/Ozallasma-abş-reg- yeni.xls;Ozallasma-abş-reg- yeni.xls;33;ramana;visible;2;15;O;Digər sənədlər
ARXIV/Ozallasma-abş-reg- yeni.xls;Ozallasma-abş-reg- yeni.xls;33;ramana;visible;2;16;P;İnventaN-si
ARXIV/Ozallasma-abş-reg- yeni.xls;Ozallasma-abş-reg- yeni.xls;33;ramana;visible;2;17;Q;Qeyd N-si
ARXIV/Ozallasma-abş-reg- yeni.xls;Ozallasma-abş-reg- yeni.xls;34;köhnə türkan;visible;6;3;C;Ərizə
ARXIV/Ozallasma-abş-reg- yeni.xls;Ozallasma-abş-reg- yeni.xls;34;köhnə türkan;visible;6;4;D;Tex. Pasp.
ARXIV/Ozallasma-abş-reg- yeni.xls;Ozallasma-abş-reg- yeni.xls;34;köhnə türkan;visible;6;5;E;Qeyd.vəs.
ARXIV/Ozallasma-abş-reg- yeni.xls;Ozallasma-abş-reg- yeni.xls;34;köhnə türkan;visible;6;6;F;Müay. aktı
ARXIV/Ozallasma-abş-reg- yeni.xls;Ozallasma-abş-reg- yeni.xls;34;köhnə türkan;visible;6;7;G;Sovx. Əriz.
ARXIV/Ozallasma-abş-reg- yeni.xls;Ozallasma-abş-reg- yeni.xls;34;köhnə türkan;visible;6;8;H;Sovx. Arayışı
ARXIV/Ozallasma-abş-reg- yeni.xls;Ozallasma-abş-reg- yeni.xls;34;köhnə türkan;visible;6;9;I;Əmrdən çıxarış
ARXIV/Ozallasma-abş-reg- yeni.xls;Ozallasma-abş-reg- yeni.xls;34;köhnə türkan;visible;6;10;J;Qərar. Çıxar.
ARXIV/Ozallasma-abş-reg- yeni.xls;Ozallasma-abş-reg- yeni.xls;34;köhnə türkan;visible;6;11;K;Sərənc Çıxarış
ARXIV/Ozallasma-abş-reg- yeni.xls;Ozallasma-abş-reg- yeni.xls;34;köhnə türkan;visible;6;12;L;Order
ARXIV/Ozallasma-abş-reg- yeni.xls;Ozallasma-abş-reg- yeni.xls;34;köhnə türkan;visible;6;13;M;Alqı-satqı müqav.
ARXIV/Ozallasma-abş-reg- yeni.xls;Ozallasma-abş-reg- yeni.xls;34;köhnə türkan;visible;6;14;N;Vərəs. şəhad.
ARXIV/Ozallasma-abş-reg- yeni.xls;Ozallasma-abş-reg- yeni.xls;34;köhnə türkan;visible;6;15;O;Digər sənəd.
ARXIV/Ozallasma-abş-reg- yeni.xls;Ozallasma-abş-reg- yeni.xls;34;köhnə türkan;visible;6;16;P;İnven. N-si
ARXIV/Ozallasma-abş-reg- yeni.xls;Ozallasma-abş-reg- yeni.xls;34;köhnə türkan;visible;6;17;Q;Qeyd N-si
ARXIV/Ozallasma-abş-reg- yeni.xls;Ozallasma-abş-reg- yeni.xls;34;köhnə türkan;visible;6;18;R;Tor ve dair AKT
ARXIV/Ozallasma-abş-reg- yeni.xls;Ozallasma-abş-reg- yeni.xls;35;köhnə maşt;visible;2;3;C;Ərizə
ARXIV/Ozallasma-abş-reg- yeni.xls;Ozallasma-abş-reg- yeni.xls;35;köhnə maşt;visible;2;4;D;Tex. Pasp.
ARXIV/Ozallasma-abş-reg- yeni.xls;Ozallasma-abş-reg- yeni.xls;35;köhnə maşt;visible;2;5;E;Qeyd.vəs.
ARXIV/Ozallasma-abş-reg- yeni.xls;Ozallasma-abş-reg- yeni.xls;35;köhnə maşt;visible;2;6;F;Müay. aktı
ARXIV/Ozallasma-abş-reg- yeni.xls;Ozallasma-abş-reg- yeni.xls;35;köhnə maşt;visible;2;7;G;Sovx. Əriz.
ARXIV/Ozallasma-abş-reg- yeni.xls;Ozallasma-abş-reg- yeni.xls;35;köhnə maşt;visible;2;8;H;Sovx. Arayışı
ARXIV/Ozallasma-abş-reg- yeni.xls;Ozallasma-abş-reg- yeni.xls;35;köhnə maşt;visible;2;9;I;Əmrdən çıxarış
ARXIV/Ozallasma-abş-reg- yeni.xls;Ozallasma-abş-reg- yeni.xls;35;köhnə maşt;visible;2;10;J;Qərar. Çıxar.
ARXIV/Ozallasma-abş-reg- yeni.xls;Ozallasma-abş-reg- yeni.xls;35;köhnə maşt;visible;2;11;K;Sərənc Çıxarış
ARXIV/Ozallasma-abş-reg- yeni.xls;Ozallasma-abş-reg- yeni.xls;35;köhnə maşt;visible;2;12;L;Order
ARXIV/Ozallasma-abş-reg- yeni.xls;Ozallasma-abş-reg- yeni.xls;35;köhnə maşt;visible;2;13;M;Alqı-satqı müqav.
ARXIV/Ozallasma-abş-reg- yeni.xls;Ozallasma-abş-reg- yeni.xls;35;köhnə maşt;visible;2;14;N;Vərəs. şəhad.
ARXIV/Ozallasma-abş-reg- yeni.xls;Ozallasma-abş-reg- yeni.xls;35;köhnə maşt;visible;2;15;O;Digər sənəd.
ARXIV/Ozallasma-abş-reg- yeni.xls;Ozallasma-abş-reg- yeni.xls;35;köhnə maşt;visible;2;16;P;İnven. N-si
ARXIV/Ozallasma-abş-reg- yeni.xls;Ozallasma-abş-reg- yeni.xls;35;köhnə maşt;visible;2;17;Q;Qeyd N-si
ARXIV/Ozallasma-abş-reg- yeni.xls;Ozallasma-abş-reg- yeni.xls;35;köhnə maşt;visible;2;18;R;Qeyd
ARXIV/Ozallasma-abş-reg- yeni.xls;Ozallasma-abş-reg- yeni.xls;36;köhnə kürdəx;visible;2;3;C;Ərizə
ARXIV/Ozallasma-abş-reg- yeni.xls;Ozallasma-abş-reg- yeni.xls;36;köhnə kürdəx;visible;2;4;D;Tex. Pasp.
ARXIV/Ozallasma-abş-reg- yeni.xls;Ozallasma-abş-reg- yeni.xls;36;köhnə kürdəx;visible;2;5;E;Qeyd.vəs.
ARXIV/Ozallasma-abş-reg- yeni.xls;Ozallasma-abş-reg- yeni.xls;36;köhnə kürdəx;visible;2;6;F;Müay. aktı
ARXIV/Ozallasma-abş-reg- yeni.xls;Ozallasma-abş-reg- yeni.xls;36;köhnə kürdəx;visible;2;7;G;Sovx. Əriz.
ARXIV/Ozallasma-abş-reg- yeni.xls;Ozallasma-abş-reg- yeni.xls;36;köhnə kürdəx;visible;2;8;H;Sovx. Arayışı
ARXIV/Ozallasma-abş-reg- yeni.xls;Ozallasma-abş-reg- yeni.xls;36;köhnə kürdəx;visible;2;9;I;Əmrdən çıxarış
ARXIV/Ozallasma-abş-reg- yeni.xls;Ozallasma-abş-reg- yeni.xls;36;köhnə kürdəx;visible;2;10;J;Qərar. Çıxar.
ARXIV/Ozallasma-abş-reg- yeni.xls;Ozallasma-abş-reg- yeni.xls;36;köhnə kürdəx;visible;2;11;K;Sərənc Çıxarış
ARXIV/Ozallasma-abş-reg- yeni.xls;Ozallasma-abş-reg- yeni.xls;36;köhnə kürdəx;visible;2;12;L;Order
ARXIV/Ozallasma-abş-reg- yeni.xls;Ozallasma-abş-reg- yeni.xls;36;köhnə kürdəx;visible;2;13;M;Alqı-satqı müqav.
ARXIV/Ozallasma-abş-reg- yeni.xls;Ozallasma-abş-reg- yeni.xls;36;köhnə kürdəx;visible;2;14;N;Vərəs. şəhad.
ARXIV/Ozallasma-abş-reg- yeni.xls;Ozallasma-abş-reg- yeni.xls;36;köhnə kürdəx;visible;2;15;O;Digər sənəd.
ARXIV/Ozallasma-abş-reg- yeni.xls;Ozallasma-abş-reg- yeni.xls;36;köhnə kürdəx;visible;2;16;P;İnven. N-si
ARXIV/Ozallasma-abş-reg- yeni.xls;Ozallasma-abş-reg- yeni.xls;36;köhnə kürdəx;visible;2;17;Q;Qeyd N-si
ARXIV/Ozallasma-abş-reg- yeni.xls;Ozallasma-abş-reg- yeni.xls;36;köhnə kürdəx;visible;2;18;R;Qeyd
ARXIV/Ozallasma-abş-reg- yeni.xls;Ozallasma-abş-reg- yeni.xls;37;köhnə hövsan;visible;2;3;C;Ərizə
ARXIV/Ozallasma-abş-reg- yeni.xls;Ozallasma-abş-reg- yeni.xls;37;köhnə hövsan;visible;2;4;D;Tex. Pasp.
ARXIV/Ozallasma-abş-reg- yeni.xls;Ozallasma-abş-reg- yeni.xls;37;köhnə hövsan;visible;2;5;E;Qeyd.vəs.
ARXIV/Ozallasma-abş-reg- yeni.xls;Ozallasma-abş-reg- yeni.xls;37;köhnə hövsan;visible;2;6;F;Müay. aktı
ARXIV/Ozallasma-abş-reg- yeni.xls;Ozallasma-abş-reg- yeni.xls;37;köhnə hövsan;visible;2;7;G;Sovx. Əriz.
ARXIV/Ozallasma-abş-reg- yeni.xls;Ozallasma-abş-reg- yeni.xls;37;köhnə hövsan;visible;2;8;H;Sovx. Arayışı
ARXIV/Ozallasma-abş-reg- yeni.xls;Ozallasma-abş-reg- yeni.xls;37;köhnə hövsan;visible;2;9;I;Əmrdən çıxarış
ARXIV/Ozallasma-abş-reg- yeni.xls;Ozallasma-abş-reg- yeni.xls;37;köhnə hövsan;visible;2;10;J;İstismara Qəbul Aktı
ARXIV/Ozallasma-abş-reg- yeni.xls;Ozallasma-abş-reg- yeni.xls;37;köhnə hövsan;visible;2;11;K;Qərar. Çıxar.
ARXIV/Ozallasma-abş-reg- yeni.xls;Ozallasma-abş-reg- yeni.xls;37;köhnə hövsan;visible;2;12;L;Sərənc Çıxarış
ARXIV/Ozallasma-abş-reg- yeni.xls;Ozallasma-abş-reg- yeni.xls;37;köhnə hövsan;visible;2;13;M;Order
ARXIV/Ozallasma-abş-reg- yeni.xls;Ozallasma-abş-reg- yeni.xls;37;köhnə hövsan;visible;2;14;N;Alqı-satqı müqav.
ARXIV/Ozallasma-abş-reg- yeni.xls;Ozallasma-abş-reg- yeni.xls;37;köhnə hövsan;visible;2;15;O;Vərəs. şəhad.
ARXIV/Ozallasma-abş-reg- yeni.xls;Ozallasma-abş-reg- yeni.xls;37;köhnə hövsan;visible;2;16;P;Digər sənəd.
ARXIV/Ozallasma-abş-reg- yeni.xls;Ozallasma-abş-reg- yeni.xls;37;köhnə hövsan;visible;2;17;Q;Qiymətləndirmə Cədvəli
ARXIV/Ozallasma-abş-reg- yeni.xls;Ozallasma-abş-reg- yeni.xls;37;köhnə hövsan;visible;2;18;R;İnven. N-si
ARXIV/Ozallasma-abş-reg- yeni.xls;Ozallasma-abş-reg- yeni.xls;37;köhnə hövsan;visible;2;19;S;Qeyd N-si
ARXIV/Ozallasma-abş-reg- yeni.xls;Ozallasma-abş-reg- yeni.xls;37;köhnə hövsan;visible;2;20;T;Qeyd
ARXIV/Ozallasma-abş-reg- yeni.xls;Ozallasma-abş-reg- yeni.xls;38;köhnə binə;visible;2;3;C;Ərizə
ARXIV/Ozallasma-abş-reg- yeni.xls;Ozallasma-abş-reg- yeni.xls;38;köhnə binə;visible;2;4;D;Texniki pasport
ARXIV/Ozallasma-abş-reg- yeni.xls;Ozallasma-abş-reg- yeni.xls;38;köhnə binə;visible;2;5;E;Qeyd.vəs.
ARXIV/Ozallasma-abş-reg- yeni.xls;Ozallasma-abş-reg- yeni.xls;38;köhnə binə;visible;2;6;F;Müayinə aktı
ARXIV/Ozallasma-abş-reg- yeni.xls;Ozallasma-abş-reg- yeni.xls;38;köhnə binə;visible;2;7;G;Sovx. Ərizəsi
ARXIV/Ozallasma-abş-reg- yeni.xls;Ozallasma-abş-reg- yeni.xls;38;köhnə binə;visible;2;8;H;Sovx. Arayışı
ARXIV/Ozallasma-abş-reg- yeni.xls;Ozallasma-abş-reg- yeni.xls;38;köhnə binə;visible;2;9;I;Əmrdən çıxarış
ARXIV/Ozallasma-abş-reg- yeni.xls;Ozallasma-abş-reg- yeni.xls;38;köhnə binə;visible;2;10;J;Qərardan çıxarış
ARXIV/Ozallasma-abş-reg- yeni.xls;Ozallasma-abş-reg- yeni.xls;38;köhnə binə;visible;2;11;K;Order
ARXIV/Ozallasma-abş-reg- yeni.xls;Ozallasma-abş-reg- yeni.xls;38;köhnə binə;visible;2;12;L;Alqı-satqı müqav.
ARXIV/Ozallasma-abş-reg- yeni.xls;Ozallasma-abş-reg- yeni.xls;38;köhnə binə;visible;2;13;M;Vərəsəlik şəhadət.
ARXIV/Ozallasma-abş-reg- yeni.xls;Ozallasma-abş-reg- yeni.xls;38;köhnə binə;visible;2;14;N;Digər sənədlər
ARXIV/Ozallasma-abş-reg- yeni.xls;Ozallasma-abş-reg- yeni.xls;38;köhnə binə;visible;2;15;O;İnventaN-si
ARXIV/Ozallasma-abş-reg- yeni.xls;Ozallasma-abş-reg- yeni.xls;38;köhnə binə;visible;2;16;P;Qeyd N-si
ARXIV/PROTOKOLLAR baza bağ.xls;PROTOKOLLAR baza bağ.xls;1;Лист1;visible;2;1;A;Sıra nömrəsi
ARXIV/PROTOKOLLAR baza bağ.xls;PROTOKOLLAR baza bağ.xls;1;Лист1;visible;2;2;B;Soyadı, adı, ata adı
ARXIV/PROTOKOLLAR baza bağ.xls;PROTOKOLLAR baza bağ.xls;1;Лист1;visible;2;3;C;Ərazi
ARXIV/PROTOKOLLAR baza bağ.xls;PROTOKOLLAR baza bağ.xls;1;Лист1;visible;2;4;D;BTK
ARXIV/PROTOKOLLAR baza bağ.xls;PROTOKOLLAR baza bağ.xls;1;Лист1;visible;2;5;E;Orderin nömrəsi
ARXIV/PROTOKOLLAR baza bağ.xls;PROTOKOLLAR baza bağ.xls;1;Лист1;visible;2;6;F;Bağ nömrəsi
ARXIV/PROTOKOLLAR baza bağ.xls;PROTOKOLLAR baza bağ.xls;1;Лист1;visible;2;7;G;Qeyd (son235)
ARXIV/Pasport ƏMDK-əsas.xls;Pasport ƏMDK-əsas.xls;1;Лист1;visible;1;1;A;Sıra nömrəsi
ARXIV/Pasport ƏMDK-əsas.xls;Pasport ƏMDK-əsas.xls;1;Лист1;visible;1;2;B;Ünvan
ARXIV/Pasport ƏMDK-əsas.xls;Pasport ƏMDK-əsas.xls;1;Лист1;visible;1;3;C;Mülkiyyətçi
ARXIV/Pasport ƏMDK-əsas.xls;Pasport ƏMDK-əsas.xls;1;Лист1;visible;1;4;D;Tabeçiliyində olduğu təşkilatın adı
ARXIV/Pasport ƏMDK-əsas.xls;Pasport ƏMDK-əsas.xls;1;Лист1;visible;1;5;E;Ümumi sahə kv
ARXIV/Pasport ƏMDK-əsas.xls;Pasport ƏMDK-əsas.xls;1;Лист1;visible;1;6;F;Əsas sahə kv
ARXIV/Pasport ƏMDK-əsas.xls;Pasport ƏMDK-əsas.xls;1;Лист1;visible;1;7;G;İnventar və tərtib edilmə tarixi
ARXIV/Pasport ƏMDK-əsas.xls;Pasport ƏMDK-əsas.xls;1;Лист1;visible;1;8;H;Qovluq nömrəsi
ARXIV/Pasport ƏMDK-əsas.xls;Pasport ƏMDK-əsas.xls;1;Лист1;visible;1;9;I;Qeyd
ARXIV/YOLDASHLIQ SIYAHISI.xls;YOLDASHLIQ SIYAHISI.xls;1;Лист3;visible;2;1;A;İdarə, müəssisə və yoldaşlığın adı
ARXIV/YOLDASHLIQ SIYAHISI.xls;YOLDASHLIQ SIYAHISI.xls;1;Лист3;visible;2;2;B;`
ARXIV/YOLDASHLIQ SIYAHISI.xls;YOLDASHLIQ SIYAHISI.xls;1;Лист3;visible;2;3;C;Bağ massivinin adı
ARXIV/YOLDASHLIQ SIYAHISI.xls;YOLDASHLIQ SIYAHISI.xls;1;Лист3;visible;2;4;D;Üzvlərin sayı
ARXIV/YOLDASHLIQ SIYAHISI.xls;YOLDASHLIQ SIYAHISI.xls;1;Лист3;visible;2;5;E;Sıra sayı
ARXIV/YOLDASHLIQ SIYAHISI.xls;YOLDASHLIQ SIYAHISI.xls;1;Лист3;visible;2;6;F;Qərar
ARXIV/YOLDASHLIQ SIYAHISI.xls;YOLDASHLIQ SIYAHISI.xls;1;Лист3;visible;2;7;G;N
ARXIV/YOLDASHLIQ SIYAHISI.xls;YOLDASHLIQ SIYAHISI.xls;1;Лист3;visible;2;8;H;siyahı
ARXIV/YOLDASHLIQ SIYAHISI.xls;YOLDASHLIQ SIYAHISI.xls;1;Лист3;visible;2;9;I;ayrıc aktı
ARXIV/order.xlsx;order.xlsx;2;Лист1;visible;2;1;A;Sıra nömrəsi
ARXIV/order.xlsx;order.xlsx;2;Лист1;visible;2;2;B;Soyadı, adı, ata adı
ARXIV/order.xlsx;order.xlsx;2;Лист1;visible;2;3;C;Ərazi
ARXIV/order.xlsx;order.xlsx;2;Лист1;visible;2;4;D;BTK
ARXIV/order.xlsx;order.xlsx;2;Лист1;visible;2;5;E;Orderin nömrəsi
ARXIV/order.xlsx;order.xlsx;2;Лист1;visible;2;6;F;Bağ nömrəsi
ARXIV/order.xlsx;order.xlsx;2;Лист1;visible;2;7;G;Qeyd
ARXIV/Fərdi yaş və qarajlar/Balaxanı həy evi.xls;Balaxanı həy evi.xls;1;Sheet1;visible;1;1;A;Opis
ARXIV/Fərdi yaş və qarajlar/Balaxanı həy evi.xls;Balaxanı həy evi.xls;1;Sheet1;visible;1;2;B;Adı soy adı
ARXIV/Fərdi yaş və qarajlar/Balaxanı həy evi.xls;Balaxanı həy evi.xls;1;Sheet1;visible;1;3;C;Qəsəbə
ARXIV/Fərdi yaş və qarajlar/Balaxanı həy evi.xls;Balaxanı həy evi.xls;1;Sheet1;visible;1;4;D;Ünvan
ARXIV/Fərdi yaş və qarajlar/Balaxanı həy evi.xls;Balaxanı həy evi.xls;1;Sheet1;visible;1;5;E;ev №
ARXIV/Fərdi yaş və qarajlar/Balaxanı həy evi.xls;Balaxanı həy evi.xls;1;Sheet1;visible;1;6;F;Əlavə məlumat
ARXIV/Fərdi yaş və qarajlar/Balaxanı həy evi.xls;Balaxanı həy evi.xls;1;Sheet1;visible;1;7;G;Əlavə məlumat
ARXIV/Fərdi yaş və qarajlar/Bilqəh-Bakıx həy evi.xls;Bilqəh-Bakıx həy evi.xls;1;Bilgəh;visible;1;1;A;Opis
ARXIV/Fərdi yaş və qarajlar/Bilqəh-Bakıx həy evi.xls;Bilqəh-Bakıx həy evi.xls;1;Bilgəh;visible;1;2;B;Adı soy adı
ARXIV/Fərdi yaş və qarajlar/Bilqəh-Bakıx həy evi.xls;Bilqəh-Bakıx həy evi.xls;1;Bilgəh;visible;1;3;C;Qəsəbə
ARXIV/Fərdi yaş və qarajlar/Bilqəh-Bakıx həy evi.xls;Bilqəh-Bakıx həy evi.xls;1;Bilgəh;visible;1;4;D;Ünvan
ARXIV/Fərdi yaş və qarajlar/Bilqəh-Bakıx həy evi.xls;Bilqəh-Bakıx həy evi.xls;1;Bilgəh;visible;1;5;E;ev №
ARXIV/Fərdi yaş və qarajlar/Bilqəh-Bakıx həy evi.xls;Bilqəh-Bakıx həy evi.xls;1;Bilgəh;visible;1;6;F;Əlavə məlumat
ARXIV/Fərdi yaş və qarajlar/Bilqəh-Bakıx həy evi.xls;Bilqəh-Bakıx həy evi.xls;1;Bilgəh;visible;1;7;G;Əlavə məlumat
ARXIV/Fərdi yaş və qarajlar/Bilqəh-Bakıx həy evi.xls;Bilqəh-Bakıx həy evi.xls;2;Bakıxanov;visible;2;1;A;Opis
ARXIV/Fərdi yaş və qarajlar/Bilqəh-Bakıx həy evi.xls;Bilqəh-Bakıx həy evi.xls;2;Bakıxanov;visible;2;2;B;Adı soy adı
ARXIV/Fərdi yaş və qarajlar/Bilqəh-Bakıx həy evi.xls;Bilqəh-Bakıx həy evi.xls;2;Bakıxanov;visible;2;3;C;Qəsəbə
ARXIV/Fərdi yaş və qarajlar/Bilqəh-Bakıx həy evi.xls;Bilqəh-Bakıx həy evi.xls;2;Bakıxanov;visible;2;4;D;Ünvan
ARXIV/Fərdi yaş və qarajlar/Bilqəh-Bakıx həy evi.xls;Bilqəh-Bakıx həy evi.xls;2;Bakıxanov;visible;2;5;E;ev №
ARXIV/Fərdi yaş və qarajlar/Bilqəh-Bakıx həy evi.xls;Bilqəh-Bakıx həy evi.xls;2;Bakıxanov;visible;2;6;F;Əlavə məlumat
ARXIV/Fərdi yaş və qarajlar/Bilqəh-Bakıx həy evi.xls;Bilqəh-Bakıx həy evi.xls;2;Bakıxanov;visible;2;7;G;Əlavə məlumat
ARXIV/Fərdi yaş və qarajlar/Bilqəh-Bakıx həy evi.xls;Bilqəh-Bakıx həy evi.xls;3;Bakıxanov ss;visible;4;1;A;Opis
ARXIV/Fərdi yaş və qarajlar/Bilqəh-Bakıx həy evi.xls;Bilqəh-Bakıx həy evi.xls;3;Bakıxanov ss;visible;4;2;B;Adı soy adı
ARXIV/Fərdi yaş və qarajlar/Bilqəh-Bakıx həy evi.xls;Bilqəh-Bakıx həy evi.xls;3;Bakıxanov ss;visible;4;3;C;Qəsəbə
ARXIV/Fərdi yaş və qarajlar/Bilqəh-Bakıx həy evi.xls;Bilqəh-Bakıx həy evi.xls;3;Bakıxanov ss;visible;4;4;D;Ünvan
ARXIV/Fərdi yaş və qarajlar/Bilqəh-Bakıx həy evi.xls;Bilqəh-Bakıx həy evi.xls;3;Bakıxanov ss;visible;4;5;E;ev №
ARXIV/Fərdi yaş və qarajlar/Bilqəh-Bakıx həy evi.xls;Bilqəh-Bakıx həy evi.xls;3;Bakıxanov ss;visible;4;6;F;Əlavə məlumat
ARXIV/Fərdi yaş və qarajlar/Bilqəh-Bakıx həy evi.xls;Bilqəh-Bakıx həy evi.xls;3;Bakıxanov ss;visible;4;7;G;Əlavə məlumat
ARXIV/Fərdi yaş və qarajlar/Bülbülə həy evi.xls;Bülbülə həy evi.xls;1;Sheet1;visible;1;1;A;Opis
ARXIV/Fərdi yaş və qarajlar/Bülbülə həy evi.xls;Bülbülə həy evi.xls;1;Sheet1;visible;1;2;B;Adı soy adı
ARXIV/Fərdi yaş və qarajlar/Bülbülə həy evi.xls;Bülbülə həy evi.xls;1;Sheet1;visible;1;3;C;Qəsəbə
ARXIV/Fərdi yaş və qarajlar/Bülbülə həy evi.xls;Bülbülə həy evi.xls;1;Sheet1;visible;1;4;D;Ünvan
ARXIV/Fərdi yaş və qarajlar/Bülbülə həy evi.xls;Bülbülə həy evi.xls;1;Sheet1;visible;1;5;E;ev №
ARXIV/Fərdi yaş və qarajlar/Bülbülə həy evi.xls;Bülbülə həy evi.xls;1;Sheet1;visible;1;6;F;Əlavə məlumat
ARXIV/Fərdi yaş və qarajlar/Bülbülə həy evi.xls;Bülbülə həy evi.xls;1;Sheet1;visible;1;7;G;Əlavə məlumat
ARXIV/Fərdi yaş və qarajlar/Fərdi yaş ev.SS.xlsx;Fərdi yaş ev.SS.xlsx;1;Yasamal;visible;4;1;A;№
ARXIV/Fərdi yaş və qarajlar/Fərdi yaş ev.SS.xlsx;Fərdi yaş ev.SS.xlsx;1;Yasamal;visible;4;2;B;Ad və Soyad
ARXIV/Fərdi yaş və qarajlar/Fərdi yaş ev.SS.xlsx;Fərdi yaş ev.SS.xlsx;1;Yasamal;visible;4;3;C;Rayon
ARXIV/Fərdi yaş və qarajlar/Fərdi yaş ev.SS.xlsx;Fərdi yaş ev.SS.xlsx;1;Yasamal;visible;4;4;D;Küçə
ARXIV/Fərdi yaş və qarajlar/Fərdi yaş ev.SS.xlsx;Fərdi yaş ev.SS.xlsx;1;Yasamal;visible;4;5;E;ev №
ARXIV/Fərdi yaş və qarajlar/Fərdi yaş ev.SS.xlsx;Fərdi yaş ev.SS.xlsx;1;Yasamal;visible;4;6;F;əlavə
ARXIV/Fərdi yaş və qarajlar/Fərdi yaş ev.SS.xlsx;Fərdi yaş ev.SS.xlsx;2;Nəsimi;visible;6;1;A;№
ARXIV/Fərdi yaş və qarajlar/Fərdi yaş ev.SS.xlsx;Fərdi yaş ev.SS.xlsx;2;Nəsimi;visible;6;2;B;Ad və Soyad
ARXIV/Fərdi yaş və qarajlar/Fərdi yaş ev.SS.xlsx;Fərdi yaş ev.SS.xlsx;2;Nəsimi;visible;6;3;C;Rayon
ARXIV/Fərdi yaş və qarajlar/Fərdi yaş ev.SS.xlsx;Fərdi yaş ev.SS.xlsx;2;Nəsimi;visible;6;4;D;Küçə
ARXIV/Fərdi yaş və qarajlar/Fərdi yaş ev.SS.xlsx;Fərdi yaş ev.SS.xlsx;2;Nəsimi;visible;6;5;E;ev №
ARXIV/Fərdi yaş və qarajlar/Fərdi yaş ev.SS.xlsx;Fərdi yaş ev.SS.xlsx;2;Nəsimi;visible;6;6;F;əlavə
ARXIV/Fərdi yaş və qarajlar/Fərdi yaş ev.SS.xlsx;Fərdi yaş ev.SS.xlsx;3;Nərimanov;visible;6;1;A;№
ARXIV/Fərdi yaş və qarajlar/Fərdi yaş ev.SS.xlsx;Fərdi yaş ev.SS.xlsx;3;Nərimanov;visible;6;2;B;Ad və Soyad
ARXIV/Fərdi yaş və qarajlar/Fərdi yaş ev.SS.xlsx;Fərdi yaş ev.SS.xlsx;3;Nərimanov;visible;6;3;C;Rayon
ARXIV/Fərdi yaş və qarajlar/Fərdi yaş ev.SS.xlsx;Fərdi yaş ev.SS.xlsx;3;Nərimanov;visible;6;4;D;Küçə
ARXIV/Fərdi yaş və qarajlar/Fərdi yaş ev.SS.xlsx;Fərdi yaş ev.SS.xlsx;3;Nərimanov;visible;6;5;E;ev №
ARXIV/Fərdi yaş və qarajlar/Fərdi yaş ev.SS.xlsx;Fərdi yaş ev.SS.xlsx;3;Nərimanov;visible;6;6;F;əlavə
ARXIV/Fərdi yaş və qarajlar/Fərdi yaş ev.SS.xlsx;Fərdi yaş ev.SS.xlsx;4;Səbail;visible;6;1;A;№
ARXIV/Fərdi yaş və qarajlar/Fərdi yaş ev.SS.xlsx;Fərdi yaş ev.SS.xlsx;4;Səbail;visible;6;2;B;Ad və Soyad
ARXIV/Fərdi yaş və qarajlar/Fərdi yaş ev.SS.xlsx;Fərdi yaş ev.SS.xlsx;4;Səbail;visible;6;3;C;Rayon
ARXIV/Fərdi yaş və qarajlar/Fərdi yaş ev.SS.xlsx;Fərdi yaş ev.SS.xlsx;4;Səbail;visible;6;4;D;Küçə
ARXIV/Fərdi yaş və qarajlar/Fərdi yaş ev.SS.xlsx;Fərdi yaş ev.SS.xlsx;4;Səbail;visible;6;5;E;ev №
ARXIV/Fərdi yaş və qarajlar/Fərdi yaş ev.SS.xlsx;Fərdi yaş ev.SS.xlsx;4;Səbail;visible;6;6;F;əlavə
ARXIV/Fərdi yaş və qarajlar/Fərdi yaş ev.SS.xlsx;Fərdi yaş ev.SS.xlsx;5;Nizami;visible;5;1;A;№
ARXIV/Fərdi yaş və qarajlar/Fərdi yaş ev.SS.xlsx;Fərdi yaş ev.SS.xlsx;5;Nizami;visible;5;2;B;Ad və Soyad
ARXIV/Fərdi yaş və qarajlar/Fərdi yaş ev.SS.xlsx;Fərdi yaş ev.SS.xlsx;5;Nizami;visible;5;3;C;Rayon
ARXIV/Fərdi yaş və qarajlar/Fərdi yaş ev.SS.xlsx;Fərdi yaş ev.SS.xlsx;5;Nizami;visible;5;4;D;Küçə
ARXIV/Fərdi yaş və qarajlar/Fərdi yaş ev.SS.xlsx;Fərdi yaş ev.SS.xlsx;5;Nizami;visible;5;5;E;ev №
ARXIV/Fərdi yaş və qarajlar/Fərdi yaş ev.SS.xlsx;Fərdi yaş ev.SS.xlsx;5;Nizami;visible;5;6;F;əlavə
ARXIV/Fərdi yaş və qarajlar/Fərdi yaş ev.SS.xlsx;Fərdi yaş ev.SS.xlsx;6;Xətai;visible;7;1;A;№
ARXIV/Fərdi yaş və qarajlar/Fərdi yaş ev.SS.xlsx;Fərdi yaş ev.SS.xlsx;6;Xətai;visible;7;2;B;Ad və Soyad
ARXIV/Fərdi yaş və qarajlar/Fərdi yaş ev.SS.xlsx;Fərdi yaş ev.SS.xlsx;6;Xətai;visible;7;3;C;Rayon
ARXIV/Fərdi yaş və qarajlar/Fərdi yaş ev.SS.xlsx;Fərdi yaş ev.SS.xlsx;6;Xətai;visible;7;4;D;Küçə
ARXIV/Fərdi yaş və qarajlar/Fərdi yaş ev.SS.xlsx;Fərdi yaş ev.SS.xlsx;6;Xətai;visible;7;5;E;ev №
ARXIV/Fərdi yaş və qarajlar/Fərdi yaş ev.SS.xlsx;Fərdi yaş ev.SS.xlsx;6;Xətai;visible;7;6;F;əlavə
ARXIV/Fərdi yaş və qarajlar/Fərdi yaş ev.SS.xlsx;Fərdi yaş ev.SS.xlsx;7;Əhmədli;visible;7;1;A;№
ARXIV/Fərdi yaş və qarajlar/Fərdi yaş ev.SS.xlsx;Fərdi yaş ev.SS.xlsx;7;Əhmədli;visible;7;2;B;Ad və Soyad
ARXIV/Fərdi yaş və qarajlar/Fərdi yaş ev.SS.xlsx;Fərdi yaş ev.SS.xlsx;7;Əhmədli;visible;7;3;C;Rayon
ARXIV/Fərdi yaş və qarajlar/Fərdi yaş ev.SS.xlsx;Fərdi yaş ev.SS.xlsx;7;Əhmədli;visible;7;4;D;Küçə
ARXIV/Fərdi yaş və qarajlar/Fərdi yaş ev.SS.xlsx;Fərdi yaş ev.SS.xlsx;7;Əhmədli;visible;7;5;E;ev №
ARXIV/Fərdi yaş və qarajlar/Fərdi yaş ev.SS.xlsx;Fərdi yaş ev.SS.xlsx;7;Əhmədli;visible;7;6;F;əlavə
ARXIV/Fərdi yaş və qarajlar/Fərdi yaş ev.SS.xlsx;Fərdi yaş ev.SS.xlsx;8;Dmitrov;visible;6;1;A;№
ARXIV/Fərdi yaş və qarajlar/Fərdi yaş ev.SS.xlsx;Fərdi yaş ev.SS.xlsx;8;Dmitrov;visible;6;2;B;Ad və Soyad
ARXIV/Fərdi yaş və qarajlar/Fərdi yaş ev.SS.xlsx;Fərdi yaş ev.SS.xlsx;8;Dmitrov;visible;6;3;C;Rayon
ARXIV/Fərdi yaş və qarajlar/Fərdi yaş ev.SS.xlsx;Fərdi yaş ev.SS.xlsx;8;Dmitrov;visible;6;4;D;Küçə
ARXIV/Fərdi yaş və qarajlar/Fərdi yaş ev.SS.xlsx;Fərdi yaş ev.SS.xlsx;8;Dmitrov;visible;6;5;E;ev №
ARXIV/Fərdi yaş və qarajlar/Fərdi yaş ev.SS.xlsx;Fərdi yaş ev.SS.xlsx;8;Dmitrov;visible;6;6;F;əlavə
ARXIV/Fərdi yaş və qarajlar/Hövsan həy evi.xls;Hövsan həy evi.xls;1;Sheet1;visible;1;1;A;Opis
ARXIV/Fərdi yaş və qarajlar/Hövsan həy evi.xls;Hövsan həy evi.xls;1;Sheet1;visible;1;2;B;Adı soy adı
ARXIV/Fərdi yaş və qarajlar/Hövsan həy evi.xls;Hövsan həy evi.xls;1;Sheet1;visible;1;3;C;Qəsəbə
ARXIV/Fərdi yaş və qarajlar/Hövsan həy evi.xls;Hövsan həy evi.xls;1;Sheet1;visible;1;4;D;Ünvan
ARXIV/Fərdi yaş və qarajlar/Hövsan həy evi.xls;Hövsan həy evi.xls;1;Sheet1;visible;1;5;E;ev №
ARXIV/Fərdi yaş və qarajlar/Hövsan həy evi.xls;Hövsan həy evi.xls;1;Sheet1;visible;1;6;F;Əlavə məlumat
ARXIV/Fərdi yaş və qarajlar/Hövsan həy evi.xls;Hövsan həy evi.xls;1;Sheet1;visible;1;7;G;Əlavə məlumat
ARXIV/Fərdi yaş və qarajlar/Köhnə Texniki-pasportlar (qutuda olanlar).xlsx;Köhnə Texniki-pasportlar (qutuda olanlar).xlsx;1;Bilgəh;visible;1;1;A;İnventar
ARXIV/Fərdi yaş və qarajlar/Köhnə Texniki-pasportlar (qutuda olanlar).xlsx;Köhnə Texniki-pasportlar (qutuda olanlar).xlsx;1;Bilgəh;visible;1;2;B;T/p nöm
ARXIV/Fərdi yaş və qarajlar/Köhnə Texniki-pasportlar (qutuda olanlar).xlsx;Köhnə Texniki-pasportlar (qutuda olanlar).xlsx;1;Bilgəh;visible;1;3;C;Ad.Soyad ata adı
ARXIV/Fərdi yaş və qarajlar/Köhnə Texniki-pasportlar (qutuda olanlar).xlsx;Köhnə Texniki-pasportlar (qutuda olanlar).xlsx;1;Bilgəh;visible;1;4;D;Qəsəbə
ARXIV/Fərdi yaş və qarajlar/Köhnə Texniki-pasportlar (qutuda olanlar).xlsx;Köhnə Texniki-pasportlar (qutuda olanlar).xlsx;1;Bilgəh;visible;1;5;E;Ünvan
ARXIV/Fərdi yaş və qarajlar/Köhnə Texniki-pasportlar (qutuda olanlar).xlsx;Köhnə Texniki-pasportlar (qutuda olanlar).xlsx;2;Balaxanı;visible;1;1;A;İnv
ARXIV/Fərdi yaş və qarajlar/Köhnə Texniki-pasportlar (qutuda olanlar).xlsx;Köhnə Texniki-pasportlar (qutuda olanlar).xlsx;2;Balaxanı;visible;1;2;B;N t/p
ARXIV/Fərdi yaş və qarajlar/Köhnə Texniki-pasportlar (qutuda olanlar).xlsx;Köhnə Texniki-pasportlar (qutuda olanlar).xlsx;2;Balaxanı;visible;1;3;C;Ad Soyad - Ata adı
ARXIV/Fərdi yaş və qarajlar/Köhnə Texniki-pasportlar (qutuda olanlar).xlsx;Köhnə Texniki-pasportlar (qutuda olanlar).xlsx;2;Balaxanı;visible;1;4;D;Qəsəbə
ARXIV/Fərdi yaş və qarajlar/Köhnə Texniki-pasportlar (qutuda olanlar).xlsx;Köhnə Texniki-pasportlar (qutuda olanlar).xlsx;2;Balaxanı;visible;1;5;E;Küçə adı
ARXIV/Fərdi yaş və qarajlar/Köhnə Texniki-pasportlar (qutuda olanlar).xlsx;Köhnə Texniki-pasportlar (qutuda olanlar).xlsx;2;Balaxanı;visible;1;6;F;Ev
ARXIV/Fərdi yaş və qarajlar/Köhnə Texniki-pasportlar (qutuda olanlar).xlsx;Köhnə Texniki-pasportlar (qutuda olanlar).xlsx;2;Balaxanı;visible;1;7;G;dal/dön
ARXIV/Fərdi yaş və qarajlar/Köhnə Texniki-pasportlar (qutuda olanlar).xlsx;Köhnə Texniki-pasportlar (qutuda olanlar).xlsx;2;Balaxanı;visible;1;8;H;Məlumat
ARXIV/Fərdi yaş və qarajlar/Köhnə Texniki-pasportlar (qutuda olanlar).xlsx;Köhnə Texniki-pasportlar (qutuda olanlar).xlsx;2;Balaxanı;visible;1;9;I;Əlavə
ARXIV/Fərdi yaş və qarajlar/Köhnə Texniki-pasportlar (qutuda olanlar).xlsx;Köhnə Texniki-pasportlar (qutuda olanlar).xlsx;3;Zabrat;visible;1;1;A;İnv
ARXIV/Fərdi yaş və qarajlar/Köhnə Texniki-pasportlar (qutuda olanlar).xlsx;Köhnə Texniki-pasportlar (qutuda olanlar).xlsx;3;Zabrat;visible;1;2;B;N t/p
ARXIV/Fərdi yaş və qarajlar/Köhnə Texniki-pasportlar (qutuda olanlar).xlsx;Köhnə Texniki-pasportlar (qutuda olanlar).xlsx;3;Zabrat;visible;1;3;C;Ad Soyad - Ata adı
ARXIV/Fərdi yaş və qarajlar/Köhnə Texniki-pasportlar (qutuda olanlar).xlsx;Köhnə Texniki-pasportlar (qutuda olanlar).xlsx;3;Zabrat;visible;1;4;D;Qəsəbə
ARXIV/Fərdi yaş və qarajlar/Köhnə Texniki-pasportlar (qutuda olanlar).xlsx;Köhnə Texniki-pasportlar (qutuda olanlar).xlsx;3;Zabrat;visible;1;5;E;Küçə adı
ARXIV/Fərdi yaş və qarajlar/Köhnə Texniki-pasportlar (qutuda olanlar).xlsx;Köhnə Texniki-pasportlar (qutuda olanlar).xlsx;3;Zabrat;visible;1;6;F;Ev
ARXIV/Fərdi yaş və qarajlar/Köhnə Texniki-pasportlar (qutuda olanlar).xlsx;Köhnə Texniki-pasportlar (qutuda olanlar).xlsx;3;Zabrat;visible;1;7;G;dal/dön
ARXIV/Fərdi yaş və qarajlar/Köhnə Texniki-pasportlar (qutuda olanlar).xlsx;Köhnə Texniki-pasportlar (qutuda olanlar).xlsx;3;Zabrat;visible;1;8;H;Məlumat
ARXIV/Fərdi yaş və qarajlar/Köhnə Texniki-pasportlar (qutuda olanlar).xlsx;Köhnə Texniki-pasportlar (qutuda olanlar).xlsx;3;Zabrat;visible;1;9;I;Əlavə
ARXIV/Fərdi yaş və qarajlar/Köhnə Texniki-pasportlar (qutuda olanlar).xlsx;Köhnə Texniki-pasportlar (qutuda olanlar).xlsx;4;Maşdağa;visible;1;1;A;İnv
ARXIV/Fərdi yaş və qarajlar/Köhnə Texniki-pasportlar (qutuda olanlar).xlsx;Köhnə Texniki-pasportlar (qutuda olanlar).xlsx;4;Maşdağa;visible;1;2;B;N t/p
ARXIV/Fərdi yaş və qarajlar/Köhnə Texniki-pasportlar (qutuda olanlar).xlsx;Köhnə Texniki-pasportlar (qutuda olanlar).xlsx;4;Maşdağa;visible;1;3;C;Ad Soyad - Ata adı
ARXIV/Fərdi yaş və qarajlar/Köhnə Texniki-pasportlar (qutuda olanlar).xlsx;Köhnə Texniki-pasportlar (qutuda olanlar).xlsx;4;Maşdağa;visible;1;4;D;Qəsəbə
ARXIV/Fərdi yaş və qarajlar/Köhnə Texniki-pasportlar (qutuda olanlar).xlsx;Köhnə Texniki-pasportlar (qutuda olanlar).xlsx;4;Maşdağa;visible;1;5;E;Küçə adı
ARXIV/Fərdi yaş və qarajlar/Köhnə Texniki-pasportlar (qutuda olanlar).xlsx;Köhnə Texniki-pasportlar (qutuda olanlar).xlsx;4;Maşdağa;visible;1;6;F;Ev
ARXIV/Fərdi yaş və qarajlar/Köhnə Texniki-pasportlar (qutuda olanlar).xlsx;Köhnə Texniki-pasportlar (qutuda olanlar).xlsx;4;Maşdağa;visible;1;7;G;dal/dön
ARXIV/Fərdi yaş və qarajlar/Köhnə Texniki-pasportlar (qutuda olanlar).xlsx;Köhnə Texniki-pasportlar (qutuda olanlar).xlsx;4;Maşdağa;visible;1;8;H;Məlumat
ARXIV/Fərdi yaş və qarajlar/Köhnə Texniki-pasportlar (qutuda olanlar).xlsx;Köhnə Texniki-pasportlar (qutuda olanlar).xlsx;4;Maşdağa;visible;1;9;I;Əlavə
ARXIV/Fərdi yaş və qarajlar/Köhnə Texniki-pasportlar (qutuda olanlar).xlsx;Köhnə Texniki-pasportlar (qutuda olanlar).xlsx;5;Dimitrov.Jdanova.Əbilov.Puta;visible;1;1;A;İnv
ARXIV/Fərdi yaş və qarajlar/Köhnə Texniki-pasportlar (qutuda olanlar).xlsx;Köhnə Texniki-pasportlar (qutuda olanlar).xlsx;5;Dimitrov.Jdanova.Əbilov.Puta;visible;1;2;B;N t/p
ARXIV/Fərdi yaş və qarajlar/Köhnə Texniki-pasportlar (qutuda olanlar).xlsx;Köhnə Texniki-pasportlar (qutuda olanlar).xlsx;5;Dimitrov.Jdanova.Əbilov.Puta;visible;1;3;C;Ad Soyad - Ata adı
ARXIV/Fərdi yaş və qarajlar/Köhnə Texniki-pasportlar (qutuda olanlar).xlsx;Köhnə Texniki-pasportlar (qutuda olanlar).xlsx;5;Dimitrov.Jdanova.Əbilov.Puta;visible;1;4;D;Qəsəbə
ARXIV/Fərdi yaş və qarajlar/Köhnə Texniki-pasportlar (qutuda olanlar).xlsx;Köhnə Texniki-pasportlar (qutuda olanlar).xlsx;5;Dimitrov.Jdanova.Əbilov.Puta;visible;1;5;E;Küçə adı
ARXIV/Fərdi yaş və qarajlar/Köhnə Texniki-pasportlar (qutuda olanlar).xlsx;Köhnə Texniki-pasportlar (qutuda olanlar).xlsx;5;Dimitrov.Jdanova.Əbilov.Puta;visible;1;6;F;Ev
ARXIV/Fərdi yaş və qarajlar/Köhnə Texniki-pasportlar (qutuda olanlar).xlsx;Köhnə Texniki-pasportlar (qutuda olanlar).xlsx;5;Dimitrov.Jdanova.Əbilov.Puta;visible;1;7;G;dal/dön
ARXIV/Fərdi yaş və qarajlar/Köhnə Texniki-pasportlar (qutuda olanlar).xlsx;Köhnə Texniki-pasportlar (qutuda olanlar).xlsx;6;Zirə;visible;1;1;A;İnv
ARXIV/Fərdi yaş və qarajlar/Köhnə Texniki-pasportlar (qutuda olanlar).xlsx;Köhnə Texniki-pasportlar (qutuda olanlar).xlsx;6;Zirə;visible;1;2;B;N t/p
ARXIV/Fərdi yaş və qarajlar/Köhnə Texniki-pasportlar (qutuda olanlar).xlsx;Köhnə Texniki-pasportlar (qutuda olanlar).xlsx;6;Zirə;visible;1;3;C;Ad Soyad - Ata adı
ARXIV/Fərdi yaş və qarajlar/Köhnə Texniki-pasportlar (qutuda olanlar).xlsx;Köhnə Texniki-pasportlar (qutuda olanlar).xlsx;6;Zirə;visible;1;4;D;Qəsəbə
ARXIV/Fərdi yaş və qarajlar/Köhnə Texniki-pasportlar (qutuda olanlar).xlsx;Köhnə Texniki-pasportlar (qutuda olanlar).xlsx;6;Zirə;visible;1;5;E;Küçə adı
ARXIV/Fərdi yaş və qarajlar/Köhnə Texniki-pasportlar (qutuda olanlar).xlsx;Köhnə Texniki-pasportlar (qutuda olanlar).xlsx;6;Zirə;visible;1;6;F;Ev
ARXIV/Fərdi yaş və qarajlar/Köhnə Texniki-pasportlar (qutuda olanlar).xlsx;Köhnə Texniki-pasportlar (qutuda olanlar).xlsx;6;Zirə;visible;1;7;G;dal/dön
ARXIV/Fərdi yaş və qarajlar/Köhnə Texniki-pasportlar (qutuda olanlar).xlsx;Köhnə Texniki-pasportlar (qutuda olanlar).xlsx;6;Zirə;visible;1;8;H;Əlavə
ARXIV/Fərdi yaş və qarajlar/Köhnə Texniki-pasportlar (qutuda olanlar).xlsx;Köhnə Texniki-pasportlar (qutuda olanlar).xlsx;7;Pirşağı.;visible;1;1;A;İnv
ARXIV/Fərdi yaş və qarajlar/Köhnə Texniki-pasportlar (qutuda olanlar).xlsx;Köhnə Texniki-pasportlar (qutuda olanlar).xlsx;7;Pirşağı.;visible;1;2;B;N t/p
ARXIV/Fərdi yaş və qarajlar/Köhnə Texniki-pasportlar (qutuda olanlar).xlsx;Köhnə Texniki-pasportlar (qutuda olanlar).xlsx;7;Pirşağı.;visible;1;3;C;Ad Soyad - Ata adı
ARXIV/Fərdi yaş və qarajlar/Köhnə Texniki-pasportlar (qutuda olanlar).xlsx;Köhnə Texniki-pasportlar (qutuda olanlar).xlsx;7;Pirşağı.;visible;1;4;D;Qəsəbə
ARXIV/Fərdi yaş və qarajlar/Köhnə Texniki-pasportlar (qutuda olanlar).xlsx;Köhnə Texniki-pasportlar (qutuda olanlar).xlsx;7;Pirşağı.;visible;1;5;E;Küçə adı
ARXIV/Fərdi yaş və qarajlar/Köhnə Texniki-pasportlar (qutuda olanlar).xlsx;Köhnə Texniki-pasportlar (qutuda olanlar).xlsx;7;Pirşağı.;visible;1;6;F;Ev
ARXIV/Fərdi yaş və qarajlar/Köhnə Texniki-pasportlar (qutuda olanlar).xlsx;Köhnə Texniki-pasportlar (qutuda olanlar).xlsx;7;Pirşağı.;visible;1;7;G;dal/dön
ARXIV/Fərdi yaş və qarajlar/Köhnə Texniki-pasportlar (qutuda olanlar).xlsx;Köhnə Texniki-pasportlar (qutuda olanlar).xlsx;7;Pirşağı.;visible;1;8;H;Əlavə
ARXIV/Fərdi yaş və qarajlar/Köhnə Texniki-pasportlar (qutuda olanlar).xlsx;Köhnə Texniki-pasportlar (qutuda olanlar).xlsx;8;Gürgan və b.qəsb;visible;1;1;A;İnv
ARXIV/Fərdi yaş və qarajlar/Köhnə Texniki-pasportlar (qutuda olanlar).xlsx;Köhnə Texniki-pasportlar (qutuda olanlar).xlsx;8;Gürgan və b.qəsb;visible;1;2;B;S/s
ARXIV/Fərdi yaş və qarajlar/Köhnə Texniki-pasportlar (qutuda olanlar).xlsx;Köhnə Texniki-pasportlar (qutuda olanlar).xlsx;8;Gürgan və b.qəsb;visible;1;3;C;Ad Soyad - Ata adı
ARXIV/Fərdi yaş və qarajlar/Köhnə Texniki-pasportlar (qutuda olanlar).xlsx;Köhnə Texniki-pasportlar (qutuda olanlar).xlsx;8;Gürgan və b.qəsb;visible;1;4;D;Qəsəbə
ARXIV/Fərdi yaş və qarajlar/Köhnə Texniki-pasportlar (qutuda olanlar).xlsx;Köhnə Texniki-pasportlar (qutuda olanlar).xlsx;8;Gürgan və b.qəsb;visible;1;5;E;Küçə adı
ARXIV/Fərdi yaş və qarajlar/Köhnə Texniki-pasportlar (qutuda olanlar).xlsx;Köhnə Texniki-pasportlar (qutuda olanlar).xlsx;8;Gürgan və b.qəsb;visible;1;6;F;Ev
ARXIV/Fərdi yaş və qarajlar/Köhnə Texniki-pasportlar (qutuda olanlar).xlsx;Köhnə Texniki-pasportlar (qutuda olanlar).xlsx;8;Gürgan və b.qəsb;visible;1;7;G;dal/dön
ARXIV/Fərdi yaş və qarajlar/Köhnə Texniki-pasportlar (qutuda olanlar).xlsx;Köhnə Texniki-pasportlar (qutuda olanlar).xlsx;8;Gürgan və b.qəsb;visible;1;8;H;Əlavə
ARXIV/Fərdi yaş və qarajlar/Köhnə Texniki-pasportlar (qutuda olanlar).xlsx;Köhnə Texniki-pasportlar (qutuda olanlar).xlsx;9;Binə;visible;1;1;A;İnv
ARXIV/Fərdi yaş və qarajlar/Köhnə Texniki-pasportlar (qutuda olanlar).xlsx;Köhnə Texniki-pasportlar (qutuda olanlar).xlsx;9;Binə;visible;1;2;B;S/s
ARXIV/Fərdi yaş və qarajlar/Köhnə Texniki-pasportlar (qutuda olanlar).xlsx;Köhnə Texniki-pasportlar (qutuda olanlar).xlsx;9;Binə;visible;1;3;C;Ad Soyad - Ata adı
ARXIV/Fərdi yaş və qarajlar/Köhnə Texniki-pasportlar (qutuda olanlar).xlsx;Köhnə Texniki-pasportlar (qutuda olanlar).xlsx;9;Binə;visible;1;4;D;Qəsəbə
ARXIV/Fərdi yaş və qarajlar/Köhnə Texniki-pasportlar (qutuda olanlar).xlsx;Köhnə Texniki-pasportlar (qutuda olanlar).xlsx;9;Binə;visible;1;5;E;Küçə adı
ARXIV/Fərdi yaş və qarajlar/Köhnə Texniki-pasportlar (qutuda olanlar).xlsx;Köhnə Texniki-pasportlar (qutuda olanlar).xlsx;9;Binə;visible;1;6;F;Ev
ARXIV/Fərdi yaş və qarajlar/Köhnə Texniki-pasportlar (qutuda olanlar).xlsx;Köhnə Texniki-pasportlar (qutuda olanlar).xlsx;9;Binə;visible;1;7;G;dal/dön
ARXIV/Fərdi yaş və qarajlar/Köhnə Texniki-pasportlar (qutuda olanlar).xlsx;Köhnə Texniki-pasportlar (qutuda olanlar).xlsx;9;Binə;visible;1;8;H;Əlavə
ARXIV/Fərdi yaş və qarajlar/Köhnə Texniki-pasportlar (qutuda olanlar).xlsx;Köhnə Texniki-pasportlar (qutuda olanlar).xlsx;10;Buzovna;visible;1;2;B;k/səhifə
ARXIV/Fərdi yaş və qarajlar/Köhnə Texniki-pasportlar (qutuda olanlar).xlsx;Köhnə Texniki-pasportlar (qutuda olanlar).xlsx;10;Buzovna;visible;1;3;C;A.A.S
ARXIV/Fərdi yaş və qarajlar/Köhnə Texniki-pasportlar (qutuda olanlar).xlsx;Köhnə Texniki-pasportlar (qutuda olanlar).xlsx;10;Buzovna;visible;1;4;D;Rayon
ARXIV/Fərdi yaş və qarajlar/Köhnə Texniki-pasportlar (qutuda olanlar).xlsx;Köhnə Texniki-pasportlar (qutuda olanlar).xlsx;10;Buzovna;visible;1;6;F;sahə
ARXIV/Fərdi yaş və qarajlar/Köhnə Texniki-pasportlar (qutuda olanlar).xlsx;Köhnə Texniki-pasportlar (qutuda olanlar).xlsx;10;Buzovna;visible;1;7;G;ev
ARXIV/Fərdi yaş və qarajlar/Köhnə Texniki-pasportlar (qutuda olanlar).xlsx;Köhnə Texniki-pasportlar (qutuda olanlar).xlsx;10;Buzovna;visible;1;8;H;dongə
ARXIV/Fərdi yaş və qarajlar/Köhnə Texniki-pasportlar (qutuda olanlar).xlsx;Köhnə Texniki-pasportlar (qutuda olanlar).xlsx;11;Mərdəkan;visible;1;2;B;k/səhifə
ARXIV/Fərdi yaş və qarajlar/Köhnə Texniki-pasportlar (qutuda olanlar).xlsx;Köhnə Texniki-pasportlar (qutuda olanlar).xlsx;11;Mərdəkan;visible;1;3;C;A.A.S
ARXIV/Fərdi yaş və qarajlar/Köhnə Texniki-pasportlar (qutuda olanlar).xlsx;Köhnə Texniki-pasportlar (qutuda olanlar).xlsx;11;Mərdəkan;visible;1;4;D;Rayon
ARXIV/Fərdi yaş və qarajlar/Köhnə Texniki-pasportlar (qutuda olanlar).xlsx;Köhnə Texniki-pasportlar (qutuda olanlar).xlsx;11;Mərdəkan;visible;1;5;E;Küçə
ARXIV/Fərdi yaş və qarajlar/Köhnə Texniki-pasportlar (qutuda olanlar).xlsx;Köhnə Texniki-pasportlar (qutuda olanlar).xlsx;11;Mərdəkan;visible;1;6;F;sahə
ARXIV/Fərdi yaş və qarajlar/Köhnə Texniki-pasportlar (qutuda olanlar).xlsx;Köhnə Texniki-pasportlar (qutuda olanlar).xlsx;11;Mərdəkan;visible;1;7;G;ev
ARXIV/Fərdi yaş və qarajlar/Köhnə Texniki-pasportlar (qutuda olanlar).xlsx;Köhnə Texniki-pasportlar (qutuda olanlar).xlsx;11;Mərdəkan;visible;1;8;H;dongə
ARXIV/Fərdi yaş və qarajlar/Köhnə Texniki-pasportlar (qutuda olanlar).xlsx;Köhnə Texniki-pasportlar (qutuda olanlar).xlsx;11;Mərdəkan;visible;1;9;I;dalan
ARXIV/Fərdi yaş və qarajlar/Köhnə Texniki-pasportlar (qutuda olanlar).xlsx;Köhnə Texniki-pasportlar (qutuda olanlar).xlsx;12;Səbail;visible;1;2;B;k/səhifə
ARXIV/Fərdi yaş və qarajlar/Köhnə Texniki-pasportlar (qutuda olanlar).xlsx;Köhnə Texniki-pasportlar (qutuda olanlar).xlsx;12;Səbail;visible;1;3;C;A.A.S
ARXIV/Fərdi yaş və qarajlar/Köhnə Texniki-pasportlar (qutuda olanlar).xlsx;Köhnə Texniki-pasportlar (qutuda olanlar).xlsx;12;Səbail;visible;1;4;D;Rayon
ARXIV/Fərdi yaş və qarajlar/Köhnə Texniki-pasportlar (qutuda olanlar).xlsx;Köhnə Texniki-pasportlar (qutuda olanlar).xlsx;12;Səbail;visible;1;5;E;Küçə
ARXIV/Fərdi yaş və qarajlar/Köhnə Texniki-pasportlar (qutuda olanlar).xlsx;Köhnə Texniki-pasportlar (qutuda olanlar).xlsx;12;Səbail;visible;1;6;F;ev
ARXIV/Fərdi yaş və qarajlar/Köhnə Texniki-pasportlar (qutuda olanlar).xlsx;Köhnə Texniki-pasportlar (qutuda olanlar).xlsx;12;Səbail;visible;1;7;G;dongə
ARXIV/Fərdi yaş və qarajlar/Köhnə Texniki-pasportlar (qutuda olanlar).xlsx;Köhnə Texniki-pasportlar (qutuda olanlar).xlsx;13;Nərimanov;visible;1;2;B;k/səhifə
ARXIV/Fərdi yaş və qarajlar/Köhnə Texniki-pasportlar (qutuda olanlar).xlsx;Köhnə Texniki-pasportlar (qutuda olanlar).xlsx;13;Nərimanov;visible;1;3;C;A.A.S
ARXIV/Fərdi yaş və qarajlar/Köhnə Texniki-pasportlar (qutuda olanlar).xlsx;Köhnə Texniki-pasportlar (qutuda olanlar).xlsx;13;Nərimanov;visible;1;4;D;Rayon
ARXIV/Fərdi yaş və qarajlar/Köhnə Texniki-pasportlar (qutuda olanlar).xlsx;Köhnə Texniki-pasportlar (qutuda olanlar).xlsx;13;Nərimanov;visible;1;5;E;Küçə
ARXIV/Fərdi yaş və qarajlar/Köhnə Texniki-pasportlar (qutuda olanlar).xlsx;Köhnə Texniki-pasportlar (qutuda olanlar).xlsx;13;Nərimanov;visible;1;6;F;ev
ARXIV/Fərdi yaş və qarajlar/Köhnə Texniki-pasportlar (qutuda olanlar).xlsx;Köhnə Texniki-pasportlar (qutuda olanlar).xlsx;13;Nərimanov;visible;1;7;G;dongə
ARXIV/Fərdi yaş və qarajlar/Köhnə Texniki-pasportlar (qutuda olanlar).xlsx;Köhnə Texniki-pasportlar (qutuda olanlar).xlsx;14;Nəsimi;visible;1;2;B;k/səhifə
ARXIV/Fərdi yaş və qarajlar/Köhnə Texniki-pasportlar (qutuda olanlar).xlsx;Köhnə Texniki-pasportlar (qutuda olanlar).xlsx;14;Nəsimi;visible;1;3;C;A.A.S
ARXIV/Fərdi yaş və qarajlar/Köhnə Texniki-pasportlar (qutuda olanlar).xlsx;Köhnə Texniki-pasportlar (qutuda olanlar).xlsx;14;Nəsimi;visible;1;4;D;Rayon
ARXIV/Fərdi yaş və qarajlar/Köhnə Texniki-pasportlar (qutuda olanlar).xlsx;Köhnə Texniki-pasportlar (qutuda olanlar).xlsx;14;Nəsimi;visible;1;5;E;Küçə
ARXIV/Fərdi yaş və qarajlar/Köhnə Texniki-pasportlar (qutuda olanlar).xlsx;Köhnə Texniki-pasportlar (qutuda olanlar).xlsx;14;Nəsimi;visible;1;6;F;ev
ARXIV/Fərdi yaş və qarajlar/Köhnə Texniki-pasportlar (qutuda olanlar).xlsx;Köhnə Texniki-pasportlar (qutuda olanlar).xlsx;14;Nəsimi;visible;1;7;G;dongə
ARXIV/Fərdi yaş və qarajlar/Köhnə Texniki-pasportlar (qutuda olanlar).xlsx;Köhnə Texniki-pasportlar (qutuda olanlar).xlsx;15;Binəqədi;visible;1;2;B;k/səhifə
ARXIV/Fərdi yaş və qarajlar/Köhnə Texniki-pasportlar (qutuda olanlar).xlsx;Köhnə Texniki-pasportlar (qutuda olanlar).xlsx;15;Binəqədi;visible;1;3;C;A.A.S
ARXIV/Fərdi yaş və qarajlar/Köhnə Texniki-pasportlar (qutuda olanlar).xlsx;Köhnə Texniki-pasportlar (qutuda olanlar).xlsx;15;Binəqədi;visible;1;4;D;Rayon
ARXIV/Fərdi yaş və qarajlar/Köhnə Texniki-pasportlar (qutuda olanlar).xlsx;Köhnə Texniki-pasportlar (qutuda olanlar).xlsx;15;Binəqədi;visible;1;5;E;Küçə
ARXIV/Fərdi yaş və qarajlar/Köhnə Texniki-pasportlar (qutuda olanlar).xlsx;Köhnə Texniki-pasportlar (qutuda olanlar).xlsx;15;Binəqədi;visible;1;6;F;ev
ARXIV/Fərdi yaş və qarajlar/Köhnə Texniki-pasportlar (qutuda olanlar).xlsx;Köhnə Texniki-pasportlar (qutuda olanlar).xlsx;15;Binəqədi;visible;1;7;G;dongə
ARXIV/Fərdi yaş və qarajlar/Kürdaxanı həyət evi.xls;Kürdaxanı həyət evi.xls;1;Sheet1;visible;1;1;A;Opis
ARXIV/Fərdi yaş və qarajlar/Kürdaxanı həyət evi.xls;Kürdaxanı həyət evi.xls;1;Sheet1;visible;1;2;B;Adı soy adı
ARXIV/Fərdi yaş və qarajlar/Kürdaxanı həyət evi.xls;Kürdaxanı həyət evi.xls;1;Sheet1;visible;1;3;C;Qəsəbə
ARXIV/Fərdi yaş və qarajlar/Kürdaxanı həyət evi.xls;Kürdaxanı həyət evi.xls;1;Sheet1;visible;1;4;D;Ünvan
ARXIV/Fərdi yaş və qarajlar/Kürdaxanı həyət evi.xls;Kürdaxanı həyət evi.xls;1;Sheet1;visible;1;5;E;ev №
ARXIV/Fərdi yaş və qarajlar/Kürdaxanı həyət evi.xls;Kürdaxanı həyət evi.xls;1;Sheet1;visible;1;6;F;Əlavə məlumat
ARXIV/Fərdi yaş və qarajlar/Kürdaxanı həyət evi.xls;Kürdaxanı həyət evi.xls;1;Sheet1;visible;1;7;G;Əlavə məlumat
ARXIV/Fərdi yaş və qarajlar/Mərdəkan, Şüvəlan həyət evi.xls;Mərdəkan, Şüvəlan həyət evi.xls;1;Mərdəkan;visible;1;1;A;Opis
ARXIV/Fərdi yaş və qarajlar/Mərdəkan, Şüvəlan həyət evi.xls;Mərdəkan, Şüvəlan həyət evi.xls;1;Mərdəkan;visible;1;2;B;Adı soy adı
ARXIV/Fərdi yaş və qarajlar/Mərdəkan, Şüvəlan həyət evi.xls;Mərdəkan, Şüvəlan həyət evi.xls;1;Mərdəkan;visible;1;3;C;Qəsəbə
ARXIV/Fərdi yaş və qarajlar/Mərdəkan, Şüvəlan həyət evi.xls;Mərdəkan, Şüvəlan həyət evi.xls;1;Mərdəkan;visible;1;4;D;Ünvan
ARXIV/Fərdi yaş və qarajlar/Mərdəkan, Şüvəlan həyət evi.xls;Mərdəkan, Şüvəlan həyət evi.xls;1;Mərdəkan;visible;1;5;E;ev №
ARXIV/Fərdi yaş və qarajlar/Mərdəkan, Şüvəlan həyət evi.xls;Mərdəkan, Şüvəlan həyət evi.xls;1;Mərdəkan;visible;1;6;F;Əlavə məlumat
ARXIV/Fərdi yaş və qarajlar/Mərdəkan, Şüvəlan həyət evi.xls;Mərdəkan, Şüvəlan həyət evi.xls;1;Mərdəkan;visible;1;7;G;Əlavə məlumat
ARXIV/Fərdi yaş və qarajlar/Mərdəkan, Şüvəlan həyət evi.xls;Mərdəkan, Şüvəlan həyət evi.xls;2;Şüvəlan;visible;1;1;A;T/p №
ARXIV/Fərdi yaş və qarajlar/Mərdəkan, Şüvəlan həyət evi.xls;Mərdəkan, Şüvəlan həyət evi.xls;2;Şüvəlan;visible;1;2;B;Ad, soy ad, ata adı
ARXIV/Fərdi yaş və qarajlar/Mərdəkan, Şüvəlan həyət evi.xls;Mərdəkan, Şüvəlan həyət evi.xls;2;Şüvəlan;visible;1;3;C;Qəsəbə
ARXIV/Fərdi yaş və qarajlar/Mərdəkan, Şüvəlan həyət evi.xls;Mərdəkan, Şüvəlan həyət evi.xls;2;Şüvəlan;visible;1;4;D;Küçə
ARXIV/Fərdi yaş və qarajlar/Mərdəkan, Şüvəlan həyət evi.xls;Mərdəkan, Şüvəlan həyət evi.xls;2;Şüvəlan;visible;1;5;E;ev №
ARXIV/Fərdi yaş və qarajlar/Mərdəkan, Şüvəlan həyət evi.xls;Mərdəkan, Şüvəlan həyət evi.xls;2;Şüvəlan;visible;1;6;F;Əlavə məlumat
ARXIV/Fərdi yaş və qarajlar/Mərdəkan, Şüvəlan həyət evi.xls;Mərdəkan, Şüvəlan həyət evi.xls;2;Şüvəlan;visible;1;7;G;T/p tərtib etdiyi təşkilat
ARXIV/Fərdi yaş və qarajlar/Nard-Sabuncu həy evi.xls;Nard-Sabuncu həy evi.xls;1;Nardaran;visible;1;1;A;Opis
ARXIV/Fərdi yaş və qarajlar/Nard-Sabuncu həy evi.xls;Nard-Sabuncu həy evi.xls;1;Nardaran;visible;1;2;B;Adı soy adı
ARXIV/Fərdi yaş və qarajlar/Nard-Sabuncu həy evi.xls;Nard-Sabuncu həy evi.xls;1;Nardaran;visible;1;3;C;Qəsəbə
ARXIV/Fərdi yaş və qarajlar/Nard-Sabuncu həy evi.xls;Nard-Sabuncu həy evi.xls;1;Nardaran;visible;1;4;D;Ünvan
ARXIV/Fərdi yaş və qarajlar/Nard-Sabuncu həy evi.xls;Nard-Sabuncu həy evi.xls;1;Nardaran;visible;1;5;E;ev №
ARXIV/Fərdi yaş və qarajlar/Nard-Sabuncu həy evi.xls;Nard-Sabuncu həy evi.xls;1;Nardaran;visible;1;6;F;Əlavə məlumat
ARXIV/Fərdi yaş və qarajlar/Nard-Sabuncu həy evi.xls;Nard-Sabuncu həy evi.xls;1;Nardaran;visible;1;7;G;Əlavə məlumat
ARXIV/Fərdi yaş və qarajlar/Nard-Sabuncu həy evi.xls;Nard-Sabuncu həy evi.xls;2;Sabuncu;visible;3;1;A;Opis
ARXIV/Fərdi yaş və qarajlar/Nard-Sabuncu həy evi.xls;Nard-Sabuncu həy evi.xls;2;Sabuncu;visible;3;2;B;Adı soy adı
ARXIV/Fərdi yaş və qarajlar/Nard-Sabuncu həy evi.xls;Nard-Sabuncu həy evi.xls;2;Sabuncu;visible;3;3;C;Qəsəbə
ARXIV/Fərdi yaş və qarajlar/Nard-Sabuncu həy evi.xls;Nard-Sabuncu həy evi.xls;2;Sabuncu;visible;3;4;D;Ünvan
ARXIV/Fərdi yaş və qarajlar/Nard-Sabuncu həy evi.xls;Nard-Sabuncu həy evi.xls;2;Sabuncu;visible;3;5;E;ev №
ARXIV/Fərdi yaş və qarajlar/Nard-Sabuncu həy evi.xls;Nard-Sabuncu həy evi.xls;2;Sabuncu;visible;3;6;F;Əlavə məlumat
ARXIV/Fərdi yaş və qarajlar/Nard-Sabuncu həy evi.xls;Nard-Sabuncu həy evi.xls;2;Sabuncu;visible;3;7;G;Əlavə məlumat
ARXIV/Fərdi yaş və qarajlar/Pirşağı həy evi.xls;Pirşağı həy evi.xls;1;Sheet1;visible;1;1;A;Opis
ARXIV/Fərdi yaş və qarajlar/Pirşağı həy evi.xls;Pirşağı həy evi.xls;1;Sheet1;visible;1;2;B;Adı soy adı
ARXIV/Fərdi yaş və qarajlar/Pirşağı həy evi.xls;Pirşağı həy evi.xls;1;Sheet1;visible;1;3;C;Qəsəbə
ARXIV/Fərdi yaş və qarajlar/Pirşağı həy evi.xls;Pirşağı həy evi.xls;1;Sheet1;visible;1;4;D;Ünvan
ARXIV/Fərdi yaş və qarajlar/Pirşağı həy evi.xls;Pirşağı həy evi.xls;1;Sheet1;visible;1;5;E;ev №
ARXIV/Fərdi yaş və qarajlar/Pirşağı həy evi.xls;Pirşağı həy evi.xls;1;Sheet1;visible;1;6;F;Əlavə məlumat
ARXIV/Fərdi yaş və qarajlar/Pirşağı həy evi.xls;Pirşağı həy evi.xls;1;Sheet1;visible;1;7;G;Əlavə məlumat
ARXIV/Fərdi yaş və qarajlar/Qaracuxur həy evi.xls;Qaracuxur həy evi.xls;1;Sheet1;visible;1;1;A;Opis
ARXIV/Fərdi yaş və qarajlar/Qaracuxur həy evi.xls;Qaracuxur həy evi.xls;1;Sheet1;visible;1;2;B;Adı soy adı
ARXIV/Fərdi yaş və qarajlar/Qaracuxur həy evi.xls;Qaracuxur həy evi.xls;1;Sheet1;visible;1;3;C;Qəsəbə
ARXIV/Fərdi yaş və qarajlar/Qaracuxur həy evi.xls;Qaracuxur həy evi.xls;1;Sheet1;visible;1;4;D;Ünvan
ARXIV/Fərdi yaş və qarajlar/Qaracuxur həy evi.xls;Qaracuxur həy evi.xls;1;Sheet1;visible;1;5;E;ev №
ARXIV/Fərdi yaş və qarajlar/Qaracuxur həy evi.xls;Qaracuxur həy evi.xls;1;Sheet1;visible;1;6;F;Əlavə məlumat
ARXIV/Fərdi yaş və qarajlar/Qaracuxur həy evi.xls;Qaracuxur həy evi.xls;1;Sheet1;visible;1;7;G;Əlavə məlumat
ARXIV/Fərdi yaş və qarajlar/Qaradağ həy evi.xls;Qaradağ həy evi.xls;1;Lökbatan;visible;6;1;A;N
ARXIV/Fərdi yaş və qarajlar/Qaradağ həy evi.xls;Qaradağ həy evi.xls;1;Lökbatan;visible;6;2;B;Ad Soyad
ARXIV/Fərdi yaş və qarajlar/Qaradağ həy evi.xls;Qaradağ həy evi.xls;1;Lökbatan;visible;6;3;C;Qəsəbə
ARXIV/Fərdi yaş və qarajlar/Qaradağ həy evi.xls;Qaradağ həy evi.xls;1;Lökbatan;visible;6;4;D;Küçə
ARXIV/Fərdi yaş və qarajlar/Qaradağ həy evi.xls;Qaradağ həy evi.xls;1;Lökbatan;visible;6;5;E;Ev
ARXIV/Fərdi yaş və qarajlar/Qaradağ həy evi.xls;Qaradağ həy evi.xls;1;Lökbatan;visible;6;6;F;Ələvə məlumat
ARXIV/Fərdi yaş və qarajlar/Qaradağ həy evi.xls;Qaradağ həy evi.xls;1;Lökbatan;visible;6;7;G;Ələvə
ARXIV/Fərdi yaş və qarajlar/Qaradağ həy evi.xls;Qaradağ həy evi.xls;2;Qobustan;visible;8;1;A;N
ARXIV/Fərdi yaş və qarajlar/Qaradağ həy evi.xls;Qaradağ həy evi.xls;2;Qobustan;visible;8;2;B;Ad Soyad
ARXIV/Fərdi yaş və qarajlar/Qaradağ həy evi.xls;Qaradağ həy evi.xls;2;Qobustan;visible;8;3;C;Qəsəbə
ARXIV/Fərdi yaş və qarajlar/Qaradağ həy evi.xls;Qaradağ həy evi.xls;2;Qobustan;visible;8;4;D;Küçə
ARXIV/Fərdi yaş və qarajlar/Qaradağ həy evi.xls;Qaradağ həy evi.xls;2;Qobustan;visible;8;5;E;Ev
ARXIV/Fərdi yaş və qarajlar/Qaradağ həy evi.xls;Qaradağ həy evi.xls;2;Qobustan;visible;8;6;F;Ələvə məlumat
ARXIV/Fərdi yaş və qarajlar/Qaradağ həy evi.xls;Qaradağ həy evi.xls;2;Qobustan;visible;8;7;G;Ələvə
ARXIV/Fərdi yaş və qarajlar/Qaradağ həy evi.xls;Qaradağ həy evi.xls;3;Körgöz;visible;6;1;A;N
ARXIV/Fərdi yaş və qarajlar/Qaradağ həy evi.xls;Qaradağ həy evi.xls;3;Körgöz;visible;6;2;B;Ad Soyad
ARXIV/Fərdi yaş və qarajlar/Qaradağ həy evi.xls;Qaradağ həy evi.xls;3;Körgöz;visible;6;3;C;Qəsəbə
ARXIV/Fərdi yaş və qarajlar/Qaradağ həy evi.xls;Qaradağ həy evi.xls;3;Körgöz;visible;6;4;D;Küçə
ARXIV/Fərdi yaş və qarajlar/Qaradağ həy evi.xls;Qaradağ həy evi.xls;3;Körgöz;visible;6;5;E;Ev
ARXIV/Fərdi yaş və qarajlar/Qaradağ həy evi.xls;Qaradağ həy evi.xls;3;Körgöz;visible;6;6;F;Ələvə məlumat
ARXIV/Fərdi yaş və qarajlar/Qaradağ həy evi.xls;Qaradağ həy evi.xls;3;Körgöz;visible;6;7;G;Ələvə
ARXIV/Fərdi yaş və qarajlar/Qaradağ həy evi.xls;Qaradağ həy evi.xls;4;Ələt;visible;6;1;A;N
ARXIV/Fərdi yaş və qarajlar/Qaradağ həy evi.xls;Qaradağ həy evi.xls;4;Ələt;visible;6;2;B;Ad Soyad
ARXIV/Fərdi yaş və qarajlar/Qaradağ həy evi.xls;Qaradağ həy evi.xls;4;Ələt;visible;6;3;C;Qəsəbə
ARXIV/Fərdi yaş və qarajlar/Qaradağ həy evi.xls;Qaradağ həy evi.xls;4;Ələt;visible;6;4;D;Küçə
ARXIV/Fərdi yaş və qarajlar/Qaradağ həy evi.xls;Qaradağ həy evi.xls;4;Ələt;visible;6;5;E;Ev
ARXIV/Fərdi yaş və qarajlar/Qaradağ həy evi.xls;Qaradağ həy evi.xls;4;Ələt;visible;6;6;F;Ələvə məlumat
ARXIV/Fərdi yaş və qarajlar/Qaradağ həy evi.xls;Qaradağ həy evi.xls;4;Ələt;visible;6;7;G;Ələvə
ARXIV/Fərdi yaş və qarajlar/Qaradağ həy evi.xls;Qaradağ həy evi.xls;5;Qobu;visible;6;1;A;N
ARXIV/Fərdi yaş və qarajlar/Qaradağ həy evi.xls;Qaradağ həy evi.xls;5;Qobu;visible;6;2;B;Ad Soyad
ARXIV/Fərdi yaş və qarajlar/Qaradağ həy evi.xls;Qaradağ həy evi.xls;5;Qobu;visible;6;3;C;Qəsəbə
ARXIV/Fərdi yaş və qarajlar/Qaradağ həy evi.xls;Qaradağ həy evi.xls;5;Qobu;visible;6;4;D;Küçə
ARXIV/Fərdi yaş və qarajlar/Qaradağ həy evi.xls;Qaradağ həy evi.xls;5;Qobu;visible;6;5;E;Ev
ARXIV/Fərdi yaş və qarajlar/Qaradağ həy evi.xls;Qaradağ həy evi.xls;5;Qobu;visible;6;6;F;Ələvə məlumat
ARXIV/Fərdi yaş və qarajlar/Qaradağ həy evi.xls;Qaradağ həy evi.xls;5;Qobu;visible;6;7;G;Ələvə
ARXIV/Fərdi yaş və qarajlar/Qaradağ həy evi.xls;Qaradağ həy evi.xls;6;Qızıldaş;visible;8;1;A;N
ARXIV/Fərdi yaş və qarajlar/Qaradağ həy evi.xls;Qaradağ həy evi.xls;6;Qızıldaş;visible;8;2;B;Ad Soyad
ARXIV/Fərdi yaş və qarajlar/Qaradağ həy evi.xls;Qaradağ həy evi.xls;6;Qızıldaş;visible;8;3;C;Qəsəbə
ARXIV/Fərdi yaş və qarajlar/Qaradağ həy evi.xls;Qaradağ həy evi.xls;6;Qızıldaş;visible;8;4;D;Küçə
ARXIV/Fərdi yaş və qarajlar/Qaradağ həy evi.xls;Qaradağ həy evi.xls;6;Qızıldaş;visible;8;5;E;Ev
ARXIV/Fərdi yaş və qarajlar/Qaradağ həy evi.xls;Qaradağ həy evi.xls;6;Qızıldaş;visible;8;6;F;Ələvə məlumat
ARXIV/Fərdi yaş və qarajlar/Qaradağ həy evi.xls;Qaradağ həy evi.xls;6;Qızıldaş;visible;8;7;G;Ələvə
ARXIV/Fərdi yaş və qarajlar/Ramana həy evi.xls;Ramana həy evi.xls;1;Sheet1;visible;1;1;A;Opis
ARXIV/Fərdi yaş və qarajlar/Ramana həy evi.xls;Ramana həy evi.xls;1;Sheet1;visible;1;2;B;Adı soy adı
ARXIV/Fərdi yaş və qarajlar/Ramana həy evi.xls;Ramana həy evi.xls;1;Sheet1;visible;1;3;C;Qəsəbə
ARXIV/Fərdi yaş və qarajlar/Ramana həy evi.xls;Ramana həy evi.xls;1;Sheet1;visible;1;4;D;Ünvan
ARXIV/Fərdi yaş və qarajlar/Ramana həy evi.xls;Ramana həy evi.xls;1;Sheet1;visible;1;5;E;ev №
ARXIV/Fərdi yaş və qarajlar/Ramana həy evi.xls;Ramana həy evi.xls;1;Sheet1;visible;1;6;F;Əlavə məlumat
ARXIV/Fərdi yaş və qarajlar/Ramana həy evi.xls;Ramana həy evi.xls;1;Sheet1;visible;1;7;G;Əlavə məlumat
ARXIV/Fərdi yaş və qarajlar/Surax-Əmircan hey evi.xls;Surax-Əmircan hey evi.xls;1;Suraxanı;visible;1;1;A;Opis
ARXIV/Fərdi yaş və qarajlar/Surax-Əmircan hey evi.xls;Surax-Əmircan hey evi.xls;1;Suraxanı;visible;1;2;B;Adı soy adı
ARXIV/Fərdi yaş və qarajlar/Surax-Əmircan hey evi.xls;Surax-Əmircan hey evi.xls;1;Suraxanı;visible;1;3;C;Qəsəbə
ARXIV/Fərdi yaş və qarajlar/Surax-Əmircan hey evi.xls;Surax-Əmircan hey evi.xls;1;Suraxanı;visible;1;4;D;Ünvan
ARXIV/Fərdi yaş və qarajlar/Surax-Əmircan hey evi.xls;Surax-Əmircan hey evi.xls;1;Suraxanı;visible;1;5;E;ev №
ARXIV/Fərdi yaş və qarajlar/Surax-Əmircan hey evi.xls;Surax-Əmircan hey evi.xls;1;Suraxanı;visible;1;6;F;Əlavə məlumat
ARXIV/Fərdi yaş və qarajlar/Surax-Əmircan hey evi.xls;Surax-Əmircan hey evi.xls;1;Suraxanı;visible;1;7;G;Əlavə məlumat
ARXIV/Fərdi yaş və qarajlar/Surax-Əmircan hey evi.xls;Surax-Əmircan hey evi.xls;2;Əmircan;visible;2;1;A;Opis
ARXIV/Fərdi yaş və qarajlar/Surax-Əmircan hey evi.xls;Surax-Əmircan hey evi.xls;2;Əmircan;visible;2;2;B;Adı soy adı
ARXIV/Fərdi yaş və qarajlar/Surax-Əmircan hey evi.xls;Surax-Əmircan hey evi.xls;2;Əmircan;visible;2;3;C;Qəsəbə
ARXIV/Fərdi yaş və qarajlar/Surax-Əmircan hey evi.xls;Surax-Əmircan hey evi.xls;2;Əmircan;visible;2;4;D;Ünvan
ARXIV/Fərdi yaş və qarajlar/Surax-Əmircan hey evi.xls;Surax-Əmircan hey evi.xls;2;Əmircan;visible;2;5;E;ev №
ARXIV/Fərdi yaş və qarajlar/Surax-Əmircan hey evi.xls;Surax-Əmircan hey evi.xls;2;Əmircan;visible;2;6;F;Əlavə məlumat
ARXIV/Fərdi yaş və qarajlar/Surax-Əmircan hey evi.xls;Surax-Əmircan hey evi.xls;2;Əmircan;visible;2;7;G;Əlavə məlumat
ARXIV/Fərdi yaş və qarajlar/Surax-Əmircan hey evi.xls;Surax-Əmircan hey evi.xls;3;Suraxanı SS;visible;4;1;A;Opis
ARXIV/Fərdi yaş və qarajlar/Surax-Əmircan hey evi.xls;Surax-Əmircan hey evi.xls;3;Suraxanı SS;visible;4;2;B;Adı soy adı
ARXIV/Fərdi yaş və qarajlar/Surax-Əmircan hey evi.xls;Surax-Əmircan hey evi.xls;3;Suraxanı SS;visible;4;3;C;Qəsəbə
ARXIV/Fərdi yaş və qarajlar/Surax-Əmircan hey evi.xls;Surax-Əmircan hey evi.xls;3;Suraxanı SS;visible;4;4;D;Ünvan
ARXIV/Fərdi yaş və qarajlar/Surax-Əmircan hey evi.xls;Surax-Əmircan hey evi.xls;3;Suraxanı SS;visible;4;5;E;ev №
ARXIV/Fərdi yaş və qarajlar/Surax-Əmircan hey evi.xls;Surax-Əmircan hey evi.xls;3;Suraxanı SS;visible;4;6;F;Əlavə məlumat
ARXIV/Fərdi yaş və qarajlar/Surax-Əmircan hey evi.xls;Surax-Əmircan hey evi.xls;3;Suraxanı SS;visible;4;7;G;Əlavə məlumat
ARXIV/Fərdi yaş və qarajlar/Türkan-Qala həy evi.xls;Türkan-Qala həy evi.xls;1;Türkan;visible;5;1;A;N
ARXIV/Fərdi yaş və qarajlar/Türkan-Qala həy evi.xls;Türkan-Qala həy evi.xls;1;Türkan;visible;5;2;B;Ad Soyad
ARXIV/Fərdi yaş və qarajlar/Türkan-Qala həy evi.xls;Türkan-Qala həy evi.xls;1;Türkan;visible;5;3;C;Qəsəbə
ARXIV/Fərdi yaş və qarajlar/Türkan-Qala həy evi.xls;Türkan-Qala həy evi.xls;1;Türkan;visible;5;4;D;Küçə
ARXIV/Fərdi yaş və qarajlar/Türkan-Qala həy evi.xls;Türkan-Qala həy evi.xls;1;Türkan;visible;5;5;E;Ev
ARXIV/Fərdi yaş və qarajlar/Türkan-Qala həy evi.xls;Türkan-Qala həy evi.xls;1;Türkan;visible;5;6;F;Ələvə məlumat
ARXIV/Fərdi yaş və qarajlar/Türkan-Qala həy evi.xls;Türkan-Qala həy evi.xls;1;Türkan;visible;5;7;G;Ələvə
ARXIV/Fərdi yaş və qarajlar/Türkan-Qala həy evi.xls;Türkan-Qala həy evi.xls;2;Qala;visible;7;1;A;N
ARXIV/Fərdi yaş və qarajlar/Türkan-Qala həy evi.xls;Türkan-Qala həy evi.xls;2;Qala;visible;7;2;B;Ad Soyad
ARXIV/Fərdi yaş və qarajlar/Türkan-Qala həy evi.xls;Türkan-Qala həy evi.xls;2;Qala;visible;7;3;C;Qəsəbə
ARXIV/Fərdi yaş və qarajlar/Türkan-Qala həy evi.xls;Türkan-Qala həy evi.xls;2;Qala;visible;7;4;D;Küçə
ARXIV/Fərdi yaş və qarajlar/Türkan-Qala həy evi.xls;Türkan-Qala həy evi.xls;2;Qala;visible;7;5;E;Ev
ARXIV/Fərdi yaş və qarajlar/Türkan-Qala həy evi.xls;Türkan-Qala həy evi.xls;2;Qala;visible;7;6;F;Ələvə məlumat
ARXIV/Fərdi yaş və qarajlar/Türkan-Qala həy evi.xls;Türkan-Qala həy evi.xls;2;Qala;visible;7;7;G;Ələvə
ARXIV/Fərdi yaş və qarajlar/Vişnyovka, Dübəndi, Xaşa-Xuna.xlsx;Vişnyovka, Dübəndi, Xaşa-Xuna.xlsx;1;Vişnyovka(Albalılıq);visible;2;1;A;№
ARXIV/Fərdi yaş və qarajlar/Vişnyovka, Dübəndi, Xaşa-Xuna.xlsx;Vişnyovka, Dübəndi, Xaşa-Xuna.xlsx;1;Vişnyovka(Albalılıq);visible;2;2;B;Ad, Soy ad, Ata adı
ARXIV/Fərdi yaş və qarajlar/Vişnyovka, Dübəndi, Xaşa-Xuna.xlsx;Vişnyovka, Dübəndi, Xaşa-Xuna.xlsx;1;Vişnyovka(Albalılıq);visible;2;3;C;Rayon
ARXIV/Fərdi yaş və qarajlar/Vişnyovka, Dübəndi, Xaşa-Xuna.xlsx;Vişnyovka, Dübəndi, Xaşa-Xuna.xlsx;1;Vişnyovka(Albalılıq);visible;2;4;D;Küçə
ARXIV/Fərdi yaş və qarajlar/Vişnyovka, Dübəndi, Xaşa-Xuna.xlsx;Vişnyovka, Dübəndi, Xaşa-Xuna.xlsx;1;Vişnyovka(Albalılıq);visible;2;5;E;ev №
ARXIV/Fərdi yaş və qarajlar/Vişnyovka, Dübəndi, Xaşa-Xuna.xlsx;Vişnyovka, Dübəndi, Xaşa-Xuna.xlsx;1;Vişnyovka(Albalılıq);visible;2;6;F;Əlavə
ARXIV/Fərdi yaş və qarajlar/Vişnyovka, Dübəndi, Xaşa-Xuna.xlsx;Vişnyovka, Dübəndi, Xaşa-Xuna.xlsx;2;Dübəndi;visible;2;1;A;№
ARXIV/Fərdi yaş və qarajlar/Vişnyovka, Dübəndi, Xaşa-Xuna.xlsx;Vişnyovka, Dübəndi, Xaşa-Xuna.xlsx;2;Dübəndi;visible;2;2;B;Ad, Soy ad, Ata adı
ARXIV/Fərdi yaş və qarajlar/Vişnyovka, Dübəndi, Xaşa-Xuna.xlsx;Vişnyovka, Dübəndi, Xaşa-Xuna.xlsx;2;Dübəndi;visible;2;3;C;Rayon
ARXIV/Fərdi yaş və qarajlar/Vişnyovka, Dübəndi, Xaşa-Xuna.xlsx;Vişnyovka, Dübəndi, Xaşa-Xuna.xlsx;2;Dübəndi;visible;2;4;D;Küçə
ARXIV/Fərdi yaş və qarajlar/Vişnyovka, Dübəndi, Xaşa-Xuna.xlsx;Vişnyovka, Dübəndi, Xaşa-Xuna.xlsx;2;Dübəndi;visible;2;5;E;ev №
ARXIV/Fərdi yaş və qarajlar/Vişnyovka, Dübəndi, Xaşa-Xuna.xlsx;Vişnyovka, Dübəndi, Xaşa-Xuna.xlsx;2;Dübəndi;visible;2;6;F;Əlavə
ARXIV/Fərdi yaş və qarajlar/Vişnyovka, Dübəndi, Xaşa-Xuna.xlsx;Vişnyovka, Dübəndi, Xaşa-Xuna.xlsx;3;Xaşa-Xuna;visible;2;1;A;№
ARXIV/Fərdi yaş və qarajlar/Vişnyovka, Dübəndi, Xaşa-Xuna.xlsx;Vişnyovka, Dübəndi, Xaşa-Xuna.xlsx;3;Xaşa-Xuna;visible;2;2;B;Ad, Soy ad, Ata adı
ARXIV/Fərdi yaş və qarajlar/Vişnyovka, Dübəndi, Xaşa-Xuna.xlsx;Vişnyovka, Dübəndi, Xaşa-Xuna.xlsx;3;Xaşa-Xuna;visible;2;3;C;Rayon
ARXIV/Fərdi yaş və qarajlar/Vişnyovka, Dübəndi, Xaşa-Xuna.xlsx;Vişnyovka, Dübəndi, Xaşa-Xuna.xlsx;3;Xaşa-Xuna;visible;2;4;D;Küçə
ARXIV/Fərdi yaş və qarajlar/Vişnyovka, Dübəndi, Xaşa-Xuna.xlsx;Vişnyovka, Dübəndi, Xaşa-Xuna.xlsx;3;Xaşa-Xuna;visible;2;5;E;ev №
ARXIV/Fərdi yaş və qarajlar/Vişnyovka, Dübəndi, Xaşa-Xuna.xlsx;Vişnyovka, Dübəndi, Xaşa-Xuna.xlsx;3;Xaşa-Xuna;visible;2;6;F;Əlavə
ARXIV/Fərdi yaş və qarajlar/Vorovski-Rəsulzadə-Biləc həy evi.xls;Vorovski-Rəsulzadə-Biləc həy evi.xls;1;Vorovski;visible;1;1;A;Opis
ARXIV/Fərdi yaş və qarajlar/Vorovski-Rəsulzadə-Biləc həy evi.xls;Vorovski-Rəsulzadə-Biləc həy evi.xls;1;Vorovski;visible;1;2;B;Adı soy adı
ARXIV/Fərdi yaş və qarajlar/Vorovski-Rəsulzadə-Biləc həy evi.xls;Vorovski-Rəsulzadə-Biləc həy evi.xls;1;Vorovski;visible;1;3;C;Qəsəbə
ARXIV/Fərdi yaş və qarajlar/Vorovski-Rəsulzadə-Biləc həy evi.xls;Vorovski-Rəsulzadə-Biləc həy evi.xls;1;Vorovski;visible;1;4;D;Ünvan
ARXIV/Fərdi yaş və qarajlar/Vorovski-Rəsulzadə-Biləc həy evi.xls;Vorovski-Rəsulzadə-Biləc həy evi.xls;1;Vorovski;visible;1;5;E;ev №
ARXIV/Fərdi yaş və qarajlar/Vorovski-Rəsulzadə-Biləc həy evi.xls;Vorovski-Rəsulzadə-Biləc həy evi.xls;1;Vorovski;visible;1;6;F;Əlavə məlumat
ARXIV/Fərdi yaş və qarajlar/Vorovski-Rəsulzadə-Biləc həy evi.xls;Vorovski-Rəsulzadə-Biləc həy evi.xls;1;Vorovski;visible;1;7;G;Əlavə məlumat
ARXIV/Fərdi yaş və qarajlar/Vorovski-Rəsulzadə-Biləc həy evi.xls;Vorovski-Rəsulzadə-Biləc həy evi.xls;2;Rəsulzadə;visible;3;1;A;Opis
ARXIV/Fərdi yaş və qarajlar/Vorovski-Rəsulzadə-Biləc həy evi.xls;Vorovski-Rəsulzadə-Biləc həy evi.xls;2;Rəsulzadə;visible;3;2;B;Adı soy adı
ARXIV/Fərdi yaş və qarajlar/Vorovski-Rəsulzadə-Biləc həy evi.xls;Vorovski-Rəsulzadə-Biləc həy evi.xls;2;Rəsulzadə;visible;3;3;C;Qəsəbə
ARXIV/Fərdi yaş və qarajlar/Vorovski-Rəsulzadə-Biləc həy evi.xls;Vorovski-Rəsulzadə-Biləc həy evi.xls;2;Rəsulzadə;visible;3;4;D;Ünvan
ARXIV/Fərdi yaş və qarajlar/Vorovski-Rəsulzadə-Biləc həy evi.xls;Vorovski-Rəsulzadə-Biləc həy evi.xls;2;Rəsulzadə;visible;3;5;E;ev №
ARXIV/Fərdi yaş və qarajlar/Vorovski-Rəsulzadə-Biləc həy evi.xls;Vorovski-Rəsulzadə-Biləc həy evi.xls;2;Rəsulzadə;visible;3;6;F;Əlavə məlumat
ARXIV/Fərdi yaş və qarajlar/Vorovski-Rəsulzadə-Biləc həy evi.xls;Vorovski-Rəsulzadə-Biləc həy evi.xls;2;Rəsulzadə;visible;3;7;G;Əlavə məlumat
ARXIV/Fərdi yaş və qarajlar/Vorovski-Rəsulzadə-Biləc həy evi.xls;Vorovski-Rəsulzadə-Biləc həy evi.xls;3;Biləcəri;visible;3;1;A;Opis
ARXIV/Fərdi yaş və qarajlar/Vorovski-Rəsulzadə-Biləc həy evi.xls;Vorovski-Rəsulzadə-Biləc həy evi.xls;3;Biləcəri;visible;3;2;B;Adı soy adı
ARXIV/Fərdi yaş və qarajlar/Vorovski-Rəsulzadə-Biləc həy evi.xls;Vorovski-Rəsulzadə-Biləc həy evi.xls;3;Biləcəri;visible;3;3;C;Qəsəbə
ARXIV/Fərdi yaş və qarajlar/Vorovski-Rəsulzadə-Biləc həy evi.xls;Vorovski-Rəsulzadə-Biləc həy evi.xls;3;Biləcəri;visible;3;4;D;Ünvan
ARXIV/Fərdi yaş və qarajlar/Vorovski-Rəsulzadə-Biləc həy evi.xls;Vorovski-Rəsulzadə-Biləc həy evi.xls;3;Biləcəri;visible;3;5;E;ev №
ARXIV/Fərdi yaş və qarajlar/Vorovski-Rəsulzadə-Biləc həy evi.xls;Vorovski-Rəsulzadə-Biləc həy evi.xls;3;Biləcəri;visible;3;6;F;Əlavə məlumat
ARXIV/Fərdi yaş və qarajlar/Vorovski-Rəsulzadə-Biləc həy evi.xls;Vorovski-Rəsulzadə-Biləc həy evi.xls;3;Biləcəri;visible;3;7;G;Əlavə məlumat
ARXIV/Fərdi yaş və qarajlar/Vorovski-Rəsulzadə-Biləc həy evi.xls;Vorovski-Rəsulzadə-Biləc həy evi.xls;4;Sulu-təpə SS;visible;4;1;A;N
ARXIV/Fərdi yaş və qarajlar/Vorovski-Rəsulzadə-Biləc həy evi.xls;Vorovski-Rəsulzadə-Biləc həy evi.xls;4;Sulu-təpə SS;visible;4;2;B;Ad Soyad
ARXIV/Fərdi yaş və qarajlar/Vorovski-Rəsulzadə-Biləc həy evi.xls;Vorovski-Rəsulzadə-Biləc həy evi.xls;4;Sulu-təpə SS;visible;4;3;C;Qəsəbə
ARXIV/Fərdi yaş və qarajlar/Vorovski-Rəsulzadə-Biləc həy evi.xls;Vorovski-Rəsulzadə-Biləc həy evi.xls;4;Sulu-təpə SS;visible;4;4;D;Küçə
ARXIV/Fərdi yaş və qarajlar/Vorovski-Rəsulzadə-Biləc həy evi.xls;Vorovski-Rəsulzadə-Biləc həy evi.xls;4;Sulu-təpə SS;visible;4;5;E;ev
ARXIV/Fərdi yaş və qarajlar/Vorovski-Rəsulzadə-Biləc həy evi.xls;Vorovski-Rəsulzadə-Biləc həy evi.xls;4;Sulu-təpə SS;visible;4;6;F;əlavə
ARXIV/Fərdi yaş və qarajlar/Vorovski-Rəsulzadə-Biləc həy evi.xls;Vorovski-Rəsulzadə-Biləc həy evi.xls;4;Sulu-təpə SS;visible;4;7;G;əlavə
ARXIV/Fərdi yaş və qarajlar/Vorovski-Rəsulzadə-Biləc həy evi.xls;Vorovski-Rəsulzadə-Biləc həy evi.xls;5;Sulu-təpə;visible;6;1;A;N
ARXIV/Fərdi yaş və qarajlar/Vorovski-Rəsulzadə-Biləc həy evi.xls;Vorovski-Rəsulzadə-Biləc həy evi.xls;5;Sulu-təpə;visible;6;2;B;Ad Soyad
ARXIV/Fərdi yaş və qarajlar/Vorovski-Rəsulzadə-Biləc həy evi.xls;Vorovski-Rəsulzadə-Biləc həy evi.xls;5;Sulu-təpə;visible;6;3;C;Qəsəbə
ARXIV/Fərdi yaş və qarajlar/Vorovski-Rəsulzadə-Biləc həy evi.xls;Vorovski-Rəsulzadə-Biləc həy evi.xls;5;Sulu-təpə;visible;6;4;D;Küçə
ARXIV/Fərdi yaş və qarajlar/Vorovski-Rəsulzadə-Biləc həy evi.xls;Vorovski-Rəsulzadə-Biləc həy evi.xls;5;Sulu-təpə;visible;6;5;E;ev
ARXIV/Fərdi yaş və qarajlar/Vorovski-Rəsulzadə-Biləc həy evi.xls;Vorovski-Rəsulzadə-Biləc həy evi.xls;5;Sulu-təpə;visible;6;6;F;əlavə
ARXIV/Fərdi yaş və qarajlar/Vorovski-Rəsulzadə-Biləc həy evi.xls;Vorovski-Rəsulzadə-Biləc həy evi.xls;5;Sulu-təpə;visible;6;7;G;əlavə
ARXIV/Fərdi yaş və qarajlar/Vorovski-Rəsulzadə-Biləc həy evi.xls;Vorovski-Rəsulzadə-Biləc həy evi.xls;6;Vorovski SS;visible;5;1;A;N
ARXIV/Fərdi yaş və qarajlar/Vorovski-Rəsulzadə-Biləc həy evi.xls;Vorovski-Rəsulzadə-Biləc həy evi.xls;6;Vorovski SS;visible;5;2;B;Ad Soyad
ARXIV/Fərdi yaş və qarajlar/Vorovski-Rəsulzadə-Biləc həy evi.xls;Vorovski-Rəsulzadə-Biləc həy evi.xls;6;Vorovski SS;visible;5;3;C;Qəsəbə
ARXIV/Fərdi yaş və qarajlar/Vorovski-Rəsulzadə-Biləc həy evi.xls;Vorovski-Rəsulzadə-Biləc həy evi.xls;6;Vorovski SS;visible;5;4;D;Küçə
ARXIV/Fərdi yaş və qarajlar/Vorovski-Rəsulzadə-Biləc həy evi.xls;Vorovski-Rəsulzadə-Biləc həy evi.xls;6;Vorovski SS;visible;5;5;E;ev
ARXIV/Fərdi yaş və qarajlar/Vorovski-Rəsulzadə-Biləc həy evi.xls;Vorovski-Rəsulzadə-Biləc həy evi.xls;6;Vorovski SS;visible;5;6;F;əlavə
ARXIV/Fərdi yaş və qarajlar/Vorovski-Rəsulzadə-Biləc həy evi.xls;Vorovski-Rəsulzadə-Biləc həy evi.xls;6;Vorovski SS;visible;5;7;G;əlavə
ARXIV/Fərdi yaş və qarajlar/Vorovski-Rəsulzadə-Biləc həy evi.xls;Vorovski-Rəsulzadə-Biləc həy evi.xls;7;Rəsulzadə SS;visible;5;1;A;N
ARXIV/Fərdi yaş və qarajlar/Vorovski-Rəsulzadə-Biləc həy evi.xls;Vorovski-Rəsulzadə-Biləc həy evi.xls;7;Rəsulzadə SS;visible;5;2;B;Ad Soyad
ARXIV/Fərdi yaş və qarajlar/Vorovski-Rəsulzadə-Biləc həy evi.xls;Vorovski-Rəsulzadə-Biləc həy evi.xls;7;Rəsulzadə SS;visible;5;3;C;Qəsəbə
ARXIV/Fərdi yaş və qarajlar/Vorovski-Rəsulzadə-Biləc həy evi.xls;Vorovski-Rəsulzadə-Biləc həy evi.xls;7;Rəsulzadə SS;visible;5;4;D;Küçə
ARXIV/Fərdi yaş və qarajlar/Vorovski-Rəsulzadə-Biləc həy evi.xls;Vorovski-Rəsulzadə-Biləc həy evi.xls;7;Rəsulzadə SS;visible;5;5;E;ev
ARXIV/Fərdi yaş və qarajlar/Vorovski-Rəsulzadə-Biləc həy evi.xls;Vorovski-Rəsulzadə-Biləc həy evi.xls;7;Rəsulzadə SS;visible;5;6;F;əlavə
ARXIV/Fərdi yaş və qarajlar/Vorovski-Rəsulzadə-Biləc həy evi.xls;Vorovski-Rəsulzadə-Biləc həy evi.xls;7;Rəsulzadə SS;visible;5;7;G;əlavə
ARXIV/Fərdi yaş və qarajlar/Yasamal həyət evi.xls;Yasamal həyət evi.xls;1;Лист1;visible;1;1;A;opis №
ARXIV/Fərdi yaş və qarajlar/Yasamal həyət evi.xls;Yasamal həyət evi.xls;1;Лист1;visible;1;2;B;adı soy adı
ARXIV/Fərdi yaş və qarajlar/Yasamal həyət evi.xls;Yasamal həyət evi.xls;1;Лист1;visible;1;3;C;rayon
ARXIV/Fərdi yaş və qarajlar/Yasamal həyət evi.xls;Yasamal həyət evi.xls;1;Лист1;visible;1;4;D;ünvan
ARXIV/Fərdi yaş və qarajlar/Yasamal həyət evi.xls;Yasamal həyət evi.xls;1;Лист1;visible;1;5;E;ev
ARXIV/Fərdi yaş və qarajlar/Yasamal həyət evi.xls;Yasamal həyət evi.xls;1;Лист1;visible;1;6;F;əlavə ünvan
ARXIV/Fərdi yaş və qarajlar/Yasamal həyət evi.xls;Yasamal həyət evi.xls;1;Лист1;visible;1;7;G;əlavə
ARXIV/Fərdi yaş və qarajlar/Yasamal həyət evi.xls;Yasamal həyət evi.xls;3;Лист3;visible;16;3;C;Va min şərin nəffəsəti filuqad.
ARXIV/Fərdi yaş və qarajlar/Yasamal həyət evi.xls;Yasamal həyət evi.xls;3;Лист3;visible;16;7;G;Va min şərri hasidin izə hazad
ARXIV/Fərdi yaş və qarajlar/Yasamal həyət evi.xls;Yasamal həyət evi.xls;4;Лист4;visible;2;1;A;№
ARXIV/Fərdi yaş və qarajlar/Yasamal həyət evi.xls;Yasamal həyət evi.xls;4;Лист4;visible;2;2;B;Stansiyanın adı
ARXIV/Fərdi yaş və qarajlar/Yasamal həyət evi.xls;Yasamal həyət evi.xls;4;Лист4;visible;2;3;C;Rayon
ARXIV/Fərdi yaş və qarajlar/Yasamal həyət evi.xls;Yasamal həyət evi.xls;4;Лист4;visible;2;4;D;Ünvan
ARXIV/Fərdi yaş və qarajlar/Yasamal həyət evi.xls;Yasamal həyət evi.xls;4;Лист4;visible;2;5;E;Texniki pasportun tertib olma tarixi
ARXIV/Fərdi yaş və qarajlar/Zığ həy evi.xls;Zığ həy evi.xls;1;Zığ həy ev və ss;visible;1;1;A;Opis
ARXIV/Fərdi yaş və qarajlar/Zığ həy evi.xls;Zığ həy evi.xls;1;Zığ həy ev və ss;visible;1;2;B;Adı soy adı
ARXIV/Fərdi yaş və qarajlar/Zığ həy evi.xls;Zığ həy evi.xls;1;Zığ həy ev və ss;visible;1;3;C;Qəsəbə
ARXIV/Fərdi yaş və qarajlar/Zığ həy evi.xls;Zığ həy evi.xls;1;Zığ həy ev və ss;visible;1;4;D;Ünvan
ARXIV/Fərdi yaş və qarajlar/Zığ həy evi.xls;Zığ həy evi.xls;1;Zığ həy ev və ss;visible;1;5;E;ev №
ARXIV/Fərdi yaş və qarajlar/Zığ həy evi.xls;Zığ həy evi.xls;1;Zığ həy ev və ss;visible;1;6;F;Əlavə məlumat
ARXIV/Fərdi yaş və qarajlar/Zığ həy evi.xls;Zığ həy evi.xls;1;Zığ həy ev və ss;visible;1;7;G;Əlavə məlumat
ARXIV/Fərdi yaş və qarajlar/binəqədi.xls;binəqədi.xls;1;Binəqədi;visible;3;1;A;Opis
ARXIV/Fərdi yaş və qarajlar/binəqədi.xls;binəqədi.xls;1;Binəqədi;visible;3;2;B;Adı soy adı
ARXIV/Fərdi yaş və qarajlar/binəqədi.xls;binəqədi.xls;1;Binəqədi;visible;3;3;C;Qəsəbə
ARXIV/Fərdi yaş və qarajlar/binəqədi.xls;binəqədi.xls;1;Binəqədi;visible;3;4;D;Ünvan
ARXIV/Fərdi yaş və qarajlar/binəqədi.xls;binəqədi.xls;1;Binəqədi;visible;3;5;E;ev №
ARXIV/Fərdi yaş və qarajlar/binəqədi.xls;binəqədi.xls;1;Binəqədi;visible;3;6;F;Əlavə məlumat
ARXIV/Fərdi yaş və qarajlar/binəqədi.xls;binəqədi.xls;1;Binəqədi;visible;3;7;G;Əlavə məlumat
ARXIV/Fərdi yaş və qarajlar/binəqədi.xls;binəqədi.xls;2;Binəq SS;visible;6;1;A;Opis
ARXIV/Fərdi yaş və qarajlar/binəqədi.xls;binəqədi.xls;2;Binəq SS;visible;6;2;B;Adı soy adı
ARXIV/Fərdi yaş və qarajlar/binəqədi.xls;binəqədi.xls;2;Binəq SS;visible;6;3;C;Qəsəbə
ARXIV/Fərdi yaş və qarajlar/binəqədi.xls;binəqədi.xls;2;Binəq SS;visible;6;4;D;Ünvan
ARXIV/Fərdi yaş və qarajlar/binəqədi.xls;binəqədi.xls;2;Binəq SS;visible;6;5;E;ev №
ARXIV/Fərdi yaş və qarajlar/binəqədi.xls;binəqədi.xls;2;Binəq SS;visible;6;6;F;Əlavə məlumat
ARXIV/Fərdi yaş və qarajlar/binəqədi.xls;binəqədi.xls;2;Binəq SS;visible;6;7;G;Əlavə məlumat
ARXIV/Fərdi yaş və qarajlar/Əhmədli həy evi.xls;Əhmədli həy evi.xls;1;Лист1;visible;1;1;A;Opis
ARXIV/Fərdi yaş və qarajlar/Əhmədli həy evi.xls;Əhmədli həy evi.xls;1;Лист1;visible;1;2;B;Adı soy adı
ARXIV/Fərdi yaş və qarajlar/Əhmədli həy evi.xls;Əhmədli həy evi.xls;1;Лист1;visible;1;3;C;Rayon
ARXIV/Fərdi yaş və qarajlar/Əhmədli həy evi.xls;Əhmədli həy evi.xls;1;Лист1;visible;1;4;D;Ünvan
ARXIV/Fərdi yaş və qarajlar/Əhmədli həy evi.xls;Əhmədli həy evi.xls;1;Лист1;visible;1;5;E;ev №
ARXIV/Fərdi yaş və qarajlar/Əhmədli həy evi.xls;Əhmədli həy evi.xls;1;Лист1;visible;1;6;F;Əlavə məlumat
ARXIV/Fərdi yaş və qarajlar/Əhmədli həy evi.xls;Əhmədli həy evi.xls;1;Лист1;visible;1;7;G;Əlavə məlumat
ARXIV/MS binalar/Лист Microsoft Excel 1.xlsx;Лист Microsoft Excel 1.xlsx;1;Nizami;visible;4;1;A;№
ARXIV/MS binalar/Лист Microsoft Excel 1.xlsx;Лист Microsoft Excel 1.xlsx;1;Nizami;visible;4;2;B;Küçə adi
ARXIV/MS binalar/Лист Microsoft Excel 1.xlsx;Лист Microsoft Excel 1.xlsx;1;Nizami;visible;4;3;C;Ev №
ARXIV/MS binalar/Лист Microsoft Excel 1.xlsx;Лист Microsoft Excel 1.xlsx;1;Nizami;visible;4;4;D;JEK №
ARXIV/MS binalar/Лист Microsoft Excel 1.xlsx;Лист Microsoft Excel 1.xlsx;1;Nizami;visible;4;5;E;Əlavə məl
ARXIV/MS binalar/Лист Microsoft Excel 1.xlsx;Лист Microsoft Excel 1.xlsx;2;Binəqədi;visible;4;1;A;№
ARXIV/MS binalar/Лист Microsoft Excel 1.xlsx;Лист Microsoft Excel 1.xlsx;2;Binəqədi;visible;4;2;B;Kücə adı
ARXIV/MS binalar/Лист Microsoft Excel 1.xlsx;Лист Microsoft Excel 1.xlsx;2;Binəqədi;visible;4;3;C;Ev №
ARXIV/MS binalar/Лист Microsoft Excel 1.xlsx;Лист Microsoft Excel 1.xlsx;2;Binəqədi;visible;4;4;D;JEK №
ARXIV/MS binalar/Лист Microsoft Excel 1.xlsx;Лист Microsoft Excel 1.xlsx;2;Binəqədi;visible;4;5;E;Əlavə
ARXIV/MS binalar/Лист Microsoft Excel 1.xlsx;Лист Microsoft Excel 1.xlsx;3;Suraxani;visible;3;1;A;№
ARXIV/MS binalar/Лист Microsoft Excel 1.xlsx;Лист Microsoft Excel 1.xlsx;3;Suraxani;visible;3;2;B;Qəsəbə
ARXIV/MS binalar/Лист Microsoft Excel 1.xlsx;Лист Microsoft Excel 1.xlsx;3;Suraxani;visible;3;3;C;Kücə adı
ARXIV/MS binalar/Лист Microsoft Excel 1.xlsx;Лист Microsoft Excel 1.xlsx;3;Suraxani;visible;3;4;D;Ev №
ARXIV/MS binalar/Лист Microsoft Excel 1.xlsx;Лист Microsoft Excel 1.xlsx;3;Suraxani;visible;3;5;E;JEK №
ARXIV/MS binalar/Лист Microsoft Excel 1.xlsx;Лист Microsoft Excel 1.xlsx;3;Suraxani;visible;3;6;F;Əlavə
ARXIV/MS binalar/Лист Microsoft Excel 1.xlsx;Лист Microsoft Excel 1.xlsx;4;Qaradağ;visible;3;1;A;№
ARXIV/MS binalar/Лист Microsoft Excel 1.xlsx;Лист Microsoft Excel 1.xlsx;4;Qaradağ;visible;3;2;B;Qəsəbə
ARXIV/MS binalar/Лист Microsoft Excel 1.xlsx;Лист Microsoft Excel 1.xlsx;4;Qaradağ;visible;3;3;C;Kücə adı
ARXIV/MS binalar/Лист Microsoft Excel 1.xlsx;Лист Microsoft Excel 1.xlsx;4;Qaradağ;visible;3;4;D;Ev №
ARXIV/MS binalar/Лист Microsoft Excel 1.xlsx;Лист Microsoft Excel 1.xlsx;4;Qaradağ;visible;3;5;E;JEK №
ARXIV/MS binalar/Лист Microsoft Excel 1.xlsx;Лист Microsoft Excel 1.xlsx;4;Qaradağ;visible;3;6;F;Əlavə
ARXIV/MS binalar/Лист Microsoft Excel 1.xlsx;Лист Microsoft Excel 1.xlsx;5;Nəsimi;visible;3;1;A;№
ARXIV/MS binalar/Лист Microsoft Excel 1.xlsx;Лист Microsoft Excel 1.xlsx;5;Nəsimi;visible;3;2;B;Kücə adı
ARXIV/MS binalar/Лист Microsoft Excel 1.xlsx;Лист Microsoft Excel 1.xlsx;5;Nəsimi;visible;3;3;C;Ev №
ARXIV/MS binalar/Лист Microsoft Excel 1.xlsx;Лист Microsoft Excel 1.xlsx;5;Nəsimi;visible;3;4;D;JEK №
ARXIV/MS binalar/Лист Microsoft Excel 1.xlsx;Лист Microsoft Excel 1.xlsx;5;Nəsimi;visible;3;5;E;Əlavə
ARXIV/MS binalar/Лист Microsoft Excel 1.xlsx;Лист Microsoft Excel 1.xlsx;6;Yasamal;visible;4;1;A;№
ARXIV/MS binalar/Лист Microsoft Excel 1.xlsx;Лист Microsoft Excel 1.xlsx;6;Yasamal;visible;4;2;B;Kücə adı
ARXIV/MS binalar/Лист Microsoft Excel 1.xlsx;Лист Microsoft Excel 1.xlsx;6;Yasamal;visible;4;3;C;Ev №
ARXIV/MS binalar/Лист Microsoft Excel 1.xlsx;Лист Microsoft Excel 1.xlsx;6;Yasamal;visible;4;4;D;JEK №
ARXIV/MS binalar/Лист Microsoft Excel 1.xlsx;Лист Microsoft Excel 1.xlsx;6;Yasamal;visible;4;5;E;Əlavə
ARXIV/MS binalar/Лист Microsoft Excel 1.xlsx;Лист Microsoft Excel 1.xlsx;7;Nərimanov;visible;5;1;A;№
ARXIV/MS binalar/Лист Microsoft Excel 1.xlsx;Лист Microsoft Excel 1.xlsx;7;Nərimanov;visible;5;2;B;Kücə adı
ARXIV/MS binalar/Лист Microsoft Excel 1.xlsx;Лист Microsoft Excel 1.xlsx;7;Nərimanov;visible;5;3;C;Ev №
ARXIV/MS binalar/Лист Microsoft Excel 1.xlsx;Лист Microsoft Excel 1.xlsx;7;Nərimanov;visible;5;4;D;JEK №
ARXIV/MS binalar/Лист Microsoft Excel 1.xlsx;Лист Microsoft Excel 1.xlsx;7;Nərimanov;visible;5;5;E;Əlavə
ARXIV/MS binalar/Лист Microsoft Excel 1.xlsx;Лист Microsoft Excel 1.xlsx;8;Səbail;visible;5;1;A;№
ARXIV/MS binalar/Лист Microsoft Excel 1.xlsx;Лист Microsoft Excel 1.xlsx;8;Səbail;visible;5;2;B;Kücə adı
ARXIV/MS binalar/Лист Microsoft Excel 1.xlsx;Лист Microsoft Excel 1.xlsx;8;Səbail;visible;5;3;C;Ev №
ARXIV/MS binalar/Лист Microsoft Excel 1.xlsx;Лист Microsoft Excel 1.xlsx;8;Səbail;visible;5;4;D;JEK №
ARXIV/MS binalar/Лист Microsoft Excel 1.xlsx;Лист Microsoft Excel 1.xlsx;8;Səbail;visible;5;5;E;Əlavə
ARXIV/MS binalar/Лист Microsoft Excel 1.xlsx;Лист Microsoft Excel 1.xlsx;9;Xəzər;visible;5;1;A;№
ARXIV/MS binalar/Лист Microsoft Excel 1.xlsx;Лист Microsoft Excel 1.xlsx;9;Xəzər;visible;5;2;B;Qəsəbə
ARXIV/MS binalar/Лист Microsoft Excel 1.xlsx;Лист Microsoft Excel 1.xlsx;9;Xəzər;visible;5;3;C;Kücə adı
ARXIV/MS binalar/Лист Microsoft Excel 1.xlsx;Лист Microsoft Excel 1.xlsx;9;Xəzər;visible;5;4;D;Ev №
ARXIV/MS binalar/Лист Microsoft Excel 1.xlsx;Лист Microsoft Excel 1.xlsx;9;Xəzər;visible;5;5;E;JEK №
ARXIV/MS binalar/Лист Microsoft Excel 1.xlsx;Лист Microsoft Excel 1.xlsx;9;Xəzər;visible;5;6;F;Əlavə
ARXIV/MS binalar/Лист Microsoft Excel 1.xlsx;Лист Microsoft Excel 1.xlsx;10;Sabuncu;visible;5;1;A;№
ARXIV/MS binalar/Лист Microsoft Excel 1.xlsx;Лист Microsoft Excel 1.xlsx;10;Sabuncu;visible;5;2;B;Qəsəbə
ARXIV/MS binalar/Лист Microsoft Excel 1.xlsx;Лист Microsoft Excel 1.xlsx;10;Sabuncu;visible;5;3;C;Kücə adı
ARXIV/MS binalar/Лист Microsoft Excel 1.xlsx;Лист Microsoft Excel 1.xlsx;10;Sabuncu;visible;5;4;D;Ev №
ARXIV/MS binalar/Лист Microsoft Excel 1.xlsx;Лист Microsoft Excel 1.xlsx;10;Sabuncu;visible;5;5;E;JEK №
ARXIV/MS binalar/Лист Microsoft Excel 1.xlsx;Лист Microsoft Excel 1.xlsx;10;Sabuncu;visible;5;6;F;Əlavə
ARXIV/MS binalar/Лист Microsoft Excel 1.xlsx;Лист Microsoft Excel 1.xlsx;11;Xətai;visible;5;1;A;№
ARXIV/MS binalar/Лист Microsoft Excel 1.xlsx;Лист Microsoft Excel 1.xlsx;11;Xətai;visible;5;2;B;Kücə adı
ARXIV/MS binalar/Лист Microsoft Excel 1.xlsx;Лист Microsoft Excel 1.xlsx;11;Xətai;visible;5;3;C;Ev №
ARXIV/MS binalar/Лист Microsoft Excel 1.xlsx;Лист Microsoft Excel 1.xlsx;11;Xətai;visible;5;4;D;JEK №
ARXIV/MS binalar/Лист Microsoft Excel 1.xlsx;Лист Microsoft Excel 1.xlsx;11;Xətai;visible;5;5;E;Əlavə
ARXIV/Qeyri yaşayışlar(MP)/MP ler butun rayonlar.xlsx;MP ler butun rayonlar.xlsx;1;Nərimanov MP;visible;3;1;A;Opis
ARXIV/Qeyri yaşayışlar(MP)/MP ler butun rayonlar.xlsx;MP ler butun rayonlar.xlsx;1;Nərimanov MP;visible;3;2;B;Şirkət- sahibin adı
ARXIV/Qeyri yaşayışlar(MP)/MP ler butun rayonlar.xlsx;MP ler butun rayonlar.xlsx;1;Nərimanov MP;visible;3;3;C;Rayon
ARXIV/Qeyri yaşayışlar(MP)/MP ler butun rayonlar.xlsx;MP ler butun rayonlar.xlsx;1;Nərimanov MP;visible;3;4;D;Ünvan
ARXIV/Qeyri yaşayışlar(MP)/MP ler butun rayonlar.xlsx;MP ler butun rayonlar.xlsx;1;Nərimanov MP;visible;3;5;E;ev №
ARXIV/Qeyri yaşayışlar(MP)/MP ler butun rayonlar.xlsx;MP ler butun rayonlar.xlsx;1;Nərimanov MP;visible;3;7;G;Əlavə məlumat
ARXIV/Qeyri yaşayışlar(MP)/MP ler butun rayonlar.xlsx;MP ler butun rayonlar.xlsx;2;Səbail MP;visible;4;1;A;Opis
ARXIV/Qeyri yaşayışlar(MP)/MP ler butun rayonlar.xlsx;MP ler butun rayonlar.xlsx;2;Səbail MP;visible;4;2;B;Şirkət- sahibin adı
ARXIV/Qeyri yaşayışlar(MP)/MP ler butun rayonlar.xlsx;MP ler butun rayonlar.xlsx;2;Səbail MP;visible;4;3;C;Rayon
ARXIV/Qeyri yaşayışlar(MP)/MP ler butun rayonlar.xlsx;MP ler butun rayonlar.xlsx;2;Səbail MP;visible;4;4;D;Ünvan
ARXIV/Qeyri yaşayışlar(MP)/MP ler butun rayonlar.xlsx;MP ler butun rayonlar.xlsx;2;Səbail MP;visible;4;5;E;ev №
ARXIV/Qeyri yaşayışlar(MP)/MP ler butun rayonlar.xlsx;MP ler butun rayonlar.xlsx;2;Səbail MP;visible;4;6;F;Əlavə məlumat
ARXIV/Qeyri yaşayışlar(MP)/MP ler butun rayonlar.xlsx;MP ler butun rayonlar.xlsx;2;Səbail MP;visible;4;7;G;Əlavə məlumat
ARXIV/Qeyri yaşayışlar(MP)/MP ler butun rayonlar.xlsx;MP ler butun rayonlar.xlsx;3;Nəsimi;visible;4;1;A;Opis
ARXIV/Qeyri yaşayışlar(MP)/MP ler butun rayonlar.xlsx;MP ler butun rayonlar.xlsx;3;Nəsimi;visible;4;2;B;Şirkət- sahibin adı
ARXIV/Qeyri yaşayışlar(MP)/MP ler butun rayonlar.xlsx;MP ler butun rayonlar.xlsx;3;Nəsimi;visible;4;3;C;Rayon
ARXIV/Qeyri yaşayışlar(MP)/MP ler butun rayonlar.xlsx;MP ler butun rayonlar.xlsx;3;Nəsimi;visible;4;4;D;Ünvan
ARXIV/Qeyri yaşayışlar(MP)/MP ler butun rayonlar.xlsx;MP ler butun rayonlar.xlsx;3;Nəsimi;visible;4;5;E;ev №
ARXIV/Qeyri yaşayışlar(MP)/MP ler butun rayonlar.xlsx;MP ler butun rayonlar.xlsx;3;Nəsimi;visible;4;6;F;Əlavə məlumat
ARXIV/Qeyri yaşayışlar(MP)/MP ler butun rayonlar.xlsx;MP ler butun rayonlar.xlsx;3;Nəsimi;visible;4;7;G;Əlavə məlumat
ARXIV/Qeyri yaşayışlar(MP)/MP ler butun rayonlar.xlsx;MP ler butun rayonlar.xlsx;4;Nizami;visible;3;1;A;Opis
ARXIV/Qeyri yaşayışlar(MP)/MP ler butun rayonlar.xlsx;MP ler butun rayonlar.xlsx;4;Nizami;visible;3;2;B;Şirkət- sahibin adı
ARXIV/Qeyri yaşayışlar(MP)/MP ler butun rayonlar.xlsx;MP ler butun rayonlar.xlsx;4;Nizami;visible;3;3;C;Rayon
ARXIV/Qeyri yaşayışlar(MP)/MP ler butun rayonlar.xlsx;MP ler butun rayonlar.xlsx;4;Nizami;visible;3;4;D;Ünvan
ARXIV/Qeyri yaşayışlar(MP)/MP ler butun rayonlar.xlsx;MP ler butun rayonlar.xlsx;4;Nizami;visible;3;5;E;ev №
ARXIV/Qeyri yaşayışlar(MP)/MP ler butun rayonlar.xlsx;MP ler butun rayonlar.xlsx;4;Nizami;visible;3;6;F;Əlavə məlumat
ARXIV/Qeyri yaşayışlar(MP)/MP ler butun rayonlar.xlsx;MP ler butun rayonlar.xlsx;4;Nizami;visible;3;7;G;Əlavə məlumat
ARXIV/Qeyri yaşayışlar(MP)/MP ler butun rayonlar.xlsx;MP ler butun rayonlar.xlsx;5;Yasamal MP;visible;3;1;A;Opis
ARXIV/Qeyri yaşayışlar(MP)/MP ler butun rayonlar.xlsx;MP ler butun rayonlar.xlsx;5;Yasamal MP;visible;3;2;B;Şirkət- sahibin adı
ARXIV/Qeyri yaşayışlar(MP)/MP ler butun rayonlar.xlsx;MP ler butun rayonlar.xlsx;5;Yasamal MP;visible;3;3;C;Rayon
ARXIV/Qeyri yaşayışlar(MP)/MP ler butun rayonlar.xlsx;MP ler butun rayonlar.xlsx;5;Yasamal MP;visible;3;4;D;Ünvan
ARXIV/Qeyri yaşayışlar(MP)/MP ler butun rayonlar.xlsx;MP ler butun rayonlar.xlsx;5;Yasamal MP;visible;3;5;E;ev №
ARXIV/Qeyri yaşayışlar(MP)/MP ler butun rayonlar.xlsx;MP ler butun rayonlar.xlsx;5;Yasamal MP;visible;3;6;F;Əlavə məlumat
ARXIV/Qeyri yaşayışlar(MP)/MP ler butun rayonlar.xlsx;MP ler butun rayonlar.xlsx;5;Yasamal MP;visible;3;7;G;Əlavə məlumat
ARXIV/Qeyri yaşayışlar(MP)/MP ler butun rayonlar.xlsx;MP ler butun rayonlar.xlsx;6;Sabuncu Mp;visible;4;1;A;Opis
ARXIV/Qeyri yaşayışlar(MP)/MP ler butun rayonlar.xlsx;MP ler butun rayonlar.xlsx;6;Sabuncu Mp;visible;4;2;B;Şirkət- sahibin adı
ARXIV/Qeyri yaşayışlar(MP)/MP ler butun rayonlar.xlsx;MP ler butun rayonlar.xlsx;6;Sabuncu Mp;visible;4;3;C;Rayon
ARXIV/Qeyri yaşayışlar(MP)/MP ler butun rayonlar.xlsx;MP ler butun rayonlar.xlsx;6;Sabuncu Mp;visible;4;4;D;Ünvan
ARXIV/Qeyri yaşayışlar(MP)/MP ler butun rayonlar.xlsx;MP ler butun rayonlar.xlsx;6;Sabuncu Mp;visible;4;5;E;ev №
ARXIV/Qeyri yaşayışlar(MP)/MP ler butun rayonlar.xlsx;MP ler butun rayonlar.xlsx;6;Sabuncu Mp;visible;4;6;F;Əlavə məlumat
ARXIV/Qeyri yaşayışlar(MP)/MP ler butun rayonlar.xlsx;MP ler butun rayonlar.xlsx;6;Sabuncu Mp;visible;4;7;G;Əlavə məlumat
ARXIV/Qeyri yaşayışlar(MP)/MP ler butun rayonlar.xlsx;MP ler butun rayonlar.xlsx;7;Suraxanı MP;visible;6;1;A;Opis
ARXIV/Qeyri yaşayışlar(MP)/MP ler butun rayonlar.xlsx;MP ler butun rayonlar.xlsx;7;Suraxanı MP;visible;6;2;B;Şirkət- sahibin adı
ARXIV/Qeyri yaşayışlar(MP)/MP ler butun rayonlar.xlsx;MP ler butun rayonlar.xlsx;7;Suraxanı MP;visible;6;3;C;Rayon
ARXIV/Qeyri yaşayışlar(MP)/MP ler butun rayonlar.xlsx;MP ler butun rayonlar.xlsx;7;Suraxanı MP;visible;6;4;D;Ünvan
ARXIV/Qeyri yaşayışlar(MP)/MP ler butun rayonlar.xlsx;MP ler butun rayonlar.xlsx;7;Suraxanı MP;visible;6;5;E;ev №
ARXIV/Qeyri yaşayışlar(MP)/MP ler butun rayonlar.xlsx;MP ler butun rayonlar.xlsx;7;Suraxanı MP;visible;6;6;F;Əlavə məlumat
ARXIV/Qeyri yaşayışlar(MP)/MP ler butun rayonlar.xlsx;MP ler butun rayonlar.xlsx;7;Suraxanı MP;visible;6;7;G;Əlavə məlumat
ARXIV/Qeyri yaşayışlar(MP)/MP ler butun rayonlar.xlsx;MP ler butun rayonlar.xlsx;8;Qaradağ;visible;5;1;A;Opis
ARXIV/Qeyri yaşayışlar(MP)/MP ler butun rayonlar.xlsx;MP ler butun rayonlar.xlsx;8;Qaradağ;visible;5;2;B;Şirkət- sahibin adı
ARXIV/Qeyri yaşayışlar(MP)/MP ler butun rayonlar.xlsx;MP ler butun rayonlar.xlsx;8;Qaradağ;visible;5;3;C;Rayon
ARXIV/Qeyri yaşayışlar(MP)/MP ler butun rayonlar.xlsx;MP ler butun rayonlar.xlsx;8;Qaradağ;visible;5;4;D;Ünvan
ARXIV/Qeyri yaşayışlar(MP)/MP ler butun rayonlar.xlsx;MP ler butun rayonlar.xlsx;8;Qaradağ;visible;5;5;E;ev №
ARXIV/Qeyri yaşayışlar(MP)/MP ler butun rayonlar.xlsx;MP ler butun rayonlar.xlsx;8;Qaradağ;visible;5;6;F;Əlavə məlumat
ARXIV/Qeyri yaşayışlar(MP)/MP ler butun rayonlar.xlsx;MP ler butun rayonlar.xlsx;8;Qaradağ;visible;5;7;G;Əlavə məlumat
ARXIV/Qeyri yaşayışlar(MP)/MP ler butun rayonlar.xlsx;MP ler butun rayonlar.xlsx;9;Xəzər;visible;5;1;A;Opis
ARXIV/Qeyri yaşayışlar(MP)/MP ler butun rayonlar.xlsx;MP ler butun rayonlar.xlsx;9;Xəzər;visible;5;2;B;Şirkət- sahibin adı
ARXIV/Qeyri yaşayışlar(MP)/MP ler butun rayonlar.xlsx;MP ler butun rayonlar.xlsx;9;Xəzər;visible;5;3;C;Rayon
ARXIV/Qeyri yaşayışlar(MP)/MP ler butun rayonlar.xlsx;MP ler butun rayonlar.xlsx;9;Xəzər;visible;5;4;D;Ünvan
ARXIV/Qeyri yaşayışlar(MP)/MP ler butun rayonlar.xlsx;MP ler butun rayonlar.xlsx;9;Xəzər;visible;5;5;E;ev №
ARXIV/Qeyri yaşayışlar(MP)/MP ler butun rayonlar.xlsx;MP ler butun rayonlar.xlsx;9;Xəzər;visible;5;6;F;Əlavə məlumat
ARXIV/Qeyri yaşayışlar(MP)/MP ler butun rayonlar.xlsx;MP ler butun rayonlar.xlsx;9;Xəzər;visible;5;7;G;Əlavə məlumat
ARXIV/Qeyri yaşayışlar(MP)/MP ler butun rayonlar.xlsx;MP ler butun rayonlar.xlsx;10;Xətai MP;visible;5;1;A;Opis
ARXIV/Qeyri yaşayışlar(MP)/MP ler butun rayonlar.xlsx;MP ler butun rayonlar.xlsx;10;Xətai MP;visible;5;2;B;Şirkət- sahibin adı
ARXIV/Qeyri yaşayışlar(MP)/MP ler butun rayonlar.xlsx;MP ler butun rayonlar.xlsx;10;Xətai MP;visible;5;3;C;Rayon
ARXIV/Qeyri yaşayışlar(MP)/MP ler butun rayonlar.xlsx;MP ler butun rayonlar.xlsx;10;Xətai MP;visible;5;4;D;Ünvan
ARXIV/Qeyri yaşayışlar(MP)/MP ler butun rayonlar.xlsx;MP ler butun rayonlar.xlsx;10;Xətai MP;visible;5;5;E;ev №
ARXIV/Qeyri yaşayışlar(MP)/MP ler butun rayonlar.xlsx;MP ler butun rayonlar.xlsx;10;Xətai MP;visible;5;6;F;Əlavə məlumat
ARXIV/Qeyri yaşayışlar(MP)/MP ler butun rayonlar.xlsx;MP ler butun rayonlar.xlsx;10;Xətai MP;visible;5;7;G;Əlavə məlumat
ARXIV/Qeyri yaşayışlar(MP)/MP ler butun rayonlar.xlsx;MP ler butun rayonlar.xlsx;11;Binəqədi MP;visible;4;1;A;Opis
ARXIV/Qeyri yaşayışlar(MP)/MP ler butun rayonlar.xlsx;MP ler butun rayonlar.xlsx;11;Binəqədi MP;visible;4;2;B;Şirkət- sahibin adı
ARXIV/Qeyri yaşayışlar(MP)/MP ler butun rayonlar.xlsx;MP ler butun rayonlar.xlsx;11;Binəqədi MP;visible;4;3;C;Rayon
ARXIV/Qeyri yaşayışlar(MP)/MP ler butun rayonlar.xlsx;MP ler butun rayonlar.xlsx;11;Binəqədi MP;visible;4;4;D;Ünvan
ARXIV/Qeyri yaşayışlar(MP)/MP ler butun rayonlar.xlsx;MP ler butun rayonlar.xlsx;11;Binəqədi MP;visible;4;5;E;ev №
ARXIV/Qeyri yaşayışlar(MP)/MP ler butun rayonlar.xlsx;MP ler butun rayonlar.xlsx;11;Binəqədi MP;visible;4;6;F;Əlavə məlumat
ARXIV/Qeyri yaşayışlar(MP)/MP ler butun rayonlar.xlsx;MP ler butun rayonlar.xlsx;11;Binəqədi MP;visible;4;7;G;Əlavə məlumat
ARXIV/Qeyri yaşayışlar(MP)/Nəsimi-Nizami MP..xlsx;Nəsimi-Nizami MP..xlsx;1;Nəsimi MP;visible;1;1;A;Opis
ARXIV/Qeyri yaşayışlar(MP)/Nəsimi-Nizami MP..xlsx;Nəsimi-Nizami MP..xlsx;1;Nəsimi MP;visible;1;2;B;Şirkət- sahibin adı
ARXIV/Qeyri yaşayışlar(MP)/Nəsimi-Nizami MP..xlsx;Nəsimi-Nizami MP..xlsx;1;Nəsimi MP;visible;1;3;C;Rayon
ARXIV/Qeyri yaşayışlar(MP)/Nəsimi-Nizami MP..xlsx;Nəsimi-Nizami MP..xlsx;1;Nəsimi MP;visible;1;4;D;Ünvan
ARXIV/Qeyri yaşayışlar(MP)/Nəsimi-Nizami MP..xlsx;Nəsimi-Nizami MP..xlsx;1;Nəsimi MP;visible;1;5;E;ev №
ARXIV/Qeyri yaşayışlar(MP)/Nəsimi-Nizami MP..xlsx;Nəsimi-Nizami MP..xlsx;1;Nəsimi MP;visible;1;6;F;Əlavə məlumat
ARXIV/Qeyri yaşayışlar(MP)/Nəsimi-Nizami MP..xlsx;Nəsimi-Nizami MP..xlsx;1;Nəsimi MP;visible;1;7;G;Əlavə məlumat
ARXIV/Qeyri yaşayışlar(MP)/Nəsimi-Nizami MP..xlsx;Nəsimi-Nizami MP..xlsx;2;Nizami MP;visible;1;1;A;Opis
ARXIV/Qeyri yaşayışlar(MP)/Nəsimi-Nizami MP..xlsx;Nəsimi-Nizami MP..xlsx;2;Nizami MP;visible;1;2;B;Şirkət- sahibin adı
ARXIV/Qeyri yaşayışlar(MP)/Nəsimi-Nizami MP..xlsx;Nəsimi-Nizami MP..xlsx;2;Nizami MP;visible;1;3;C;Rayon
ARXIV/Qeyri yaşayışlar(MP)/Nəsimi-Nizami MP..xlsx;Nəsimi-Nizami MP..xlsx;2;Nizami MP;visible;1;4;D;Ünvan
ARXIV/Qeyri yaşayışlar(MP)/Nəsimi-Nizami MP..xlsx;Nəsimi-Nizami MP..xlsx;2;Nizami MP;visible;1;5;E;ev №
ARXIV/Qeyri yaşayışlar(MP)/Nəsimi-Nizami MP..xlsx;Nəsimi-Nizami MP..xlsx;2;Nizami MP;visible;1;6;F;Əlavə məlumat
ARXIV/Qeyri yaşayışlar(MP)/Nəsimi-Nizami MP..xlsx;Nəsimi-Nizami MP..xlsx;2;Nizami MP;visible;1;7;G;Əlavə məlumat
ARXIV/Qeyri yaşayışlar(MP)/Sab-Sur -Qarad-XəzərMP.xlsx;Sab-Sur -Qarad-XəzərMP.xlsx;1;Sabuncu;visible;2;1;A;Opis
ARXIV/Qeyri yaşayışlar(MP)/Sab-Sur -Qarad-XəzərMP.xlsx;Sab-Sur -Qarad-XəzərMP.xlsx;1;Sabuncu;visible;2;2;B;Şirkət- sahibin adı
ARXIV/Qeyri yaşayışlar(MP)/Sab-Sur -Qarad-XəzərMP.xlsx;Sab-Sur -Qarad-XəzərMP.xlsx;1;Sabuncu;visible;2;3;C;Rayon
ARXIV/Qeyri yaşayışlar(MP)/Sab-Sur -Qarad-XəzərMP.xlsx;Sab-Sur -Qarad-XəzərMP.xlsx;1;Sabuncu;visible;2;4;D;Ünvan
ARXIV/Qeyri yaşayışlar(MP)/Sab-Sur -Qarad-XəzərMP.xlsx;Sab-Sur -Qarad-XəzərMP.xlsx;1;Sabuncu;visible;2;5;E;ev №
ARXIV/Qeyri yaşayışlar(MP)/Sab-Sur -Qarad-XəzərMP.xlsx;Sab-Sur -Qarad-XəzərMP.xlsx;1;Sabuncu;visible;2;6;F;Əlavə məlumat
ARXIV/Qeyri yaşayışlar(MP)/Sab-Sur -Qarad-XəzərMP.xlsx;Sab-Sur -Qarad-XəzərMP.xlsx;1;Sabuncu;visible;2;7;G;Əlavə məlumat
ARXIV/Qeyri yaşayışlar(MP)/Sab-Sur -Qarad-XəzərMP.xlsx;Sab-Sur -Qarad-XəzərMP.xlsx;2;Suraxanı;visible;4;1;A;Opis
ARXIV/Qeyri yaşayışlar(MP)/Sab-Sur -Qarad-XəzərMP.xlsx;Sab-Sur -Qarad-XəzərMP.xlsx;2;Suraxanı;visible;4;2;B;Şirkət- sahibin adı
ARXIV/Qeyri yaşayışlar(MP)/Sab-Sur -Qarad-XəzərMP.xlsx;Sab-Sur -Qarad-XəzərMP.xlsx;2;Suraxanı;visible;4;3;C;Rayon
ARXIV/Qeyri yaşayışlar(MP)/Sab-Sur -Qarad-XəzərMP.xlsx;Sab-Sur -Qarad-XəzərMP.xlsx;2;Suraxanı;visible;4;4;D;Ünvan
ARXIV/Qeyri yaşayışlar(MP)/Sab-Sur -Qarad-XəzərMP.xlsx;Sab-Sur -Qarad-XəzərMP.xlsx;2;Suraxanı;visible;4;5;E;ev №
ARXIV/Qeyri yaşayışlar(MP)/Sab-Sur -Qarad-XəzərMP.xlsx;Sab-Sur -Qarad-XəzərMP.xlsx;2;Suraxanı;visible;4;6;F;Əlavə məlumat
ARXIV/Qeyri yaşayışlar(MP)/Sab-Sur -Qarad-XəzərMP.xlsx;Sab-Sur -Qarad-XəzərMP.xlsx;2;Suraxanı;visible;4;7;G;Əlavə məlumat
ARXIV/Qeyri yaşayışlar(MP)/Sab-Sur -Qarad-XəzərMP.xlsx;Sab-Sur -Qarad-XəzərMP.xlsx;3;Qaradağ;visible;6;1;A;Opis
ARXIV/Qeyri yaşayışlar(MP)/Sab-Sur -Qarad-XəzərMP.xlsx;Sab-Sur -Qarad-XəzərMP.xlsx;3;Qaradağ;visible;6;2;B;Şirkət- sahibin adı
ARXIV/Qeyri yaşayışlar(MP)/Sab-Sur -Qarad-XəzərMP.xlsx;Sab-Sur -Qarad-XəzərMP.xlsx;3;Qaradağ;visible;6;3;C;Rayon
ARXIV/Qeyri yaşayışlar(MP)/Sab-Sur -Qarad-XəzərMP.xlsx;Sab-Sur -Qarad-XəzərMP.xlsx;3;Qaradağ;visible;6;4;D;Ünvan
ARXIV/Qeyri yaşayışlar(MP)/Sab-Sur -Qarad-XəzərMP.xlsx;Sab-Sur -Qarad-XəzərMP.xlsx;3;Qaradağ;visible;6;5;E;ev №
ARXIV/Qeyri yaşayışlar(MP)/Sab-Sur -Qarad-XəzərMP.xlsx;Sab-Sur -Qarad-XəzərMP.xlsx;3;Qaradağ;visible;6;6;F;Əlavə məlumat
ARXIV/Qeyri yaşayışlar(MP)/Sab-Sur -Qarad-XəzərMP.xlsx;Sab-Sur -Qarad-XəzərMP.xlsx;3;Qaradağ;visible;6;7;G;Əlavə məlumat
ARXIV/Qeyri yaşayışlar(MP)/Sab-Sur -Qarad-XəzərMP.xlsx;Sab-Sur -Qarad-XəzərMP.xlsx;4;Xəzər;visible;5;1;A;Opis
ARXIV/Qeyri yaşayışlar(MP)/Sab-Sur -Qarad-XəzərMP.xlsx;Sab-Sur -Qarad-XəzərMP.xlsx;4;Xəzər;visible;5;2;B;Şirkət- sahibin adı
ARXIV/Qeyri yaşayışlar(MP)/Sab-Sur -Qarad-XəzərMP.xlsx;Sab-Sur -Qarad-XəzərMP.xlsx;4;Xəzər;visible;5;3;C;Rayon
ARXIV/Qeyri yaşayışlar(MP)/Sab-Sur -Qarad-XəzərMP.xlsx;Sab-Sur -Qarad-XəzərMP.xlsx;4;Xəzər;visible;5;4;D;Ünvan
ARXIV/Qeyri yaşayışlar(MP)/Sab-Sur -Qarad-XəzərMP.xlsx;Sab-Sur -Qarad-XəzərMP.xlsx;4;Xəzər;visible;5;5;E;ev №
ARXIV/Qeyri yaşayışlar(MP)/Sab-Sur -Qarad-XəzərMP.xlsx;Sab-Sur -Qarad-XəzərMP.xlsx;4;Xəzər;visible;5;6;F;Əlavə məlumat
ARXIV/Qeyri yaşayışlar(MP)/Sab-Sur -Qarad-XəzərMP.xlsx;Sab-Sur -Qarad-XəzərMP.xlsx;4;Xəzər;visible;5;7;G;Əlavə məlumat
ARXIV/Qeyri yaşayışlar(MP)/Səbail MP.xlsx;Səbail MP.xlsx;1;Лист1;visible;3;1;A;Opis
ARXIV/Qeyri yaşayışlar(MP)/Səbail MP.xlsx;Səbail MP.xlsx;1;Лист1;visible;3;2;B;Şirkət- sahibin adı
ARXIV/Qeyri yaşayışlar(MP)/Səbail MP.xlsx;Səbail MP.xlsx;1;Лист1;visible;3;3;C;Rayon
ARXIV/Qeyri yaşayışlar(MP)/Səbail MP.xlsx;Səbail MP.xlsx;1;Лист1;visible;3;4;D;Ünvan
ARXIV/Qeyri yaşayışlar(MP)/Səbail MP.xlsx;Səbail MP.xlsx;1;Лист1;visible;3;5;E;ev №
ARXIV/Qeyri yaşayışlar(MP)/Səbail MP.xlsx;Səbail MP.xlsx;1;Лист1;visible;3;6;F;Əlavə məlumat
ARXIV/Qeyri yaşayışlar(MP)/Səbail MP.xlsx;Səbail MP.xlsx;1;Лист1;visible;3;7;G;Əlavə məlumat
ARXIV/Qeyri yaşayışlar(MP)/Xətai-Binəqədi  MP.xlsx;Xətai-Binəqədi  MP.xlsx;1;Xətai;visible;2;1;A;Opis
ARXIV/Qeyri yaşayışlar(MP)/Xətai-Binəqədi  MP.xlsx;Xətai-Binəqədi  MP.xlsx;1;Xətai;visible;2;2;B;Şirkət- sahibin adı
ARXIV/Qeyri yaşayışlar(MP)/Xətai-Binəqədi  MP.xlsx;Xətai-Binəqədi  MP.xlsx;1;Xətai;visible;2;3;C;Rayon
ARXIV/Qeyri yaşayışlar(MP)/Xətai-Binəqədi  MP.xlsx;Xətai-Binəqədi  MP.xlsx;1;Xətai;visible;2;4;D;Ünvan
ARXIV/Qeyri yaşayışlar(MP)/Xətai-Binəqədi  MP.xlsx;Xətai-Binəqədi  MP.xlsx;1;Xətai;visible;2;5;E;ev №
ARXIV/Qeyri yaşayışlar(MP)/Xətai-Binəqədi  MP.xlsx;Xətai-Binəqədi  MP.xlsx;1;Xətai;visible;2;6;F;Əlavə məlumat
ARXIV/Qeyri yaşayışlar(MP)/Xətai-Binəqədi  MP.xlsx;Xətai-Binəqədi  MP.xlsx;1;Xətai;visible;2;7;G;Əlavə məlumat
ARXIV/Qeyri yaşayışlar(MP)/Xətai-Binəqədi  MP.xlsx;Xətai-Binəqədi  MP.xlsx;2;Binəqədi;visible;2;1;A;Opis
ARXIV/Qeyri yaşayışlar(MP)/Xətai-Binəqədi  MP.xlsx;Xətai-Binəqədi  MP.xlsx;2;Binəqədi;visible;2;2;B;Şirkət- sahibin adı
ARXIV/Qeyri yaşayışlar(MP)/Xətai-Binəqədi  MP.xlsx;Xətai-Binəqədi  MP.xlsx;2;Binəqədi;visible;2;3;C;Rayon
ARXIV/Qeyri yaşayışlar(MP)/Xətai-Binəqədi  MP.xlsx;Xətai-Binəqədi  MP.xlsx;2;Binəqədi;visible;2;4;D;Ünvan
ARXIV/Qeyri yaşayışlar(MP)/Xətai-Binəqədi  MP.xlsx;Xətai-Binəqədi  MP.xlsx;2;Binəqədi;visible;2;5;E;ev №
ARXIV/Qeyri yaşayışlar(MP)/Xətai-Binəqədi  MP.xlsx;Xətai-Binəqədi  MP.xlsx;2;Binəqədi;visible;2;6;F;Əlavə məlumat
ARXIV/Qeyri yaşayışlar(MP)/Xətai-Binəqədi  MP.xlsx;Xətai-Binəqədi  MP.xlsx;2;Binəqədi;visible;2;7;G;Əlavə məlumat
ARXIV/Qeyri yaşayışlar(MP)/YDM.xlsx;YDM.xlsx;1;Лист1;visible;4;1;A;№
ARXIV/Qeyri yaşayışlar(MP)/YDM.xlsx;YDM.xlsx;1;Лист1;visible;4;2;B;Ünvan
ARXIV/Qeyri yaşayışlar(MP)/YDM.xlsx;YDM.xlsx;1;Лист1;visible;4;3;C;№
ARXIV/Qeyri yaşayışlar(MP)/YDM.xlsx;YDM.xlsx;1;Лист1;visible;4;4;D;YDM №
ARXIV/Qeyri yaşayışlar(MP)/Yasamal MP.xls;Yasamal MP.xls;1;Sheet1;visible;1;1;A;Opis
ARXIV/Qeyri yaşayışlar(MP)/Yasamal MP.xls;Yasamal MP.xls;1;Sheet1;visible;1;2;B;Şirkət- sahibin adı
ARXIV/Qeyri yaşayışlar(MP)/Yasamal MP.xls;Yasamal MP.xls;1;Sheet1;visible;1;3;C;Rayon
ARXIV/Qeyri yaşayışlar(MP)/Yasamal MP.xls;Yasamal MP.xls;1;Sheet1;visible;1;4;D;Ünvan
ARXIV/Qeyri yaşayışlar(MP)/Yasamal MP.xls;Yasamal MP.xls;1;Sheet1;visible;1;5;E;ev №
ARXIV/Qeyri yaşayışlar(MP)/Yasamal MP.xls;Yasamal MP.xls;1;Sheet1;visible;1;6;F;Əlavə məlumat
ARXIV/Qeyri yaşayışlar(MP)/Yasamal MP.xls;Yasamal MP.xls;1;Sheet1;visible;1;7;G;Əlavə məlumat
ARXIV/Təhvil Abşeron/Aşağı Güzdək.xls;Aşağı Güzdək.xls;1;Лист1;visible;4;1;A;N
ARXIV/Təhvil Abşeron/Aşağı Güzdək.xls;Aşağı Güzdək.xls;1;Лист1;visible;4;2;B;Soyadı Adı
ARXIV/Təhvil Abşeron/Aşağı Güzdək.xls;Aşağı Güzdək.xls;1;Лист1;visible;4;3;C;İnv N
ARXIV/Təhvil Abşeron/Aşağı Güzdək.xls;Aşağı Güzdək.xls;1;Лист1;visible;4;4;D;Rey.N
ARXIV/Təhvil Abşeron/Bilgəh.xlsx;Bilgəh.xlsx;1;Sheet1;visible;5;1;A;N=
ARXIV/Təhvil Abşeron/Bilgəh.xlsx;Bilgəh.xlsx;1;Sheet1;visible;5;2;B;Adı Soyadı
ARXIV/Təhvil Abşeron/Bilgəh.xlsx;Bilgəh.xlsx;1;Sheet1;visible;5;3;C;Qəsəbə
ARXIV/Təhvil Abşeron/Bilgəh.xlsx;Bilgəh.xlsx;1;Sheet1;visible;5;4;D;Ünvan-kücə
ARXIV/Təhvil Abşeron/Bilgəh.xlsx;Bilgəh.xlsx;1;Sheet1;visible;5;5;E;Ev
ARXIV/Təhvil Abşeron/Bilgəh.xlsx;Bilgəh.xlsx;1;Sheet1;visible;5;7;G;İnv N
ARXIV/Təhvil Abşeron/Bilgəh.xlsx;Bilgəh.xlsx;1;Sheet1;visible;5;8;H;Rees N
ARXIV/Təhvil Abşeron/Buzovna.xls;Buzovna.xls;1;Buzovna;visible;2;3;C;Ünvan
ARXIV/Təhvil Abşeron/Buzovna.xls;Buzovna.xls;1;Buzovna;visible;2;4;D;Ərizə
ARXIV/Təhvil Abşeron/Buzovna.xls;Buzovna.xls;1;Buzovna;visible;2;5;E;Tex Pasp
ARXIV/Təhvil Abşeron/Buzovna.xls;Buzovna.xls;1;Buzovna;visible;2;6;F;Qeydvəs
ARXIV/Təhvil Abşeron/Buzovna.xls;Buzovna.xls;1;Buzovna;visible;2;7;G;Arayışı
ARXIV/Təhvil Abşeron/Buzovna.xls;Buzovna.xls;1;Buzovna;visible;2;8;H;Əmrdən çıxarış
ARXIV/Təhvil Abşeron/Buzovna.xls;Buzovna.xls;1;Buzovna;visible;2;9;I;Müayinə aktı
ARXIV/Təhvil Abşeron/Buzovna.xls;Buzovna.xls;1;Buzovna;visible;2;10;J;Qərar. Çıxar.
ARXIV/Təhvil Abşeron/Buzovna.xls;Buzovna.xls;1;Buzovna;visible;2;11;K;Arayiş
ARXIV/Təhvil Abşeron/Buzovna.xls;Buzovna.xls;1;Buzovna;visible;2;12;L;Sərənc Çıxarış
ARXIV/Təhvil Abşeron/Buzovna.xls;Buzovna.xls;1;Buzovna;visible;2;13;M;Alqı-satqı müqav.
ARXIV/Təhvil Abşeron/Buzovna.xls;Buzovna.xls;1;Buzovna;visible;2;14;N;Digər sənəd.
ARXIV/Təhvil Abşeron/Buzovna.xls;Buzovna.xls;1;Buzovna;visible;2;15;O;Qiymətləndirmə Cədvəli
ARXIV/Təhvil Abşeron/Buzovna.xls;Buzovna.xls;1;Buzovna;visible;2;16;P;İnven. №-si
ARXIV/Təhvil Abşeron/Buzovna.xls;Buzovna.xls;1;Buzovna;visible;2;17;Q;Qeyd №-si
ARXIV/Təhvil Abşeron/Buzovna.xls;Buzovna.xls;2;Hövsan;visible;2;3;C;Ərizə
ARXIV/Təhvil Abşeron/Buzovna.xls;Buzovna.xls;2;Hövsan;visible;2;4;D;Tex. Pasp.
ARXIV/Təhvil Abşeron/Buzovna.xls;Buzovna.xls;2;Hövsan;visible;2;5;E;Qeyd.vəs.
ARXIV/Təhvil Abşeron/Buzovna.xls;Buzovna.xls;2;Hövsan;visible;2;6;F;Müay. aktı
ARXIV/Təhvil Abşeron/Buzovna.xls;Buzovna.xls;2;Hövsan;visible;2;7;G;Sovx. Əriz.
ARXIV/Təhvil Abşeron/Buzovna.xls;Buzovna.xls;2;Hövsan;visible;2;8;H;Sovx. Arayışı
ARXIV/Təhvil Abşeron/Buzovna.xls;Buzovna.xls;2;Hövsan;visible;2;9;I;Əmrdən çıxarış
ARXIV/Təhvil Abşeron/Buzovna.xls;Buzovna.xls;2;Hövsan;visible;2;10;J;İstismara Qəbul Aktı
ARXIV/Təhvil Abşeron/Buzovna.xls;Buzovna.xls;2;Hövsan;visible;2;11;K;Qərar. Çıxar.
ARXIV/Təhvil Abşeron/Buzovna.xls;Buzovna.xls;2;Hövsan;visible;2;12;L;Sərənc Çıxarış
ARXIV/Təhvil Abşeron/Buzovna.xls;Buzovna.xls;2;Hövsan;visible;2;13;M;Order
ARXIV/Təhvil Abşeron/Buzovna.xls;Buzovna.xls;2;Hövsan;visible;2;14;N;Alqı-satqı müqav.
ARXIV/Təhvil Abşeron/Buzovna.xls;Buzovna.xls;2;Hövsan;visible;2;15;O;Vərəs. şəhad.
ARXIV/Təhvil Abşeron/Buzovna.xls;Buzovna.xls;2;Hövsan;visible;2;16;P;Digər sənəd.
ARXIV/Təhvil Abşeron/Buzovna.xls;Buzovna.xls;2;Hövsan;visible;2;17;Q;Qiymətləndirmə Cədvəli
ARXIV/Təhvil Abşeron/Buzovna.xls;Buzovna.xls;2;Hövsan;visible;2;18;R;İnven. N-si
ARXIV/Təhvil Abşeron/Buzovna.xls;Buzovna.xls;2;Hövsan;visible;2;19;S;Qeyd N-si
ARXIV/Təhvil Abşeron/Buzovna.xls;Buzovna.xls;2;Hövsan;visible;2;20;T;Qeyd
ARXIV/Təhvil Abşeron/Buzovna.xls;Buzovna.xls;3;Maştağa;visible;2;3;C;Ərizə
ARXIV/Təhvil Abşeron/Buzovna.xls;Buzovna.xls;3;Maştağa;visible;2;4;D;Tex. Pasp.
ARXIV/Təhvil Abşeron/Buzovna.xls;Buzovna.xls;3;Maştağa;visible;2;5;E;Qeyd.vəs.
ARXIV/Təhvil Abşeron/Buzovna.xls;Buzovna.xls;3;Maştağa;visible;2;6;F;Müay. aktı
ARXIV/Təhvil Abşeron/Buzovna.xls;Buzovna.xls;3;Maştağa;visible;2;7;G;Sovx. Əriz.
ARXIV/Təhvil Abşeron/Buzovna.xls;Buzovna.xls;3;Maştağa;visible;2;8;H;Sovx. Arayışı
ARXIV/Təhvil Abşeron/Buzovna.xls;Buzovna.xls;3;Maştağa;visible;2;9;I;Əmrdən çıxarış
ARXIV/Təhvil Abşeron/Buzovna.xls;Buzovna.xls;3;Maştağa;visible;2;10;J;Qərar. Çıxar.
ARXIV/Təhvil Abşeron/Buzovna.xls;Buzovna.xls;3;Maştağa;visible;2;11;K;Sərənc Çıxarış
ARXIV/Təhvil Abşeron/Buzovna.xls;Buzovna.xls;3;Maştağa;visible;2;12;L;Order
ARXIV/Təhvil Abşeron/Buzovna.xls;Buzovna.xls;3;Maştağa;visible;2;13;M;Alqı-satqı müqav.
ARXIV/Təhvil Abşeron/Buzovna.xls;Buzovna.xls;3;Maştağa;visible;2;14;N;Vərəs. şəhad.
ARXIV/Təhvil Abşeron/Buzovna.xls;Buzovna.xls;3;Maştağa;visible;2;15;O;Digər sənəd.
ARXIV/Təhvil Abşeron/Buzovna.xls;Buzovna.xls;3;Maştağa;visible;2;16;P;İnven. N-si
ARXIV/Təhvil Abşeron/Buzovna.xls;Buzovna.xls;3;Maştağa;visible;2;17;Q;Qeyd N-si
ARXIV/Təhvil Abşeron/Buzovna.xls;Buzovna.xls;3;Maştağa;visible;2;18;R;Qeyd
ARXIV/Təhvil Abşeron/Buzovna.xls;Buzovna.xls;4;Ramana;visible;2;3;C;Ünvan
ARXIV/Təhvil Abşeron/Buzovna.xls;Buzovna.xls;4;Ramana;visible;2;4;D;Ərizə
ARXIV/Təhvil Abşeron/Buzovna.xls;Buzovna.xls;4;Ramana;visible;2;5;E;Texniki pasport
ARXIV/Təhvil Abşeron/Buzovna.xls;Buzovna.xls;4;Ramana;visible;2;6;F;Qeyd.vəs.
ARXIV/Təhvil Abşeron/Buzovna.xls;Buzovna.xls;4;Ramana;visible;2;7;G;Müayinə aktı
ARXIV/Təhvil Abşeron/Buzovna.xls;Buzovna.xls;4;Ramana;visible;2;8;H;Sovx. Ərizəsi
ARXIV/Təhvil Abşeron/Buzovna.xls;Buzovna.xls;4;Ramana;visible;2;9;I;Sovx. Arayışı
ARXIV/Təhvil Abşeron/Buzovna.xls;Buzovna.xls;4;Ramana;visible;2;10;J;Əmrdən çıxarış
ARXIV/Təhvil Abşeron/Buzovna.xls;Buzovna.xls;4;Ramana;visible;2;11;K;Qərardan çıxarış
ARXIV/Təhvil Abşeron/Buzovna.xls;Buzovna.xls;4;Ramana;visible;2;12;L;Order
ARXIV/Təhvil Abşeron/Buzovna.xls;Buzovna.xls;4;Ramana;visible;2;13;M;Alqı-satqı müqav.
ARXIV/Təhvil Abşeron/Buzovna.xls;Buzovna.xls;4;Ramana;visible;2;14;N;Vərəsəlik şəhadət.
ARXIV/Təhvil Abşeron/Buzovna.xls;Buzovna.xls;4;Ramana;visible;2;15;O;Digər sənədlər
ARXIV/Təhvil Abşeron/Buzovna.xls;Buzovna.xls;4;Ramana;visible;2;16;P;İnventaN-si
ARXIV/Təhvil Abşeron/Buzovna.xls;Buzovna.xls;4;Ramana;visible;2;17;Q;Qeyd N-si
ARXIV/Təhvil Abşeron/Buzovna.xls;Buzovna.xls;5;Surax zeyt;visible;2;1;A;№
ARXIV/Təhvil Abşeron/Buzovna.xls;Buzovna.xls;5;Surax zeyt;visible;2;2;B;Soyadı, adı, atasının adı
ARXIV/Təhvil Abşeron/Buzovna.xls;Buzovna.xls;5;Surax zeyt;visible;2;3;C;İnven №
ARXIV/Təhvil Abşeron/Buzovna.xls;Buzovna.xls;5;Surax zeyt;visible;2;4;D;Qeyd №
ARXIV/Təhvil Abşeron/Buzovna.xls;Buzovna.xls;6;Aşağ Güzd;visible;6;1;A;№
ARXIV/Təhvil Abşeron/Buzovna.xls;Buzovna.xls;6;Aşağ Güzd;visible;6;2;B;Soyadı, adı, atasının adı
ARXIV/Təhvil Abşeron/Buzovna.xls;Buzovna.xls;6;Aşağ Güzd;visible;6;3;C;İnven №
ARXIV/Təhvil Abşeron/Buzovna.xls;Buzovna.xls;6;Aşağ Güzd;visible;6;4;D;Qeyd №
ARXIV/Təhvil Abşeron/Buzovna.xls;Buzovna.xls;7;Binə;visible;2;3;C;Ərizə
ARXIV/Təhvil Abşeron/Buzovna.xls;Buzovna.xls;7;Binə;visible;2;4;D;Texniki pasport
ARXIV/Təhvil Abşeron/Buzovna.xls;Buzovna.xls;7;Binə;visible;2;5;E;Qeyd.vəs.
ARXIV/Təhvil Abşeron/Buzovna.xls;Buzovna.xls;7;Binə;visible;2;6;F;Müayinə aktı
ARXIV/Təhvil Abşeron/Buzovna.xls;Buzovna.xls;7;Binə;visible;2;7;G;Sovx. Ərizəsi
ARXIV/Təhvil Abşeron/Buzovna.xls;Buzovna.xls;7;Binə;visible;2;8;H;Sovx. Arayışı
ARXIV/Təhvil Abşeron/Buzovna.xls;Buzovna.xls;7;Binə;visible;2;9;I;Əmrdən çıxarış
ARXIV/Təhvil Abşeron/Buzovna.xls;Buzovna.xls;7;Binə;visible;2;10;J;Qərardan çıxarış
ARXIV/Təhvil Abşeron/Buzovna.xls;Buzovna.xls;7;Binə;visible;2;11;K;Order
ARXIV/Təhvil Abşeron/Buzovna.xls;Buzovna.xls;7;Binə;visible;2;12;L;Alqı-satqı müqav.
ARXIV/Təhvil Abşeron/Buzovna.xls;Buzovna.xls;7;Binə;visible;2;13;M;Vərəsəlik şəhadət.
ARXIV/Təhvil Abşeron/Buzovna.xls;Buzovna.xls;7;Binə;visible;2;14;N;Digər sənədlər
ARXIV/Təhvil Abşeron/Buzovna.xls;Buzovna.xls;7;Binə;visible;2;15;O;İnventaN-si
ARXIV/Təhvil Abşeron/Buzovna.xls;Buzovna.xls;7;Binə;visible;2;16;P;Qeyd N-si
ARXIV/Təhvil Abşeron/Buzovna.xls;Buzovna.xls;8;Kürdax;visible;2;3;C;Ərizə
ARXIV/Təhvil Abşeron/Buzovna.xls;Buzovna.xls;8;Kürdax;visible;2;4;D;Tex. Pasp.
ARXIV/Təhvil Abşeron/Buzovna.xls;Buzovna.xls;8;Kürdax;visible;2;5;E;Qeyd.vəs.
ARXIV/Təhvil Abşeron/Buzovna.xls;Buzovna.xls;8;Kürdax;visible;2;6;F;Müay. aktı
ARXIV/Təhvil Abşeron/Buzovna.xls;Buzovna.xls;8;Kürdax;visible;2;7;G;Sovx. Əriz.
ARXIV/Təhvil Abşeron/Buzovna.xls;Buzovna.xls;8;Kürdax;visible;2;8;H;Sovx. Arayışı
ARXIV/Təhvil Abşeron/Buzovna.xls;Buzovna.xls;8;Kürdax;visible;2;9;I;Əmrdən çıxarış
ARXIV/Təhvil Abşeron/Buzovna.xls;Buzovna.xls;8;Kürdax;visible;2;10;J;Qərar. Çıxar.
ARXIV/Təhvil Abşeron/Buzovna.xls;Buzovna.xls;8;Kürdax;visible;2;11;K;Sərənc Çıxarış
ARXIV/Təhvil Abşeron/Buzovna.xls;Buzovna.xls;8;Kürdax;visible;2;12;L;Order
ARXIV/Təhvil Abşeron/Buzovna.xls;Buzovna.xls;8;Kürdax;visible;2;13;M;Alqı-satqı müqav.
ARXIV/Təhvil Abşeron/Buzovna.xls;Buzovna.xls;8;Kürdax;visible;2;14;N;Vərəs. şəhad.
ARXIV/Təhvil Abşeron/Buzovna.xls;Buzovna.xls;8;Kürdax;visible;2;15;O;Digər sənəd.
ARXIV/Təhvil Abşeron/Buzovna.xls;Buzovna.xls;8;Kürdax;visible;2;16;P;İnven. N-si
ARXIV/Təhvil Abşeron/Buzovna.xls;Buzovna.xls;8;Kürdax;visible;2;17;Q;Qeyd N-si
ARXIV/Təhvil Abşeron/Buzovna.xls;Buzovna.xls;8;Kürdax;visible;2;18;R;Qeyd
ARXIV/Təhvil Abşeron/Buzovna.xls;Buzovna.xls;9;Türkan;visible;6;3;C;Ərizə
ARXIV/Təhvil Abşeron/Buzovna.xls;Buzovna.xls;9;Türkan;visible;6;4;D;Tex. Pasp.
ARXIV/Təhvil Abşeron/Buzovna.xls;Buzovna.xls;9;Türkan;visible;6;5;E;Qeyd.vəs.
ARXIV/Təhvil Abşeron/Buzovna.xls;Buzovna.xls;9;Türkan;visible;6;6;F;Müay. aktı
ARXIV/Təhvil Abşeron/Buzovna.xls;Buzovna.xls;9;Türkan;visible;6;7;G;Sovx. Əriz.
ARXIV/Təhvil Abşeron/Buzovna.xls;Buzovna.xls;9;Türkan;visible;6;8;H;Sovx. Arayışı
ARXIV/Təhvil Abşeron/Buzovna.xls;Buzovna.xls;9;Türkan;visible;6;9;I;Əmrdən çıxarış
ARXIV/Təhvil Abşeron/Buzovna.xls;Buzovna.xls;9;Türkan;visible;6;10;J;Qərar. Çıxar.
ARXIV/Təhvil Abşeron/Buzovna.xls;Buzovna.xls;9;Türkan;visible;6;11;K;Sərənc Çıxarış
ARXIV/Təhvil Abşeron/Buzovna.xls;Buzovna.xls;9;Türkan;visible;6;12;L;Order
ARXIV/Təhvil Abşeron/Buzovna.xls;Buzovna.xls;9;Türkan;visible;6;13;M;Alqı-satqı müqav.
ARXIV/Təhvil Abşeron/Buzovna.xls;Buzovna.xls;9;Türkan;visible;6;14;N;Vərəs. şəhad.
ARXIV/Təhvil Abşeron/Buzovna.xls;Buzovna.xls;9;Türkan;visible;6;15;O;Digər sənəd.
ARXIV/Təhvil Abşeron/Buzovna.xls;Buzovna.xls;9;Türkan;visible;6;16;P;İnven. N-si
ARXIV/Təhvil Abşeron/Buzovna.xls;Buzovna.xls;9;Türkan;visible;6;17;Q;Qeyd N-si
ARXIV/Təhvil Abşeron/Buzovna.xls;Buzovna.xls;9;Türkan;visible;6;18;R;Tor ve dair AKT
ARXIV/Təhvil Abşeron/Buzovna.xls;Buzovna.xls;10;Sabunc;visible;2;5;E;Ərizə
ARXIV/Təhvil Abşeron/Buzovna.xls;Buzovna.xls;10;Sabunc;visible;2;6;F;Tex. Pasp.
ARXIV/Təhvil Abşeron/Buzovna.xls;Buzovna.xls;10;Sabunc;visible;2;7;G;Qeyd.vəs.
ARXIV/Təhvil Abşeron/Buzovna.xls;Buzovna.xls;10;Sabunc;visible;2;8;H;Müay. aktı
ARXIV/Təhvil Abşeron/Buzovna.xls;Buzovna.xls;10;Sabunc;visible;2;9;I;Sovx. Əriz.
ARXIV/Təhvil Abşeron/Buzovna.xls;Buzovna.xls;10;Sabunc;visible;2;10;J;Sovx. Arayışı
ARXIV/Təhvil Abşeron/Buzovna.xls;Buzovna.xls;10;Sabunc;visible;2;11;K;Əmrdən çıxarış
ARXIV/Təhvil Abşeron/Buzovna.xls;Buzovna.xls;10;Sabunc;visible;2;12;L;Qərar. Çıxar.
ARXIV/Təhvil Abşeron/Buzovna.xls;Buzovna.xls;10;Sabunc;visible;2;13;M;Sərənc Çıxarış
ARXIV/Təhvil Abşeron/Buzovna.xls;Buzovna.xls;10;Sabunc;visible;2;14;N;Order
ARXIV/Təhvil Abşeron/Buzovna.xls;Buzovna.xls;10;Sabunc;visible;2;15;O;Alqı-satqı müqav.
ARXIV/Təhvil Abşeron/Buzovna.xls;Buzovna.xls;10;Sabunc;visible;2;16;P;Vərəs. şəhad.
ARXIV/Təhvil Abşeron/Buzovna.xls;Buzovna.xls;10;Sabunc;visible;2;17;Q;Digər sənəd.
ARXIV/Təhvil Abşeron/Buzovna.xls;Buzovna.xls;10;Sabunc;visible;2;18;R;İnven. N-si
ARXIV/Təhvil Abşeron/Buzovna.xls;Buzovna.xls;10;Sabunc;visible;2;19;S;Qeyd N-si
ARXIV/Təhvil Abşeron/Buzovna.xls;Buzovna.xls;10;Sabunc;visible;2;20;T;Qeyd
ARXIV/Təhvil Abşeron/Buzovna.xls;Buzovna.xls;11;Xət zeyt;visible;2;3;C;Ünvan
ARXIV/Təhvil Abşeron/Buzovna.xls;Buzovna.xls;11;Xət zeyt;visible;2;4;D;Ərizə
ARXIV/Təhvil Abşeron/Buzovna.xls;Buzovna.xls;11;Xət zeyt;visible;2;5;E;Tex Pasp
ARXIV/Təhvil Abşeron/Buzovna.xls;Buzovna.xls;11;Xət zeyt;visible;2;6;F;Qeydvəs
ARXIV/Təhvil Abşeron/Buzovna.xls;Buzovna.xls;11;Xət zeyt;visible;2;7;G;Arayışı
ARXIV/Təhvil Abşeron/Buzovna.xls;Buzovna.xls;11;Xət zeyt;visible;2;8;H;Əmrdən çıxarış
ARXIV/Təhvil Abşeron/Buzovna.xls;Buzovna.xls;11;Xət zeyt;visible;2;9;I;Müayinə aktı
ARXIV/Təhvil Abşeron/Buzovna.xls;Buzovna.xls;11;Xət zeyt;visible;2;10;J;Qərar. Çıxar.
ARXIV/Təhvil Abşeron/Buzovna.xls;Buzovna.xls;11;Xət zeyt;visible;2;11;K;Arayiş
ARXIV/Təhvil Abşeron/Buzovna.xls;Buzovna.xls;11;Xət zeyt;visible;2;12;L;Sərənc Çıxarış
ARXIV/Təhvil Abşeron/Buzovna.xls;Buzovna.xls;11;Xət zeyt;visible;2;13;M;Alqı-satqı müqav.
ARXIV/Təhvil Abşeron/Buzovna.xls;Buzovna.xls;11;Xət zeyt;visible;2;14;N;Digər sənəd.
ARXIV/Təhvil Abşeron/Buzovna.xls;Buzovna.xls;11;Xət zeyt;visible;2;15;O;Qiymətləndirmə Cədvəli
ARXIV/Təhvil Abşeron/Buzovna.xls;Buzovna.xls;11;Xət zeyt;visible;2;16;P;İnven. №-si
ARXIV/Təhvil Abşeron/Buzovna.xls;Buzovna.xls;11;Xət zeyt;visible;2;17;Q;Qeyd №-si
ARXIV/Təhvil Abşeron/Buzovna.xls;Buzovna.xls;16;Лист2;visible;2;3;C;Ərizə
ARXIV/Təhvil Abşeron/Buzovna.xls;Buzovna.xls;16;Лист2;visible;2;4;D;Tex. Pasp.
ARXIV/Təhvil Abşeron/Buzovna.xls;Buzovna.xls;16;Лист2;visible;2;5;E;Qeyd.vəs.
ARXIV/Təhvil Abşeron/Buzovna.xls;Buzovna.xls;16;Лист2;visible;2;6;F;Arayışı
ARXIV/Təhvil Abşeron/Buzovna.xls;Buzovna.xls;16;Лист2;visible;2;7;G;Əmrdən çıxarış
ARXIV/Təhvil Abşeron/Buzovna.xls;Buzovna.xls;16;Лист2;visible;2;8;H;Müayinə aktı
ARXIV/Təhvil Abşeron/Buzovna.xls;Buzovna.xls;16;Лист2;visible;2;9;I;Qərar. Çıxar.
ARXIV/Təhvil Abşeron/Buzovna.xls;Buzovna.xls;16;Лист2;visible;2;10;J;Arayiş
ARXIV/Təhvil Abşeron/Buzovna.xls;Buzovna.xls;16;Лист2;visible;2;11;K;Sərənc Çıxarış
ARXIV/Təhvil Abşeron/Buzovna.xls;Buzovna.xls;16;Лист2;visible;2;12;L;Alqı-satqı müqav.
ARXIV/Təhvil Abşeron/Buzovna.xls;Buzovna.xls;16;Лист2;visible;2;13;M;Digər sənəd.
ARXIV/Təhvil Abşeron/Buzovna.xls;Buzovna.xls;16;Лист2;visible;2;14;N;Qiymətləndirmə Cədvəli
ARXIV/Təhvil Abşeron/Buzovna.xls;Buzovna.xls;16;Лист2;visible;2;15;O;İnven. N-si
ARXIV/Təhvil Abşeron/Buzovna.xls;Buzovna.xls;16;Лист2;visible;2;16;P;Qeyd N-si
ARXIV/Təhvil Abşeron/Hökməli-Xird-Masaz.Goradil abşeron.xls;Hökməli-Xird-Masaz.Goradil abşeron.xls;1;Sheet1;visible;4;1;A;N=
ARXIV/Təhvil Abşeron/Hökməli-Xird-Masaz.Goradil abşeron.xls;Hökməli-Xird-Masaz.Goradil abşeron.xls;1;Sheet1;visible;4;2;B;Adı Soyadı
ARXIV/Təhvil Abşeron/Hökməli-Xird-Masaz.Goradil abşeron.xls;Hökməli-Xird-Masaz.Goradil abşeron.xls;1;Sheet1;visible;4;3;C;Qəsəbə
ARXIV/Təhvil Abşeron/Hökməli-Xird-Masaz.Goradil abşeron.xls;Hökməli-Xird-Masaz.Goradil abşeron.xls;1;Sheet1;visible;4;4;D;Ünvan-kücə
ARXIV/Təhvil Abşeron/Hökməli-Xird-Masaz.Goradil abşeron.xls;Hökməli-Xird-Masaz.Goradil abşeron.xls;1;Sheet1;visible;4;5;E;Ev
ARXIV/Təhvil Abşeron/Hökməli-Xird-Masaz.Goradil abşeron.xls;Hökməli-Xird-Masaz.Goradil abşeron.xls;1;Sheet1;visible;4;7;G;İnv N
ARXIV/Təhvil Abşeron/Hökməli-Xird-Masaz.Goradil abşeron.xls;Hökməli-Xird-Masaz.Goradil abşeron.xls;1;Sheet1;visible;4;8;H;Rees N
ARXIV/Təhvil Abşeron/Kohne Bine.xls;Kohne Bine.xls;1;Лист3;visible;2;3;C;Ərizə
ARXIV/Təhvil Abşeron/Kohne Bine.xls;Kohne Bine.xls;1;Лист3;visible;2;4;D;Texniki pasport
ARXIV/Təhvil Abşeron/Kohne Bine.xls;Kohne Bine.xls;1;Лист3;visible;2;5;E;Qeyd.vəs.
ARXIV/Təhvil Abşeron/Kohne Bine.xls;Kohne Bine.xls;1;Лист3;visible;2;6;F;Müayinə aktı
ARXIV/Təhvil Abşeron/Kohne Bine.xls;Kohne Bine.xls;1;Лист3;visible;2;7;G;Sovx. Ərizəsi
ARXIV/Təhvil Abşeron/Kohne Bine.xls;Kohne Bine.xls;1;Лист3;visible;2;8;H;Sovx. Arayışı
ARXIV/Təhvil Abşeron/Kohne Bine.xls;Kohne Bine.xls;1;Лист3;visible;2;9;I;Əmrdən çıxarış
ARXIV/Təhvil Abşeron/Kohne Bine.xls;Kohne Bine.xls;1;Лист3;visible;2;10;J;Qərardan çıxarış
ARXIV/Təhvil Abşeron/Kohne Bine.xls;Kohne Bine.xls;1;Лист3;visible;2;11;K;Order
ARXIV/Təhvil Abşeron/Kohne Bine.xls;Kohne Bine.xls;1;Лист3;visible;2;12;L;Alqı-satqı müqav.
ARXIV/Təhvil Abşeron/Kohne Bine.xls;Kohne Bine.xls;1;Лист3;visible;2;13;M;Vərəsəlik şəhadət.
ARXIV/Təhvil Abşeron/Kohne Bine.xls;Kohne Bine.xls;1;Лист3;visible;2;14;N;Digər sənədlər
ARXIV/Təhvil Abşeron/Kohne Bine.xls;Kohne Bine.xls;1;Лист3;visible;2;15;O;İnventaN-si
ARXIV/Təhvil Abşeron/Kohne Bine.xls;Kohne Bine.xls;1;Лист3;visible;2;16;P;Qeyd N-si
ARXIV/Təhvil Abşeron/Kohne Hovsan.xls;Kohne Hovsan.xls;1;Лист1;visible;2;3;C;Ərizə
ARXIV/Təhvil Abşeron/Kohne Hovsan.xls;Kohne Hovsan.xls;1;Лист1;visible;2;4;D;Tex. Pasp.
ARXIV/Təhvil Abşeron/Kohne Hovsan.xls;Kohne Hovsan.xls;1;Лист1;visible;2;5;E;Qeyd.vəs.
ARXIV/Təhvil Abşeron/Kohne Hovsan.xls;Kohne Hovsan.xls;1;Лист1;visible;2;6;F;Müay. aktı
ARXIV/Təhvil Abşeron/Kohne Hovsan.xls;Kohne Hovsan.xls;1;Лист1;visible;2;7;G;Sovx. Əriz.
ARXIV/Təhvil Abşeron/Kohne Hovsan.xls;Kohne Hovsan.xls;1;Лист1;visible;2;8;H;Sovx. Arayışı
ARXIV/Təhvil Abşeron/Kohne Hovsan.xls;Kohne Hovsan.xls;1;Лист1;visible;2;9;I;Əmrdən çıxarış
ARXIV/Təhvil Abşeron/Kohne Hovsan.xls;Kohne Hovsan.xls;1;Лист1;visible;2;10;J;İstismara Qəbul Aktı
ARXIV/Təhvil Abşeron/Kohne Hovsan.xls;Kohne Hovsan.xls;1;Лист1;visible;2;11;K;Qərar. Çıxar.
ARXIV/Təhvil Abşeron/Kohne Hovsan.xls;Kohne Hovsan.xls;1;Лист1;visible;2;12;L;Sərənc Çıxarış
ARXIV/Təhvil Abşeron/Kohne Hovsan.xls;Kohne Hovsan.xls;1;Лист1;visible;2;13;M;Order
ARXIV/Təhvil Abşeron/Kohne Hovsan.xls;Kohne Hovsan.xls;1;Лист1;visible;2;14;N;Alqı-satqı müqav.
ARXIV/Təhvil Abşeron/Kohne Hovsan.xls;Kohne Hovsan.xls;1;Лист1;visible;2;15;O;Vərəs. şəhad.
ARXIV/Təhvil Abşeron/Kohne Hovsan.xls;Kohne Hovsan.xls;1;Лист1;visible;2;16;P;Digər sənəd.
ARXIV/Təhvil Abşeron/Kohne Hovsan.xls;Kohne Hovsan.xls;1;Лист1;visible;2;17;Q;Qiymətləndirmə Cədvəli
ARXIV/Təhvil Abşeron/Kohne Hovsan.xls;Kohne Hovsan.xls;1;Лист1;visible;2;18;R;İnven. N-si
ARXIV/Təhvil Abşeron/Kohne Hovsan.xls;Kohne Hovsan.xls;1;Лист1;visible;2;19;S;Qeyd N-si
ARXIV/Təhvil Abşeron/Kohne Hovsan.xls;Kohne Hovsan.xls;1;Лист1;visible;2;20;T;Qeyd
ARXIV/Təhvil Abşeron/Kohne Kurdaxani.xls;Kohne Kurdaxani.xls;3;Лист3;visible;2;3;C;Ərizə
ARXIV/Təhvil Abşeron/Kohne Kurdaxani.xls;Kohne Kurdaxani.xls;3;Лист3;visible;2;4;D;Tex. Pasp.
ARXIV/Təhvil Abşeron/Kohne Kurdaxani.xls;Kohne Kurdaxani.xls;3;Лист3;visible;2;5;E;Qeyd.vəs.
ARXIV/Təhvil Abşeron/Kohne Kurdaxani.xls;Kohne Kurdaxani.xls;3;Лист3;visible;2;6;F;Müay. aktı
ARXIV/Təhvil Abşeron/Kohne Kurdaxani.xls;Kohne Kurdaxani.xls;3;Лист3;visible;2;7;G;Sovx. Əriz.
ARXIV/Təhvil Abşeron/Kohne Kurdaxani.xls;Kohne Kurdaxani.xls;3;Лист3;visible;2;8;H;Sovx. Arayışı
ARXIV/Təhvil Abşeron/Kohne Kurdaxani.xls;Kohne Kurdaxani.xls;3;Лист3;visible;2;9;I;Əmrdən çıxarış
ARXIV/Təhvil Abşeron/Kohne Kurdaxani.xls;Kohne Kurdaxani.xls;3;Лист3;visible;2;10;J;Qərar. Çıxar.
ARXIV/Təhvil Abşeron/Kohne Kurdaxani.xls;Kohne Kurdaxani.xls;3;Лист3;visible;2;11;K;Sərənc Çıxarış
ARXIV/Təhvil Abşeron/Kohne Kurdaxani.xls;Kohne Kurdaxani.xls;3;Лист3;visible;2;12;L;Order
ARXIV/Təhvil Abşeron/Kohne Kurdaxani.xls;Kohne Kurdaxani.xls;3;Лист3;visible;2;13;M;Alqı-satqı müqav.
ARXIV/Təhvil Abşeron/Kohne Kurdaxani.xls;Kohne Kurdaxani.xls;3;Лист3;visible;2;14;N;Vərəs. şəhad.
ARXIV/Təhvil Abşeron/Kohne Kurdaxani.xls;Kohne Kurdaxani.xls;3;Лист3;visible;2;15;O;Digər sənəd.
ARXIV/Təhvil Abşeron/Kohne Kurdaxani.xls;Kohne Kurdaxani.xls;3;Лист3;visible;2;16;P;İnven. N-si
ARXIV/Təhvil Abşeron/Kohne Kurdaxani.xls;Kohne Kurdaxani.xls;3;Лист3;visible;2;17;Q;Qeyd N-si
ARXIV/Təhvil Abşeron/Kohne Kurdaxani.xls;Kohne Kurdaxani.xls;3;Лист3;visible;2;18;R;Qeyd
ARXIV/Təhvil Abşeron/Kohne Mashtaga.xls;Kohne Mashtaga.xls;3;Лист3;visible;2;3;C;Ərizə
ARXIV/Təhvil Abşeron/Kohne Mashtaga.xls;Kohne Mashtaga.xls;3;Лист3;visible;2;4;D;Tex. Pasp.
ARXIV/Təhvil Abşeron/Kohne Mashtaga.xls;Kohne Mashtaga.xls;3;Лист3;visible;2;5;E;Qeyd.vəs.
ARXIV/Təhvil Abşeron/Kohne Mashtaga.xls;Kohne Mashtaga.xls;3;Лист3;visible;2;6;F;Müay. aktı
ARXIV/Təhvil Abşeron/Kohne Mashtaga.xls;Kohne Mashtaga.xls;3;Лист3;visible;2;7;G;Sovx. Əriz.
ARXIV/Təhvil Abşeron/Kohne Mashtaga.xls;Kohne Mashtaga.xls;3;Лист3;visible;2;8;H;Sovx. Arayışı
ARXIV/Təhvil Abşeron/Kohne Mashtaga.xls;Kohne Mashtaga.xls;3;Лист3;visible;2;9;I;Əmrdən çıxarış
ARXIV/Təhvil Abşeron/Kohne Mashtaga.xls;Kohne Mashtaga.xls;3;Лист3;visible;2;10;J;Qərar. Çıxar.
ARXIV/Təhvil Abşeron/Kohne Mashtaga.xls;Kohne Mashtaga.xls;3;Лист3;visible;2;11;K;Sərənc Çıxarış
ARXIV/Təhvil Abşeron/Kohne Mashtaga.xls;Kohne Mashtaga.xls;3;Лист3;visible;2;12;L;Order
ARXIV/Təhvil Abşeron/Kohne Mashtaga.xls;Kohne Mashtaga.xls;3;Лист3;visible;2;13;M;Alqı-satqı müqav.
ARXIV/Təhvil Abşeron/Kohne Mashtaga.xls;Kohne Mashtaga.xls;3;Лист3;visible;2;14;N;Vərəs. şəhad.
ARXIV/Təhvil Abşeron/Kohne Mashtaga.xls;Kohne Mashtaga.xls;3;Лист3;visible;2;15;O;Digər sənəd.
ARXIV/Təhvil Abşeron/Kohne Mashtaga.xls;Kohne Mashtaga.xls;3;Лист3;visible;2;16;P;İnven. N-si
ARXIV/Təhvil Abşeron/Kohne Mashtaga.xls;Kohne Mashtaga.xls;3;Лист3;visible;2;17;Q;Qeyd N-si
ARXIV/Təhvil Abşeron/Kohne Mashtaga.xls;Kohne Mashtaga.xls;3;Лист3;visible;2;18;R;Qeyd
ARXIV/Təhvil Abşeron/Kohne Turkan.xls;Kohne Turkan.xls;1;Лист1;visible;6;3;C;Ərizə
ARXIV/Təhvil Abşeron/Kohne Turkan.xls;Kohne Turkan.xls;1;Лист1;visible;6;4;D;Tex. Pasp.
ARXIV/Təhvil Abşeron/Kohne Turkan.xls;Kohne Turkan.xls;1;Лист1;visible;6;5;E;Qeyd.vəs.
ARXIV/Təhvil Abşeron/Kohne Turkan.xls;Kohne Turkan.xls;1;Лист1;visible;6;6;F;Müay. aktı
ARXIV/Təhvil Abşeron/Kohne Turkan.xls;Kohne Turkan.xls;1;Лист1;visible;6;7;G;Sovx. Əriz.
ARXIV/Təhvil Abşeron/Kohne Turkan.xls;Kohne Turkan.xls;1;Лист1;visible;6;8;H;Sovx. Arayışı
ARXIV/Təhvil Abşeron/Kohne Turkan.xls;Kohne Turkan.xls;1;Лист1;visible;6;9;I;Əmrdən çıxarış
ARXIV/Təhvil Abşeron/Kohne Turkan.xls;Kohne Turkan.xls;1;Лист1;visible;6;10;J;Qərar. Çıxar.
ARXIV/Təhvil Abşeron/Kohne Turkan.xls;Kohne Turkan.xls;1;Лист1;visible;6;11;K;Sərənc Çıxarış
ARXIV/Təhvil Abşeron/Kohne Turkan.xls;Kohne Turkan.xls;1;Лист1;visible;6;12;L;Order
ARXIV/Təhvil Abşeron/Kohne Turkan.xls;Kohne Turkan.xls;1;Лист1;visible;6;13;M;Alqı-satqı müqav.
ARXIV/Təhvil Abşeron/Kohne Turkan.xls;Kohne Turkan.xls;1;Лист1;visible;6;14;N;Vərəs. şəhad.
ARXIV/Təhvil Abşeron/Kohne Turkan.xls;Kohne Turkan.xls;1;Лист1;visible;6;15;O;Digər sənəd.
ARXIV/Təhvil Abşeron/Kohne Turkan.xls;Kohne Turkan.xls;1;Лист1;visible;6;16;P;İnven. N-si
ARXIV/Təhvil Abşeron/Kohne Turkan.xls;Kohne Turkan.xls;1;Лист1;visible;6;17;Q;Qeyd N-si
ARXIV/Təhvil Abşeron/Kohne Turkan.xls;Kohne Turkan.xls;1;Лист1;visible;6;18;R;Tor ve dair AKT
ARXIV/Təhvil Abşeron/Novxanı-apşeron.xls;Novxanı-apşeron.xls;1;Sheet1;visible;7;1;A;№
ARXIV/Təhvil Abşeron/Novxanı-apşeron.xls;Novxanı-apşeron.xls;1;Sheet1;visible;7;2;B;Soyadı, adı, atasının adı
ARXIV/Təhvil Abşeron/Novxanı-apşeron.xls;Novxanı-apşeron.xls;1;Sheet1;visible;7;3;C;İnven №
ARXIV/Təhvil Abşeron/Novxanı-apşeron.xls;Novxanı-apşeron.xls;1;Sheet1;visible;7;4;D;Qeyd №
ARXIV/Təhvil Abşeron/Ramana.xls;Ramana.xls;3;Лист3;visible;2;3;C;Ünvan
ARXIV/Təhvil Abşeron/Ramana.xls;Ramana.xls;3;Лист3;visible;2;4;D;Ərizə
ARXIV/Təhvil Abşeron/Ramana.xls;Ramana.xls;3;Лист3;visible;2;5;E;Texniki pasport
ARXIV/Təhvil Abşeron/Ramana.xls;Ramana.xls;3;Лист3;visible;2;6;F;Qeyd.vəs.
ARXIV/Təhvil Abşeron/Ramana.xls;Ramana.xls;3;Лист3;visible;2;7;G;Müayinə aktı
ARXIV/Təhvil Abşeron/Ramana.xls;Ramana.xls;3;Лист3;visible;2;8;H;Sovx. Ərizəsi
ARXIV/Təhvil Abşeron/Ramana.xls;Ramana.xls;3;Лист3;visible;2;9;I;Sovx. Arayışı
ARXIV/Təhvil Abşeron/Ramana.xls;Ramana.xls;3;Лист3;visible;2;10;J;Əmrdən çıxarış
ARXIV/Təhvil Abşeron/Ramana.xls;Ramana.xls;3;Лист3;visible;2;11;K;Qərardan çıxarış
ARXIV/Təhvil Abşeron/Ramana.xls;Ramana.xls;3;Лист3;visible;2;12;L;Order
ARXIV/Təhvil Abşeron/Ramana.xls;Ramana.xls;3;Лист3;visible;2;13;M;Alqı-satqı müqav.
ARXIV/Təhvil Abşeron/Ramana.xls;Ramana.xls;3;Лист3;visible;2;14;N;Vərəsəlik şəhadət.
ARXIV/Təhvil Abşeron/Ramana.xls;Ramana.xls;3;Лист3;visible;2;15;O;Digər sənədlər
ARXIV/Təhvil Abşeron/Ramana.xls;Ramana.xls;3;Лист3;visible;2;16;P;İnventaN-si
ARXIV/Təhvil Abşeron/Ramana.xls;Ramana.xls;3;Лист3;visible;2;17;Q;Qeyd N-si
ARXIV/Təhvil Abşeron/Sabuncu.xls;Sabuncu.xls;1;Лист1;visible;2;5;E;Ərizə
ARXIV/Təhvil Abşeron/Sabuncu.xls;Sabuncu.xls;1;Лист1;visible;2;6;F;Tex. Pasp.
ARXIV/Təhvil Abşeron/Sabuncu.xls;Sabuncu.xls;1;Лист1;visible;2;7;G;Qeyd.vəs.
ARXIV/Təhvil Abşeron/Sabuncu.xls;Sabuncu.xls;1;Лист1;visible;2;8;H;Müay. aktı
ARXIV/Təhvil Abşeron/Sabuncu.xls;Sabuncu.xls;1;Лист1;visible;2;9;I;Sovx. Əriz.
ARXIV/Təhvil Abşeron/Sabuncu.xls;Sabuncu.xls;1;Лист1;visible;2;10;J;Sovx. Arayışı
ARXIV/Təhvil Abşeron/Sabuncu.xls;Sabuncu.xls;1;Лист1;visible;2;11;K;Əmrdən çıxarış
ARXIV/Təhvil Abşeron/Sabuncu.xls;Sabuncu.xls;1;Лист1;visible;2;12;L;Qərar. Çıxar.
ARXIV/Təhvil Abşeron/Sabuncu.xls;Sabuncu.xls;1;Лист1;visible;2;13;M;Sərənc Çıxarış
ARXIV/Təhvil Abşeron/Sabuncu.xls;Sabuncu.xls;1;Лист1;visible;2;14;N;Order
ARXIV/Təhvil Abşeron/Sabuncu.xls;Sabuncu.xls;1;Лист1;visible;2;15;O;Alqı-satqı müqav.
ARXIV/Təhvil Abşeron/Sabuncu.xls;Sabuncu.xls;1;Лист1;visible;2;16;P;Vərəs. şəhad.
ARXIV/Təhvil Abşeron/Sabuncu.xls;Sabuncu.xls;1;Лист1;visible;2;17;Q;Digər sənəd.
ARXIV/Təhvil Abşeron/Sabuncu.xls;Sabuncu.xls;1;Лист1;visible;2;18;R;İnven. N-si
ARXIV/Təhvil Abşeron/Sabuncu.xls;Sabuncu.xls;1;Лист1;visible;2;19;S;Qeyd N-si
ARXIV/Təhvil Abşeron/Sabuncu.xls;Sabuncu.xls;1;Лист1;visible;2;20;T;Qeyd
ARXIV/Təhvil Abşeron/Sovxoz uchun sihayi Köhnə və təzə.xls;Sovxoz uchun sihayi Köhnə və təzə.xls;1;Çıxarış;visible;2;1;A;№
ARXIV/Təhvil Abşeron/Sovxoz uchun sihayi Köhnə və təzə.xls;Sovxoz uchun sihayi Köhnə və təzə.xls;1;Çıxarış;visible;2;2;B;Soyadı,adı,atasının adı
ARXIV/Təhvil Abşeron/Sovxoz uchun sihayi Köhnə və təzə.xls;Sovxoz uchun sihayi Köhnə və təzə.xls;1;Çıxarış;visible;2;3;C;Reyestr nömrəsi
ARXIV/Təhvil Abşeron/Sovxoz uchun sihayi Köhnə və təzə.xls;Sovxoz uchun sihayi Köhnə və təzə.xls;2;Köhnə;visible;3;2;B;№
ARXIV/Təhvil Abşeron/Sovxoz uchun sihayi Köhnə və təzə.xls;Sovxoz uchun sihayi Köhnə və təzə.xls;2;Köhnə;visible;3;3;C;Soyadı,Adı,Atasının adı
ARXIV/Təhvil Abşeron/Sovxoz uchun sihayi Köhnə və təzə.xls;Sovxoz uchun sihayi Köhnə və təzə.xls;2;Köhnə;visible;3;4;D;Reyestr nömrəsi
ARXIV/Təhvil Abşeron/Suraxanı zeyt Apşer.xls;Suraxanı zeyt Apşer.xls;1;Sheet1;visible;2;1;A;№
ARXIV/Təhvil Abşeron/Suraxanı zeyt Apşer.xls;Suraxanı zeyt Apşer.xls;1;Sheet1;visible;2;2;B;Soyadı, adı, atasının adı
ARXIV/Təhvil Abşeron/Suraxanı zeyt Apşer.xls;Suraxanı zeyt Apşer.xls;1;Sheet1;visible;2;3;C;İnven №
ARXIV/Təhvil Abşeron/Suraxanı zeyt Apşer.xls;Suraxanı zeyt Apşer.xls;1;Sheet1;visible;2;4;D;Qeyd №
ARXIV/Təhvil Abşeron/Zeytun Tam.xls;Zeytun Tam.xls;1;Лист1;visible;2;2;B;Soyadı, adı, atasının adı
ARXIV/Təhvil Abşeron/Zeytun Tam.xls;Zeytun Tam.xls;1;Лист1;visible;2;3;C;Ünvan
ARXIV/Təhvil Abşeron/Zeytun Tam.xls;Zeytun Tam.xls;1;Лист1;visible;2;4;D;Ərizə
ARXIV/Təhvil Abşeron/Zeytun Tam.xls;Zeytun Tam.xls;1;Лист1;visible;2;5;E;Tex Pasp
ARXIV/Təhvil Abşeron/Zeytun Tam.xls;Zeytun Tam.xls;1;Лист1;visible;2;6;F;Qeydvəs
ARXIV/Təhvil Abşeron/Zeytun Tam.xls;Zeytun Tam.xls;1;Лист1;visible;2;7;G;Arayışı
ARXIV/Təhvil Abşeron/Zeytun Tam.xls;Zeytun Tam.xls;1;Лист1;visible;2;8;H;Əmrdən çıxarış
ARXIV/Təhvil Abşeron/Zeytun Tam.xls;Zeytun Tam.xls;1;Лист1;visible;2;9;I;Müayinə aktı
ARXIV/Təhvil Abşeron/Zeytun Tam.xls;Zeytun Tam.xls;1;Лист1;visible;2;10;J;Qərar. Çıxar.
ARXIV/Təhvil Abşeron/Zeytun Tam.xls;Zeytun Tam.xls;1;Лист1;visible;2;11;K;Arayiş
ARXIV/Təhvil Abşeron/Zeytun Tam.xls;Zeytun Tam.xls;1;Лист1;visible;2;12;L;Sərənc Çıxarış
ARXIV/Təhvil Abşeron/Zeytun Tam.xls;Zeytun Tam.xls;1;Лист1;visible;2;13;M;Alqı-satqı müqav.
ARXIV/Təhvil Abşeron/Zeytun Tam.xls;Zeytun Tam.xls;1;Лист1;visible;2;14;N;Digər sənəd.
ARXIV/Təhvil Abşeron/Zeytun Tam.xls;Zeytun Tam.xls;1;Лист1;visible;2;15;O;Qiymətləndirmə Cədvəli
ARXIV/Təhvil Abşeron/Zeytun Tam.xls;Zeytun Tam.xls;1;Лист1;visible;2;16;P;İnven. №-si
ARXIV/Təhvil Abşeron/Zeytun Tam.xls;Zeytun Tam.xls;1;Лист1;visible;2;17;Q;Qeyd №-si
ARXIV/Təhvil Abşeron/Zeytun Tam.xls;Zeytun Tam.xls;2;Лист2;visible;2;3;C;Ərizə
ARXIV/Təhvil Abşeron/Zeytun Tam.xls;Zeytun Tam.xls;2;Лист2;visible;2;4;D;Tex. Pasp.
ARXIV/Təhvil Abşeron/Zeytun Tam.xls;Zeytun Tam.xls;2;Лист2;visible;2;5;E;Qeyd.vəs.
ARXIV/Təhvil Abşeron/Zeytun Tam.xls;Zeytun Tam.xls;2;Лист2;visible;2;6;F;Arayışı
ARXIV/Təhvil Abşeron/Zeytun Tam.xls;Zeytun Tam.xls;2;Лист2;visible;2;7;G;Əmrdən çıxarış
ARXIV/Təhvil Abşeron/Zeytun Tam.xls;Zeytun Tam.xls;2;Лист2;visible;2;8;H;Müayinə aktı
ARXIV/Təhvil Abşeron/Zeytun Tam.xls;Zeytun Tam.xls;2;Лист2;visible;2;9;I;Qərar. Çıxar.
ARXIV/Təhvil Abşeron/Zeytun Tam.xls;Zeytun Tam.xls;2;Лист2;visible;2;10;J;Arayiş
ARXIV/Təhvil Abşeron/Zeytun Tam.xls;Zeytun Tam.xls;2;Лист2;visible;2;11;K;Sərənc Çıxarış
ARXIV/Təhvil Abşeron/Zeytun Tam.xls;Zeytun Tam.xls;2;Лист2;visible;2;12;L;Alqı-satqı müqav.
ARXIV/Təhvil Abşeron/Zeytun Tam.xls;Zeytun Tam.xls;2;Лист2;visible;2;13;M;Digər sənəd.
ARXIV/Təhvil Abşeron/Zeytun Tam.xls;Zeytun Tam.xls;2;Лист2;visible;2;14;N;Qiymətləndirmə Cədvəli
ARXIV/Təhvil Abşeron/Zeytun Tam.xls;Zeytun Tam.xls;2;Лист2;visible;2;15;O;İnven. N-si
ARXIV/Təhvil Abşeron/Zeytun Tam.xls;Zeytun Tam.xls;2;Лист2;visible;2;16;P;Qeyd N-si
Qeydiyyat/Buzovna.xlsm;Buzovna.xlsm;2;Siyahida olanlar;visible;2;1;A;Sıra sayı
Qeydiyyat/Buzovna.xlsm;Buzovna.xlsm;2;Siyahida olanlar;visible;2;2;B;Fiziki şəxsin soyadı, adı və atasının adı
Qeydiyyat/Buzovna.xlsm;Buzovna.xlsm;2;Siyahida olanlar;visible;2;3;C;KTM-nin arayışının veriima tarixi
Qeydiyyat/Buzovna.xlsm;Buzovna.xlsm;2;Siyahida olanlar;visible;2;4;D;Torpaq sahəsinin öiçüsü
Qeydiyyat/Buzovna.xlsm;Buzovna.xlsm;2;Siyahida olanlar;visible;2;5;E;Torpaq sahəsinin yerləşdiyi yer
Qeydiyyat/Buzovna.xlsm;Buzovna.xlsm;2;Siyahida olanlar;visible;2;6;F;KTM-nin arayışında sahəsi (ha)
Qeydiyyat/Buzovna.xlsm;Buzovna.xlsm;2;Siyahida olanlar;visible;2;7;G;Reyestrdən çıxarışda sahəsi (ha)
Qeydiyyat/Buzovna.xlsm;Buzovna.xlsm;2;Siyahida olanlar;visible;2;8;H;Qeydiyyat nömrəsi
Qeydiyyat/Buzovna.xlsm;Buzovna.xlsm;2;Siyahida olanlar;visible;2;9;I;İcra tarixi
Qeydiyyat/Buzovna.xlsm;Buzovna.xlsm;2;Siyahida olanlar;visible;2;10;J;Mülkiyyətçi
Qeydiyyat/Buzovna.xlsm;Buzovna.xlsm;2;Siyahida olanlar;visible;2;11;K;Qeyd
Qeydiyyat/Buzovna.xlsm;Buzovna.xlsm;2;Siyahida olanlar;visible;2;12;L;Reyestr nömrəsi
Qeydiyyat/Buzovna.xlsm;Buzovna.xlsm;2;Siyahida olanlar;visible;2;13;M;Rayon
Qeydiyyat/Buzovna.xlsm;Buzovna.xlsm;2;Siyahida olanlar;visible;2;14;N;Qəsəbə, kənd
Qeydiyyat/Buzovna.xlsm;Buzovna.xlsm;3;Siyahida olmayanlar;visible;3;1;A;Sıra sayı
Qeydiyyat/Buzovna.xlsm;Buzovna.xlsm;3;Siyahida olmayanlar;visible;3;2;B;Fiziki şəxsin soyadı, adı və atasının adı
Qeydiyyat/Buzovna.xlsm;Buzovna.xlsm;3;Siyahida olmayanlar;visible;3;3;C;Sənəd üzrə sahəsi (ha)
Qeydiyyat/Buzovna.xlsm;Buzovna.xlsm;3;Siyahida olmayanlar;visible;3;4;D;Reyestrdən çıxarışda sahəsi (ha)
Qeydiyyat/Buzovna.xlsm;Buzovna.xlsm;3;Siyahida olmayanlar;visible;3;5;E;Qeydiyyat nömrəsi
Qeydiyyat/Buzovna.xlsm;Buzovna.xlsm;3;Siyahida olmayanlar;visible;3;6;F;Xüsusi qeydlər
Qeydiyyat/Buzovna.xlsm;Buzovna.xlsm;4;Лист1;visible;3;1;A;Siyahıda nömrəsi
Qeydiyyat/Buzovna.xlsm;Buzovna.xlsm;4;Лист1;visible;3;2;B;KTM-nin arayışında sahəsi (ha)
Qeydiyyat/Buzovna.xlsm;Buzovna.xlsm;4;Лист1;visible;3;3;C;Reyestrdən çıxarışda sahəsi (ha)
Qeydiyyat/Buzovna.xlsm;Buzovna.xlsm;4;Лист1;visible;3;4;D;Qeydiyyat nömrəsi
Qeydiyyat/Buzovna.xlsm;Buzovna.xlsm;4;Лист1;visible;3;6;F;Siyahıda nömrəsi
Qeydiyyat/Buzovna.xlsm;Buzovna.xlsm;4;Лист1;visible;3;7;G;KTM-nin arayışında sahəsi (ha)
Qeydiyyat/Buzovna.xlsm;Buzovna.xlsm;4;Лист1;visible;3;8;H;Reyestrdən çıxarışda sahəsi (ha)
Qeydiyyat/Buzovna.xlsm;Buzovna.xlsm;4;Лист1;visible;3;9;I;Qeydiyyat nömrəsi
Qeydiyyat/Buzovna.xlsm;Buzovna.xlsm;5;Verilmish hesabatlar;visible;2;1;A;İlk tarix (daxil olmaqla)
Qeydiyyat/Buzovna.xlsm;Buzovna.xlsm;5;Verilmish hesabatlar;visible;2;2;B;Son tarix (daxil olmaqla)
Qeydiyyat/Buzovna.xlsm;Buzovna.xlsm;5;Verilmish hesabatlar;visible;2;3;C;Say
Qeydiyyat/Buzovna.xlsm;Buzovna.xlsm;7;Siyahida olanlar-Yeni;visible;2;1;A;Sıra sayı
Qeydiyyat/Buzovna.xlsm;Buzovna.xlsm;7;Siyahida olanlar-Yeni;visible;2;2;B;Sıra sayı
Qeydiyyat/Buzovna.xlsm;Buzovna.xlsm;7;Siyahida olanlar-Yeni;visible;2;4;D;Fiziki şəxsin soyadı, adı və atasının adı
Qeydiyyat/Buzovna.xlsm;Buzovna.xlsm;7;Siyahida olanlar-Yeni;visible;2;5;E;KTM-nin arayışının veriima tarixi
Qeydiyyat/Buzovna.xlsm;Buzovna.xlsm;7;Siyahida olanlar-Yeni;visible;2;6;F;Torpaq sahəsinin öiçüsü
Qeydiyyat/Buzovna.xlsm;Buzovna.xlsm;7;Siyahida olanlar-Yeni;visible;2;7;G;Torpaq sahəsinin yerləşdiyi yer
Qeydiyyat/Buzovna.xlsm;Buzovna.xlsm;7;Siyahida olanlar-Yeni;visible;2;8;H;KTM-nin arayışında sahəsi (ha)
Qeydiyyat/Buzovna.xlsm;Buzovna.xlsm;7;Siyahida olanlar-Yeni;visible;2;9;I;Reyestrdən çıxarışda sahəsi (ha)
Qeydiyyat/Buzovna.xlsm;Buzovna.xlsm;7;Siyahida olanlar-Yeni;visible;2;10;J;Qeydiyyat nömrəsi
Qeydiyyat/Buzovna.xlsm;Buzovna.xlsm;7;Siyahida olanlar-Yeni;visible;2;11;K;İcra tarixi
Qeydiyyat/Buzovna.xlsm;Buzovna.xlsm;7;Siyahida olanlar-Yeni;visible;2;12;L;Mülkiyyətçi
Qeydiyyat/Buzovna.xlsm;Buzovna.xlsm;7;Siyahida olanlar-Yeni;visible;2;13;M;Qeyd
Qeydiyyat/Buzovna.xlsm;Buzovna.xlsm;7;Siyahida olanlar-Yeni;visible;2;14;N;Əmr və Qərar
Qeydiyyat/Buzovna.xlsm;Buzovna.xlsm;8;Siyahida olanlar (3);visible;2;1;A;Sıra sayı
Qeydiyyat/Buzovna.xlsm;Buzovna.xlsm;8;Siyahida olanlar (3);visible;2;2;B;Fiziki şəxsin soyadı, adı və atasının adı
Qeydiyyat/Buzovna.xlsm;Buzovna.xlsm;8;Siyahida olanlar (3);visible;2;3;C;KTM-nin arayışının veriima tarixi
Qeydiyyat/Buzovna.xlsm;Buzovna.xlsm;8;Siyahida olanlar (3);visible;2;4;D;Torpaq sahəsinin öiçüsü
Qeydiyyat/Buzovna.xlsm;Buzovna.xlsm;8;Siyahida olanlar (3);visible;2;5;E;Torpaq sahəsinin yerləşdiyi yer
Qeydiyyat/Buzovna.xlsm;Buzovna.xlsm;8;Siyahida olanlar (3);visible;2;6;F;KTM-nin arayışında sahəsi (ha)
Qeydiyyat/Buzovna.xlsm;Buzovna.xlsm;8;Siyahida olanlar (3);visible;2;7;G;Reyestrdən çıxarışda sahəsi (ha)
Qeydiyyat/Buzovna.xlsm;Buzovna.xlsm;8;Siyahida olanlar (3);visible;2;8;H;Qeydiyyat nömrəsi
Qeydiyyat/Buzovna.xlsm;Buzovna.xlsm;8;Siyahida olanlar (3);visible;2;9;I;İcra tarixi
Qeydiyyat/Buzovna.xlsm;Buzovna.xlsm;8;Siyahida olanlar (3);visible;2;10;J;Mülkiyyətçi
Qeydiyyat/Buzovna.xlsm;Buzovna.xlsm;8;Siyahida olanlar (3);visible;2;11;K;Qeyd
Qeydiyyat/Buzovna.xlsm;Buzovna.xlsm;8;Siyahida olanlar (3);visible;2;12;L;Əmr və Qərar
Qeydiyyat/Pirsagi-Kurdexani.xlsx;Pirsagi-Kurdexani.xlsx;1;Hesabat;visible;3;2;B;İcra olunub
Qeydiyyat/Pirsagi-Kurdexani.xlsx;Pirsagi-Kurdexani.xlsx;1;Hesabat;visible;3;3;C;İcra olunmayıb
Qeydiyyat/Pirsagi-Kurdexani.xlsx;Pirsagi-Kurdexani.xlsx;1;Hesabat;visible;3;4;D;Cəmi siyahı üzrə
Qeydiyyat/Pirsagi-Kurdexani.xlsx;Pirsagi-Kurdexani.xlsx;2;Pirsagi;visible;3;1;A;No
Qeydiyyat/Pirsagi-Kurdexani.xlsx;Pirsagi-Kurdexani.xlsx;2;Pirsagi;visible;3;2;B;Soyadı, adı və atasının adı
Qeydiyyat/Pirsagi-Kurdexani.xlsx;Pirsagi-Kurdexani.xlsx;2;Pirsagi;visible;3;3;C;Layihə №-si
Qeydiyyat/Pirsagi-Kurdexani.xlsx;Pirsagi-Kurdexani.xlsx;2;Pirsagi;visible;3;4;D;Ümumi torpaq sahəsi (kv.m)
Qeydiyyat/Pirsagi-Kurdexani.xlsx;Pirsagi-Kurdexani.xlsx;2;Pirsagi;visible;3;5;E;Yolun təhkim hissəsinə düşən torpaq sahəsi (kv.m)
Qeydiyyat/Pirsagi-Kurdexani.xlsx;Pirsagi-Kurdexani.xlsx;2;Pirsagi;visible;3;6;F;Ərizə nömrəsi
Qeydiyyat/Pirsagi-Kurdexani.xlsx;Pirsagi-Kurdexani.xlsx;2;Pirsagi;visible;3;7;G;Reyestr üzrə ümumi torpaq sahəsi kv.m
Qeydiyyat/Pirsagi-Kurdexani.xlsx;Pirsagi-Kurdexani.xlsx;2;Pirsagi;visible;3;8;H;Köhnə reyestr nömrəsi
Qeydiyyat/Pirsagi-Kurdexani.xlsx;Pirsagi-Kurdexani.xlsx;3;Kurdexani;visible;3;1;A;No
Qeydiyyat/Pirsagi-Kurdexani.xlsx;Pirsagi-Kurdexani.xlsx;3;Kurdexani;visible;3;2;B;Soyadı, adı və atasının adı
Qeydiyyat/Pirsagi-Kurdexani.xlsx;Pirsagi-Kurdexani.xlsx;3;Kurdexani;visible;3;3;C;Layihə №-si
Qeydiyyat/Pirsagi-Kurdexani.xlsx;Pirsagi-Kurdexani.xlsx;3;Kurdexani;visible;3;4;D;Ümumi torpaq sahəsi (kv.m)
Qeydiyyat/Pirsagi-Kurdexani.xlsx;Pirsagi-Kurdexani.xlsx;3;Kurdexani;visible;3;5;E;Yolun təhkim hissəsinə düşən torpaq sahəsi (kv.m)
Qeydiyyat/Pirsagi-Kurdexani.xlsx;Pirsagi-Kurdexani.xlsx;3;Kurdexani;visible;3;6;F;Ərizə nömrəsi
Qeydiyyat/Pirsagi-Kurdexani.xlsx;Pirsagi-Kurdexani.xlsx;3;Kurdexani;visible;3;7;G;Reyestr üzrə ümumi torpaq sahəsi kv.m
Qeydiyyat/Pirsagi-Kurdexani.xlsx;Pirsagi-Kurdexani.xlsx;3;Kurdexani;visible;3;8;H;Köhnə reyestr nömrəsi
Qeydiyyat/Pirsagi-Kurdexani.xlsx;Pirsagi-Kurdexani.xlsx;4;İcra olunanlar;visible;3;1;A;REYESTR
Qeydiyyat/Pirsagi-Kurdexani.xlsx;Pirsagi-Kurdexani.xlsx;4;İcra olunanlar;visible;3;2;B;Reyestr tarixi
Qeydiyyat/Pirsagi-Kurdexani.xlsx;Pirsagi-Kurdexani.xlsx;4;İcra olunanlar;visible;3;3;C;Rayon
Qeydiyyat/Pirsagi-Kurdexani.xlsx;Pirsagi-Kurdexani.xlsx;4;İcra olunanlar;visible;3;4;D;İlkin ərizə nömrəsi
Qeydiyyat/Pirsagi-Kurdexani.xlsx;Pirsagi-Kurdexani.xlsx;4;İcra olunanlar;visible;3;5;E;İlkin mülkiyyətçi
Qeydiyyat/Pirsagi-Kurdexani.xlsx;Pirsagi-Kurdexani.xlsx;4;İcra olunanlar;visible;3;6;F;Ünvan
Qeydiyyat/Pirsagi-Kurdexani.xlsx;Pirsagi-Kurdexani.xlsx;4;İcra olunanlar;visible;3;7;G;Mülkiyyət forması
Qeydiyyat/Pirsagi-Kurdexani.xlsx;Pirsagi-Kurdexani.xlsx;4;İcra olunanlar;visible;3;8;H;Zona əmsalı
Qeydiyyat/Pirsagi-Kurdexani.xlsx;Pirsagi-Kurdexani.xlsx;4;İcra olunanlar;visible;3;9;I;Təyin
Qeydiyyat/Pirsagi-Kurdexani.xlsx;Pirsagi-Kurdexani.xlsx;4;İcra olunanlar;visible;3;10;J;Kateqoriya
Qeydiyyat/Pirsagi-Kurdexani.xlsx;Pirsagi-Kurdexani.xlsx;4;İcra olunanlar;visible;3;11;K;Əvvəlki ID
Qeydiyyat/Pirsagi-Kurdexani.xlsx;Pirsagi-Kurdexani.xlsx;4;İcra olunanlar;visible;3;12;L;Umumi Sahəsi (kvm)
Qeydiyyat/Pirsagi-Kurdexani.xlsx;Pirsagi-Kurdexani.xlsx;4;İcra olunanlar;visible;3;13;M;Faktiki sahəsi (kvm)
Qeydiyyat/Pirsagi-Kurdexani.xlsx;Pirsagi-Kurdexani.xlsx;4;İcra olunanlar;visible;3;14;N;Qiyməti (min manat)
Qeydiyyat/Pirsagi-Kurdexani.xlsx;Pirsagi-Kurdexani.xlsx;5;Pirsagi+Kurdexani;visible;3;1;A;No
Qeydiyyat/Pirsagi-Kurdexani.xlsx;Pirsagi-Kurdexani.xlsx;5;Pirsagi+Kurdexani;visible;3;2;B;Soyadı, adı və atasının adı
Qeydiyyat/Pirsagi-Kurdexani.xlsx;Pirsagi-Kurdexani.xlsx;5;Pirsagi+Kurdexani;visible;3;3;C;Layihə №-si
Qeydiyyat/Pirsagi-Kurdexani.xlsx;Pirsagi-Kurdexani.xlsx;5;Pirsagi+Kurdexani;visible;3;4;D;Ümumi torpaq sahəsi (kv.m)
Qeydiyyat/Pirsagi-Kurdexani.xlsx;Pirsagi-Kurdexani.xlsx;5;Pirsagi+Kurdexani;visible;3;5;E;Yolun təhkim hissəsinə düşən torpaq sahəsi (kv.m)
Qeydiyyat/Pirsagi-Kurdexani.xlsx;Pirsagi-Kurdexani.xlsx;5;Pirsagi+Kurdexani;visible;3;6;F;Ərizə nömrəsi
Qeydiyyat/Pirsagi-Kurdexani.xlsx;Pirsagi-Kurdexani.xlsx;5;Pirsagi+Kurdexani;visible;3;7;G;Reyestr üzrə ümumi torpaq sahəsi kv.m
Qeydiyyat/Şəhadətnamələrin siyahısı.xlsx;Şəhadətnamələrin siyahısı.xlsx;1;Baki-auksion;visible;1;1;A;Sıra №-si
Qeydiyyat/Şəhadətnamələrin siyahısı.xlsx;Şəhadətnamələrin siyahısı.xlsx;1;Baki-auksion;visible;1;2;B;Rayon
Qeydiyyat/Şəhadətnamələrin siyahısı.xlsx;Şəhadətnamələrin siyahısı.xlsx;1;Baki-auksion;visible;1;3;C;Obyektin adı
Qeydiyyat/Şəhadətnamələrin siyahısı.xlsx;Şəhadətnamələrin siyahısı.xlsx;1;Baki-auksion;visible;1;4;D;Fiziki şəxsin adı
Qeydiyyat/Şəhadətnamələrin siyahısı.xlsx;Şəhadətnamələrin siyahısı.xlsx;1;Baki-auksion;visible;1;5;E;Ünvanı
Qeydiyyat/Şəhadətnamələrin siyahısı.xlsx;Şəhadətnamələrin siyahısı.xlsx;1;Baki-auksion;visible;1;6;F;Şəhadətnamə
Qeydiyyat/Şəhadətnamələrin siyahısı.xlsx;Şəhadətnamələrin siyahısı.xlsx;1;Baki-auksion;visible;1;7;G;Qovluq
Qeydiyyat/Şəhadətnamələrin siyahısı.xlsx;Şəhadətnamələrin siyahısı.xlsx;1;Baki-auksion;visible;1;8;H;Səhifə
Qeydiyyat/Şəhadətnamələrin siyahısı.xlsx;Şəhadətnamələrin siyahısı.xlsx;2;Q,yas-icara;visible;1;1;A;№
Qeydiyyat/Şəhadətnamələrin siyahısı.xlsx;Şəhadətnamələrin siyahısı.xlsx;2;Q,yas-icara;visible;1;2;B;Rayonun adı
Qeydiyyat/Şəhadətnamələrin siyahısı.xlsx;Şəhadətnamələrin siyahısı.xlsx;2;Q,yas-icara;visible;1;3;C;Obyektin adı
Qeydiyyat/Şəhadətnamələrin siyahısı.xlsx;Şəhadətnamələrin siyahısı.xlsx;2;Q,yas-icara;visible;1;4;D;Sahəsi
Qeydiyyat/Şəhadətnamələrin siyahısı.xlsx;Şəhadətnamələrin siyahısı.xlsx;2;Q,yas-icara;visible;1;5;E;Unvan
Qeydiyyat/Şəhadətnamələrin siyahısı.xlsx;Şəhadətnamələrin siyahısı.xlsx;2;Q,yas-icara;visible;1;6;F;şəhadətnamə №
Qeydiyyat/Şəhadətnamələrin siyahısı.xlsx;Şəhadətnamələrin siyahısı.xlsx;2;Q,yas-icara;visible;1;7;G;Qovluq
Qeydiyyat/Şəhadətnamələrin siyahısı.xlsx;Şəhadətnamələrin siyahısı.xlsx;2;Q,yas-icara;visible;1;8;H;səhifə
Qeydiyyat/Şəhadətnamələrin siyahısı.xlsx;Şəhadətnamələrin siyahısı.xlsx;3;Dub-Sah-al-Baki;visible;1;1;A;Sıra №-si
Qeydiyyat/Şəhadətnamələrin siyahısı.xlsx;Şəhadətnamələrin siyahısı.xlsx;3;Dub-Sah-al-Baki;visible;1;2;B;Rayon
Qeydiyyat/Şəhadətnamələrin siyahısı.xlsx;Şəhadətnamələrin siyahısı.xlsx;3;Dub-Sah-al-Baki;visible;1;3;C;Obyektin adı
Qeydiyyat/Şəhadətnamələrin siyahısı.xlsx;Şəhadətnamələrin siyahısı.xlsx;3;Dub-Sah-al-Baki;visible;1;4;D;Fiziki şəxsin adı
Qeydiyyat/Şəhadətnamələrin siyahısı.xlsx;Şəhadətnamələrin siyahısı.xlsx;3;Dub-Sah-al-Baki;visible;1;5;E;Ünvanı
Qeydiyyat/Şəhadətnamələrin siyahısı.xlsx;Şəhadətnamələrin siyahısı.xlsx;3;Dub-Sah-al-Baki;visible;1;6;F;Şəhadətnamə №-si
Qeydiyyat/Şəhadətnamələrin siyahısı.xlsx;Şəhadətnamələrin siyahısı.xlsx;3;Dub-Sah-al-Baki;visible;1;7;G;Qovluq
Qeydiyyat/Şəhadətnamələrin siyahısı.xlsx;Şəhadətnamələrin siyahısı.xlsx;3;Dub-Sah-al-Baki;visible;1;8;H;Səhifə
Qeydiyyat/Şəhadətnamələrin siyahısı.xlsx;Şəhadətnamələrin siyahısı.xlsx;4;Torpaq;visible;1;1;A;Sıra
Qeydiyyat/Şəhadətnamələrin siyahısı.xlsx;Şəhadətnamələrin siyahısı.xlsx;4;Torpaq;visible;1;2;B;Rayonun adı
Qeydiyyat/Şəhadətnamələrin siyahısı.xlsx;Şəhadətnamələrin siyahısı.xlsx;4;Torpaq;visible;1;3;C;Alıcının adı
Qeydiyyat/Şəhadətnamələrin siyahısı.xlsx;Şəhadətnamələrin siyahısı.xlsx;4;Torpaq;visible;1;4;D;Obyektin adı
Qeydiyyat/Şəhadətnamələrin siyahısı.xlsx;Şəhadətnamələrin siyahısı.xlsx;4;Torpaq;visible;1;5;E;Torpaq sahəsi (kv.m.)
Qeydiyyat/Şəhadətnamələrin siyahısı.xlsx;Şəhadətnamələrin siyahısı.xlsx;4;Torpaq;visible;1;6;F;Ünvanı
Qeydiyyat/Şəhadətnamələrin siyahısı.xlsx;Şəhadətnamələrin siyahısı.xlsx;4;Torpaq;visible;1;7;G;Şəhadətnamə №-si
Qeydiyyat/Şəhadətnamələrin siyahısı.xlsx;Şəhadətnamələrin siyahısı.xlsx;4;Torpaq;visible;1;8;H;Qovluq
Qeydiyyat/Şəhadətnamələrin siyahısı.xlsx;Şəhadətnamələrin siyahısı.xlsx;4;Torpaq;visible;1;9;I;Səhifə
Qeydiyyat/Şəhadətnamələrin siyahısı.xlsx;Şəhadətnamələrin siyahısı.xlsx;5;Birge Mus.-BM;visible;1;1;A;Sıra №-si
Qeydiyyat/Şəhadətnamələrin siyahısı.xlsx;Şəhadətnamələrin siyahısı.xlsx;5;Birge Mus.-BM;visible;1;2;B;Rayon
Qeydiyyat/Şəhadətnamələrin siyahısı.xlsx;Şəhadətnamələrin siyahısı.xlsx;5;Birge Mus.-BM;visible;1;3;C;Şəhadətnamə verilir (Hüquqi şəxsi adı, fiziki şəxsin S.A.A.)
Qeydiyyat/Şəhadətnamələrin siyahısı.xlsx;Şəhadətnamələrin siyahısı.xlsx;5;Birge Mus.-BM;visible;1;4;D;Əmlak
Qeydiyyat/Şəhadətnamələrin siyahısı.xlsx;Şəhadətnamələrin siyahısı.xlsx;5;Birge Mus.-BM;visible;1;5;E;Ünvan
Qeydiyyat/Şəhadətnamələrin siyahısı.xlsx;Şəhadətnamələrin siyahısı.xlsx;5;Birge Mus.-BM;visible;1;6;F;Şəhadətnamə
Qeydiyyat/Şəhadətnamələrin siyahısı.xlsx;Şəhadətnamələrin siyahısı.xlsx;5;Birge Mus.-BM;visible;1;7;G;Qovluq
Qeydiyyat/Şəhadətnamələrin siyahısı.xlsx;Şəhadətnamələrin siyahısı.xlsx;5;Birge Mus.-BM;visible;1;8;H;səhifə
Qeydiyyat/Şəhadətnamələrin siyahısı.xlsx;Şəhadətnamələrin siyahısı.xlsx;6;Investisiya-sahadatnama;visible;1;1;A;Sıra №-si
Qeydiyyat/Şəhadətnamələrin siyahısı.xlsx;Şəhadətnamələrin siyahısı.xlsx;6;Investisiya-sahadatnama;visible;1;2;B;Rayon
Qeydiyyat/Şəhadətnamələrin siyahısı.xlsx;Şəhadətnamələrin siyahısı.xlsx;6;Investisiya-sahadatnama;visible;1;3;C;Şəhadətnamə verilir (Hüquqi şəxsi adı, fiziki şəxsin S.A.A.)
Qeydiyyat/Şəhadətnamələrin siyahısı.xlsx;Şəhadətnamələrin siyahısı.xlsx;6;Investisiya-sahadatnama;visible;1;4;D;Əmlak
Qeydiyyat/Şəhadətnamələrin siyahısı.xlsx;Şəhadətnamələrin siyahısı.xlsx;6;Investisiya-sahadatnama;visible;1;5;E;Ünvan
Qeydiyyat/Şəhadətnamələrin siyahısı.xlsx;Şəhadətnamələrin siyahısı.xlsx;6;Investisiya-sahadatnama;visible;1;6;F;Şəhadətnamə
Qeydiyyat/Şəhadətnamələrin siyahısı.xlsx;Şəhadətnamələrin siyahısı.xlsx;6;Investisiya-sahadatnama;visible;1;7;G;Qovluq
Qeydiyyat/Şəhadətnamələrin siyahısı.xlsx;Şəhadətnamələrin siyahısı.xlsx;6;Investisiya-sahadatnama;visible;1;8;H;səhifə
Qeydiyyat/Şəhadətnamələrin siyahısı.xlsx;Şəhadətnamələrin siyahısı.xlsx;7;Rayon-sah-alava;visible;1;1;A;Sıra №-si
Qeydiyyat/Şəhadətnamələrin siyahısı.xlsx;Şəhadətnamələrin siyahısı.xlsx;7;Rayon-sah-alava;visible;1;2;B;Rayon
Qeydiyyat/Şəhadətnamələrin siyahısı.xlsx;Şəhadətnamələrin siyahısı.xlsx;7;Rayon-sah-alava;visible;1;3;C;Obyektin adı
Qeydiyyat/Şəhadətnamələrin siyahısı.xlsx;Şəhadətnamələrin siyahısı.xlsx;7;Rayon-sah-alava;visible;1;4;D;Fiziki şəxsin adı
Qeydiyyat/Şəhadətnamələrin siyahısı.xlsx;Şəhadətnamələrin siyahısı.xlsx;7;Rayon-sah-alava;visible;1;5;E;Ünvanı
Qeydiyyat/Şəhadətnamələrin siyahısı.xlsx;Şəhadətnamələrin siyahısı.xlsx;7;Rayon-sah-alava;visible;1;6;F;Şəhadətnamə №-si
Qeydiyyat/Şəhadətnamələrin siyahısı.xlsx;Şəhadətnamələrin siyahısı.xlsx;7;Rayon-sah-alava;visible;1;7;G;Qovluq
Qeydiyyat/Şəhadətnamələrin siyahısı.xlsx;Şəhadətnamələrin siyahısı.xlsx;7;Rayon-sah-alava;visible;1;8;H;Səhifə
Qeydiyyat/Şəhadətnamələrin siyahısı.xlsx;Şəhadətnamələrin siyahısı.xlsx;8;avadanliqlar-arayis;visible;1;1;A;Sıra №-si
Qeydiyyat/Şəhadətnamələrin siyahısı.xlsx;Şəhadətnamələrin siyahısı.xlsx;8;avadanliqlar-arayis;visible;1;2;B;Rayon
Qeydiyyat/Şəhadətnamələrin siyahısı.xlsx;Şəhadətnamələrin siyahısı.xlsx;8;avadanliqlar-arayis;visible;1;3;C;Obyektin adı
Qeydiyyat/Şəhadətnamələrin siyahısı.xlsx;Şəhadətnamələrin siyahısı.xlsx;8;avadanliqlar-arayis;visible;1;4;D;Fiziki şəxsin adı
Qeydiyyat/Şəhadətnamələrin siyahısı.xlsx;Şəhadətnamələrin siyahısı.xlsx;8;avadanliqlar-arayis;visible;1;5;E;Ünvanı
Qeydiyyat/Şəhadətnamələrin siyahısı.xlsx;Şəhadətnamələrin siyahısı.xlsx;8;avadanliqlar-arayis;visible;1;6;F;Arayışın №-si
Qeydiyyat/Şəhadətnamələrin siyahısı.xlsx;Şəhadətnamələrin siyahısı.xlsx;8;avadanliqlar-arayis;visible;1;7;G;Qovluq
Qeydiyyat/Şəhadətnamələrin siyahısı.xlsx;Şəhadətnamələrin siyahısı.xlsx;8;avadanliqlar-arayis;visible;1;8;H;Səhifə
Qeydiyyat/Şəhadətnamələrin siyahısı.xlsx;Şəhadətnamələrin siyahısı.xlsx;9;Mulkuyat;visible;1;1;A;Sıra №-si
Qeydiyyat/Şəhadətnamələrin siyahısı.xlsx;Şəhadətnamələrin siyahısı.xlsx;9;Mulkuyat;visible;1;2;B;Rayon
Qeydiyyat/Şəhadətnamələrin siyahısı.xlsx;Şəhadətnamələrin siyahısı.xlsx;9;Mulkuyat;visible;1;3;C;Şəhadətnamə verilir (Hüquqi şəxsi adı, fiziki şəxsin S.A.A.)
Qeydiyyat/Şəhadətnamələrin siyahısı.xlsx;Şəhadətnamələrin siyahısı.xlsx;9;Mulkuyat;visible;1;4;D;Obyekt
Qeydiyyat/Şəhadətnamələrin siyahısı.xlsx;Şəhadətnamələrin siyahısı.xlsx;9;Mulkuyat;visible;1;5;E;Ünvan
Qeydiyyat/Şəhadətnamələrin siyahısı.xlsx;Şəhadətnamələrin siyahısı.xlsx;9;Mulkuyat;visible;1;6;F;Şəhadətnamə
Qeydiyyat/Şəhadətnamələrin siyahısı.xlsx;Şəhadətnamələrin siyahısı.xlsx;9;Mulkuyat;visible;1;7;G;Qovluq
Qeydiyyat/Şəhadətnamələrin siyahısı.xlsx;Şəhadətnamələrin siyahısı.xlsx;9;Mulkuyat;visible;1;8;H;Səhifə
Qeydiyyat/Şəhadətnamələrin siyahısı.xlsx;Şəhadətnamələrin siyahısı.xlsx;9;Mulkuyat;visible;1;9;I;İlkin mülkiyyətçi
Qeydiyyat/Şəhadətnamələrin siyahısı.xlsx;Şəhadətnamələrin siyahısı.xlsx;9;Mulkuyat;visible;1;12;L;Qeydiyyat nömrəsi
Qeydiyyat/Şəhadətnamələrin siyahısı.xlsx;Şəhadətnamələrin siyahısı.xlsx;9;Mulkuyat;visible;1;13;M;Reyestr nömrəsi
Qeydiyyat/Şəhadətnamələrin siyahısı.xlsx;Şəhadətnamələrin siyahısı.xlsx;9;Mulkuyat;visible;1;14;N;Qeyd
Qeydiyyat/Şəhadətnamələrin siyahısı.xlsx;Şəhadətnamələrin siyahısı.xlsx;10;Rayon-hamisi-auksion;visible;1;1;A;Sıra №-si
Qeydiyyat/Şəhadətnamələrin siyahısı.xlsx;Şəhadətnamələrin siyahısı.xlsx;10;Rayon-hamisi-auksion;visible;1;2;B;Rayon
Qeydiyyat/Şəhadətnamələrin siyahısı.xlsx;Şəhadətnamələrin siyahısı.xlsx;10;Rayon-hamisi-auksion;visible;1;3;C;Obyektin adı
Qeydiyyat/Şəhadətnamələrin siyahısı.xlsx;Şəhadətnamələrin siyahısı.xlsx;10;Rayon-hamisi-auksion;visible;1;4;D;Fiziki şəxsin adı
Qeydiyyat/Şəhadətnamələrin siyahısı.xlsx;Şəhadətnamələrin siyahısı.xlsx;10;Rayon-hamisi-auksion;visible;1;5;E;Ünvanı
Qeydiyyat/Şəhadətnamələrin siyahısı.xlsx;Şəhadətnamələrin siyahısı.xlsx;10;Rayon-hamisi-auksion;visible;1;6;F;Şəhadətnamə
Qeydiyyat/Şəhadətnamələrin siyahısı.xlsx;Şəhadətnamələrin siyahısı.xlsx;10;Rayon-hamisi-auksion;visible;1;7;G;Qovluq
Qeydiyyat/Şəhadətnamələrin siyahısı.xlsx;Şəhadətnamələrin siyahısı.xlsx;10;Rayon-hamisi-auksion;visible;1;8;H;səhifə
Qeydiyyat/Şəhadətnamələrin siyahısı.xlsx;Şəhadətnamələrin siyahısı.xlsx;11;ozəl-ham;visible;1;1;A;Qeyd
Qeydiyyat/Şəhadətnamələrin siyahısı.xlsx;Şəhadətnamələrin siyahısı.xlsx;11;ozəl-ham;visible;1;2;B;m
Qeydiyyat/Şəhadətnamələrin siyahısı.xlsx;Şəhadətnamələrin siyahısı.xlsx;11;ozəl-ham;visible;1;3;C;Kr
Qeydiyyat/Şəhadətnamələrin siyahısı.xlsx;Şəhadətnamələrin siyahısı.xlsx;11;ozəl-ham;visible;1;4;D;KOT
Qeydiyyat/Şəhadətnamələrin siyahısı.xlsx;Şəhadətnamələrin siyahısı.xlsx;11;ozəl-ham;visible;1;5;E;Ş
Qeydiyyat/Şəhadətnamələrin siyahısı.xlsx;Şəhadətnamələrin siyahısı.xlsx;11;ozəl-ham;visible;1;6;F;Şəhad
Qeydiyyat/Şəhadətnamələrin siyahısı.xlsx;Şəhadətnamələrin siyahısı.xlsx;11;ozəl-ham;visible;1;7;G;Şəhadətnamənin tarixi
Qeydiyyat/Şəhadətnamələrin siyahısı.xlsx;Şəhadətnamələrin siyahısı.xlsx;11;ozəl-ham;visible;1;8;H;Müq.
Qeydiyyat/Şəhadətnamələrin siyahısı.xlsx;Şəhadətnamələrin siyahısı.xlsx;11;ozəl-ham;visible;1;9;I;Müq.
Qeydiyyat/Şəhadətnamələrin siyahısı.xlsx;Şəhadətnamələrin siyahısı.xlsx;11;ozəl-ham;visible;1;10;J;Müq.tarixi
Qeydiyyat/Şəhadətnamələrin siyahısı.xlsx;Şəhadətnamələrin siyahısı.xlsx;11;ozəl-ham;visible;1;11;K;F.İ.O.
Qeydiyyat/Şəhadətnamələrin siyahısı.xlsx;Şəhadətnamələrin siyahısı.xlsx;11;ozəl-ham;visible;1;12;L;Obyektin adı
Qeydiyyat/Şəhadətnamələrin siyahısı.xlsx;Şəhadətnamələrin siyahısı.xlsx;11;ozəl-ham;visible;1;13;M;1
Qeydiyyat/Şəhadətnamələrin siyahısı.xlsx;Şəhadətnamələrin siyahısı.xlsx;11;ozəl-ham;visible;1;14;N;0.15
Qeydiyyat/Şəhadətnamələrin siyahısı.xlsx;Şəhadətnamələrin siyahısı.xlsx;11;ozəl-ham;visible;1;15;O;Arayış n.
Qeydiyyat/Şəhadətnamələrin siyahısı.xlsx;Şəhadətnamələrin siyahısı.xlsx;11;ozəl-ham;visible;1;16;P;Qovluq
Qeydiyyat/Şəhadətnamələrin siyahısı.xlsx;Şəhadətnamələrin siyahısı.xlsx;11;ozəl-ham;visible;1;17;Q;Qəbzin n.
Qeydiyyat/Şəhadətnamələrin siyahısı.xlsx;Şəhadətnamələrin siyahısı.xlsx;11;ozəl-ham;visible;1;18;R;Q.tarixi
Qeydiyyat/Şəhadətnamələrin siyahısı.xlsx;Şəhadətnamələrin siyahısı.xlsx;11;ozəl-ham;visible;1;19;S;Qovluq
Qeydiyyat/Şəhadətnamələrin siyahısı.xlsx;Şəhadətnamələrin siyahısı.xlsx;12;deideik;visible;1;1;A;Sıra №-si
Qeydiyyat/Şəhadətnamələrin siyahısı.xlsx;Şəhadətnamələrin siyahısı.xlsx;12;deideik;visible;1;2;B;Rayon
Qeydiyyat/Şəhadətnamələrin siyahısı.xlsx;Şəhadətnamələrin siyahısı.xlsx;12;deideik;visible;1;3;C;Əmlakın tərkibi (Obyektin adı)
Qeydiyyat/Şəhadətnamələrin siyahısı.xlsx;Şəhadətnamələrin siyahısı.xlsx;12;deideik;visible;1;4;D;Şəhadətnamə verilir (Fiziki şəxsin adı)
Qeydiyyat/Şəhadətnamələrin siyahısı.xlsx;Şəhadətnamələrin siyahısı.xlsx;12;deideik;visible;1;5;E;Əmlakın ümumi sahəsi
Qeydiyyat/Şəhadətnamələrin siyahısı.xlsx;Şəhadətnamələrin siyahısı.xlsx;12;deideik;visible;1;6;F;Tikinti altı torpaq sahəsi
Qeydiyyat/Şəhadətnamələrin siyahısı.xlsx;Şəhadətnamələrin siyahısı.xlsx;12;deideik;visible;1;7;G;Ümumi torpaq sahəsi
Qeydiyyat/Şəhadətnamələrin siyahısı.xlsx;Şəhadətnamələrin siyahısı.xlsx;12;deideik;visible;1;8;H;Ünvanı
Qeydiyyat/Şəhadətnamələrin siyahısı.xlsx;Şəhadətnamələrin siyahısı.xlsx;12;deideik;visible;1;9;I;Şəhadətnamə №-si
Qeydiyyat/Şəhadətnamələrin siyahısı.xlsx;Şəhadətnamələrin siyahısı.xlsx;12;deideik;visible;1;10;J;Qovluq
Qeydiyyat/Şəhadətnamələrin siyahısı.xlsx;Şəhadətnamələrin siyahısı.xlsx;12;deideik;visible;1;11;K;Səhifə
Qeydiyyat/Şəhadətnamələrin siyahısı.xlsx;Şəhadətnamələrin siyahısı.xlsx;13;emdk;visible;1;1;A;Sıra №-si
Qeydiyyat/Şəhadətnamələrin siyahısı.xlsx;Şəhadətnamələrin siyahısı.xlsx;13;emdk;visible;1;2;B;Rayon
Qeydiyyat/Şəhadətnamələrin siyahısı.xlsx;Şəhadətnamələrin siyahısı.xlsx;13;emdk;visible;1;3;C;Əmlakın tərkibi (Obyektin adı)
Qeydiyyat/Şəhadətnamələrin siyahısı.xlsx;Şəhadətnamələrin siyahısı.xlsx;13;emdk;visible;1;4;D;Müqavilə verilir (Fiziki şəxsin adı)
Qeydiyyat/Şəhadətnamələrin siyahısı.xlsx;Şəhadətnamələrin siyahısı.xlsx;13;emdk;visible;1;5;E;Əmlakın ümumi sahəsi
Qeydiyyat/Şəhadətnamələrin siyahısı.xlsx;Şəhadətnamələrin siyahısı.xlsx;13;emdk;visible;1;6;F;Ünvanı
Qeydiyyat/Şəhadətnamələrin siyahısı.xlsx;Şəhadətnamələrin siyahısı.xlsx;13;emdk;visible;1;7;G;Müqavilənin nömrəsi
Qeydiyyat/Şəhadətnamələrin siyahısı.xlsx;Şəhadətnamələrin siyahısı.xlsx;13;emdk;visible;1;8;H;Qovluq
Qeydiyyat/Şəhadətnamələrin siyahısı.xlsx;Şəhadətnamələrin siyahısı.xlsx;13;emdk;visible;1;9;I;Səhifə
Qeydiyyat/Şəhadətnamələrin siyahısı.xlsx;Şəhadətnamələrin siyahısı.xlsx;14;auks-ərazi 2006-2009;visible;1;1;A;Sıra №-si
Qeydiyyat/Şəhadətnamələrin siyahısı.xlsx;Şəhadətnamələrin siyahısı.xlsx;14;auks-ərazi 2006-2009;visible;1;2;B;Rayon
Qeydiyyat/Şəhadətnamələrin siyahısı.xlsx;Şəhadətnamələrin siyahısı.xlsx;14;auks-ərazi 2006-2009;visible;1;3;C;Əmlakın tərkibi (Obyektin adı)
Qeydiyyat/Şəhadətnamələrin siyahısı.xlsx;Şəhadətnamələrin siyahısı.xlsx;14;auks-ərazi 2006-2009;visible;1;4;D;Şəhadətnamə verilir (Fiziki şəxsin adı)
Qeydiyyat/Şəhadətnamələrin siyahısı.xlsx;Şəhadətnamələrin siyahısı.xlsx;14;auks-ərazi 2006-2009;visible;1;5;E;Əmlakın ümumi sahəsi
Qeydiyyat/Şəhadətnamələrin siyahısı.xlsx;Şəhadətnamələrin siyahısı.xlsx;14;auks-ərazi 2006-2009;visible;1;6;F;Tikinti altı torpaq sahəsi
Qeydiyyat/Şəhadətnamələrin siyahısı.xlsx;Şəhadətnamələrin siyahısı.xlsx;14;auks-ərazi 2006-2009;visible;1;7;G;Ümumi torpaq sahəsi
Qeydiyyat/Şəhadətnamələrin siyahısı.xlsx;Şəhadətnamələrin siyahısı.xlsx;14;auks-ərazi 2006-2009;visible;1;8;H;Ünvanı
Qeydiyyat/Şəhadətnamələrin siyahısı.xlsx;Şəhadətnamələrin siyahısı.xlsx;14;auks-ərazi 2006-2009;visible;1;9;I;Registr nömrəsi
Qeydiyyat/Şəhadətnamələrin siyahısı.xlsx;Şəhadətnamələrin siyahısı.xlsx;14;auks-ərazi 2006-2009;visible;1;10;J;Şəhadətnamə №-si
Qeydiyyat/Şəhadətnamələrin siyahısı.xlsx;Şəhadətnamələrin siyahısı.xlsx;14;auks-ərazi 2006-2009;visible;1;11;K;Qovluq
Qeydiyyat/Şəhadətnamələrin siyahısı.xlsx;Şəhadətnamələrin siyahısı.xlsx;14;auks-ərazi 2006-2009;visible;1;12;L;Səhifə
Qeydiyyat/Şəhadətnamələrin siyahısı.xlsx;Şəhadətnamələrin siyahısı.xlsx;15;qarış 2006-2009;visible;1;1;A;Sıra №-si
Qeydiyyat/Şəhadətnamələrin siyahısı.xlsx;Şəhadətnamələrin siyahısı.xlsx;15;qarış 2006-2009;visible;1;2;B;Rayon
Qeydiyyat/Şəhadətnamələrin siyahısı.xlsx;Şəhadətnamələrin siyahısı.xlsx;15;qarış 2006-2009;visible;1;3;C;Əmlakın tərkibi (Obyektin adı)
Qeydiyyat/Şəhadətnamələrin siyahısı.xlsx;Şəhadətnamələrin siyahısı.xlsx;15;qarış 2006-2009;visible;1;4;D;Şəhadətnamə verilir (Fiziki şəxsin adı)
Qeydiyyat/Şəhadətnamələrin siyahısı.xlsx;Şəhadətnamələrin siyahısı.xlsx;15;qarış 2006-2009;visible;1;5;E;Əmlakın ümumi sahəsi
Qeydiyyat/Şəhadətnamələrin siyahısı.xlsx;Şəhadətnamələrin siyahısı.xlsx;15;qarış 2006-2009;visible;1;6;F;Ünvanı
Qeydiyyat/Şəhadətnamələrin siyahısı.xlsx;Şəhadətnamələrin siyahısı.xlsx;15;qarış 2006-2009;visible;1;7;G;Şəhadətnamə №-si
Qeydiyyat/Şəhadətnamələrin siyahısı.xlsx;Şəhadətnamələrin siyahısı.xlsx;15;qarış 2006-2009;visible;1;8;H;Qovluq
Qeydiyyat/Şəhadətnamələrin siyahısı.xlsx;Şəhadətnamələrin siyahısı.xlsx;15;qarış 2006-2009;visible;1;9;I;Səhifə
Qeydiyyat/Şəhadətnamələrin siyahısı.xlsx;Şəhadətnamələrin siyahısı.xlsx;16;emdk2;visible;1;1;A;Sıra №-si
Qeydiyyat/Şəhadətnamələrin siyahısı.xlsx;Şəhadətnamələrin siyahısı.xlsx;16;emdk2;visible;1;2;B;Rayon
Qeydiyyat/Şəhadətnamələrin siyahısı.xlsx;Şəhadətnamələrin siyahısı.xlsx;16;emdk2;visible;1;3;C;Əmlakın tərkibi (Obyektin adı)
Qeydiyyat/Şəhadətnamələrin siyahısı.xlsx;Şəhadətnamələrin siyahısı.xlsx;16;emdk2;visible;1;4;D;Müqavilə verilir (Fiziki şəxsin adı)
Qeydiyyat/Şəhadətnamələrin siyahısı.xlsx;Şəhadətnamələrin siyahısı.xlsx;16;emdk2;visible;1;5;E;Əmlakın ümumi sahəsi
Qeydiyyat/Şəhadətnamələrin siyahısı.xlsx;Şəhadətnamələrin siyahısı.xlsx;16;emdk2;visible;1;6;F;Ünvanı
Qeydiyyat/Şəhadətnamələrin siyahısı.xlsx;Şəhadətnamələrin siyahısı.xlsx;16;emdk2;visible;1;7;G;Müqavilə №-si
Qeydiyyat/Şəhadətnamələrin siyahısı.xlsx;Şəhadətnamələrin siyahısı.xlsx;16;emdk2;visible;1;8;H;Qovluq
Qeydiyyat/Şəhadətnamələrin siyahısı.xlsx;Şəhadətnamələrin siyahısı.xlsx;16;emdk2;visible;1;9;I;Səhifə
Qeydiyyat/Şəhadətnamələrin siyahısı.xlsx;Şəhadətnamələrin siyahısı.xlsx;17;mülk 2008-2009;visible;1;1;A;Sıra №-si
Qeydiyyat/Şəhadətnamələrin siyahısı.xlsx;Şəhadətnamələrin siyahısı.xlsx;17;mülk 2008-2009;visible;1;2;B;Rayon
Qeydiyyat/Şəhadətnamələrin siyahısı.xlsx;Şəhadətnamələrin siyahısı.xlsx;17;mülk 2008-2009;visible;1;3;C;Obyektin adı-şəhadətnamə verilir
Qeydiyyat/Şəhadətnamələrin siyahısı.xlsx;Şəhadətnamələrin siyahısı.xlsx;17;mülk 2008-2009;visible;1;4;D;Əmlakın ümumi sahəsi
Qeydiyyat/Şəhadətnamələrin siyahısı.xlsx;Şəhadətnamələrin siyahısı.xlsx;17;mülk 2008-2009;visible;1;5;E;Tikinti altı torpaq sahəsi
Qeydiyyat/Şəhadətnamələrin siyahısı.xlsx;Şəhadətnamələrin siyahısı.xlsx;17;mülk 2008-2009;visible;1;6;F;Ümumi torpaq sahəsi
Qeydiyyat/Şəhadətnamələrin siyahısı.xlsx;Şəhadətnamələrin siyahısı.xlsx;17;mülk 2008-2009;visible;1;7;G;Ünvanı
Qeydiyyat/Şəhadətnamələrin siyahısı.xlsx;Şəhadətnamələrin siyahısı.xlsx;17;mülk 2008-2009;visible;1;8;H;Hansı yol ilə özəlləşib
Qeydiyyat/Şəhadətnamələrin siyahısı.xlsx;Şəhadətnamələrin siyahısı.xlsx;17;mülk 2008-2009;visible;1;9;I;Şəhadətnamə №-si
Qeydiyyat/Şəhadətnamələrin siyahısı.xlsx;Şəhadətnamələrin siyahısı.xlsx;17;mülk 2008-2009;visible;1;10;J;Qovluq
Qeydiyyat/Şəhadətnamələrin siyahısı.xlsx;Şəhadətnamələrin siyahısı.xlsx;17;mülk 2008-2009;visible;1;11;K;Səhifə
Qeydiyyat/Şəhadətnamələrin siyahısı.xlsx;Şəhadətnamələrin siyahısı.xlsx;18;Icara-DEIEDK-EMDK;visible;1;1;A;№
Qeydiyyat/Şəhadətnamələrin siyahısı.xlsx;Şəhadətnamələrin siyahısı.xlsx;18;Icara-DEIEDK-EMDK;visible;1;2;B;Rayonun adı
Qeydiyyat/Şəhadətnamələrin siyahısı.xlsx;Şəhadətnamələrin siyahısı.xlsx;18;Icara-DEIEDK-EMDK;visible;1;3;C;Şəhadətnamə verilir
Qeydiyyat/Şəhadətnamələrin siyahısı.xlsx;Şəhadətnamələrin siyahısı.xlsx;18;Icara-DEIEDK-EMDK;visible;1;4;D;Əmlakın ümumi sahəsi
Qeydiyyat/Şəhadətnamələrin siyahısı.xlsx;Şəhadətnamələrin siyahısı.xlsx;18;Icara-DEIEDK-EMDK;visible;1;5;E;Tikinti altı torpaq sahəsi
Qeydiyyat/Şəhadətnamələrin siyahısı.xlsx;Şəhadətnamələrin siyahısı.xlsx;18;Icara-DEIEDK-EMDK;visible;1;6;F;Ümumi torpaq sahəsi
Qeydiyyat/Şəhadətnamələrin siyahısı.xlsx;Şəhadətnamələrin siyahısı.xlsx;18;Icara-DEIEDK-EMDK;visible;1;7;G;Ünvanı
Qeydiyyat/Şəhadətnamələrin siyahısı.xlsx;Şəhadətnamələrin siyahısı.xlsx;18;Icara-DEIEDK-EMDK;visible;1;8;H;Balanssaxlayıcı
Qeydiyyat/Şəhadətnamələrin siyahısı.xlsx;Şəhadətnamələrin siyahısı.xlsx;18;Icara-DEIEDK-EMDK;visible;1;9;I;Şəhadətnamə və müqavilənin №-si
Qeydiyyat/Şəhadətnamələrin siyahısı.xlsx;Şəhadətnamələrin siyahısı.xlsx;18;Icara-DEIEDK-EMDK;visible;1;10;J;Registr nömrəsi
Qeydiyyat/Şəhadətnamələrin siyahısı.xlsx;Şəhadətnamələrin siyahısı.xlsx;18;Icara-DEIEDK-EMDK;visible;1;11;K;Qovluq
Qeydiyyat/Şəhadətnamələrin siyahısı.xlsx;Şəhadətnamələrin siyahısı.xlsx;18;Icara-DEIEDK-EMDK;visible;1;12;L;Səhifə
Qeydiyyat/Şəhadətnamələrin siyahısı.xlsx;Şəhadətnamələrin siyahısı.xlsx;19;Icara-EMDK;visible;1;1;A;№
Qeydiyyat/Şəhadətnamələrin siyahısı.xlsx;Şəhadətnamələrin siyahısı.xlsx;19;Icara-EMDK;visible;1;2;B;Rayonun adı
Qeydiyyat/Şəhadətnamələrin siyahısı.xlsx;Şəhadətnamələrin siyahısı.xlsx;19;Icara-EMDK;visible;1;3;C;Müqavilə (Şəhadətnamə) verilir
Qeydiyyat/Şəhadətnamələrin siyahısı.xlsx;Şəhadətnamələrin siyahısı.xlsx;19;Icara-EMDK;visible;1;4;D;Əmlakın ümumi sahəsi
Qeydiyyat/Şəhadətnamələrin siyahısı.xlsx;Şəhadətnamələrin siyahısı.xlsx;19;Icara-EMDK;visible;1;5;E;Ünvanı
Qeydiyyat/Şəhadətnamələrin siyahısı.xlsx;Şəhadətnamələrin siyahısı.xlsx;19;Icara-EMDK;visible;1;6;F;Şəhadətnamə və Müqavilə №-si
Qeydiyyat/Şəhadətnamələrin siyahısı.xlsx;Şəhadətnamələrin siyahısı.xlsx;19;Icara-EMDK;visible;1;7;G;Qovluq
Qeydiyyat/Şəhadətnamələrin siyahısı.xlsx;Şəhadətnamələrin siyahısı.xlsx;19;Icara-EMDK;visible;1;8;H;Səhifə
Qeydiyyat/Şəhadətnamələrin siyahısı.xlsx;Şəhadətnamələrin siyahısı.xlsx;20;torp 2008-2010;visible;1;2;B;Rayonun adı
Qeydiyyat/Şəhadətnamələrin siyahısı.xlsx;Şəhadətnamələrin siyahısı.xlsx;20;torp 2008-2010;visible;1;3;C;Şəhadətnamə verilir
Qeydiyyat/Şəhadətnamələrin siyahısı.xlsx;Şəhadətnamələrin siyahısı.xlsx;20;torp 2008-2010;visible;1;4;D;Obyektin adı
Qeydiyyat/Şəhadətnamələrin siyahısı.xlsx;Şəhadətnamələrin siyahısı.xlsx;20;torp 2008-2010;visible;1;5;E;Torpaq sahəsi (kv.m.)
Qeydiyyat/Şəhadətnamələrin siyahısı.xlsx;Şəhadətnamələrin siyahısı.xlsx;20;torp 2008-2010;visible;1;6;F;Ünvanı
Qeydiyyat/Şəhadətnamələrin siyahısı.xlsx;Şəhadətnamələrin siyahısı.xlsx;20;torp 2008-2010;visible;1;7;G;Şəhadətnamə və ƏMDK-də müqavilələrin №-si
Qeydiyyat/Şəhadətnamələrin siyahısı.xlsx;Şəhadətnamələrin siyahısı.xlsx;20;torp 2008-2010;visible;1;8;H;Qovluq
Qeydiyyat/Şəhadətnamələrin siyahısı.xlsx;Şəhadətnamələrin siyahısı.xlsx;20;torp 2008-2010;visible;1;9;I;Səhifə
Qeydiyyat/Şəhadətnamələrin siyahısı.xlsx;Şəhadətnamələrin siyahısı.xlsx;21;eidk;visible;1;1;A;eidk
Qeydiyyat/Şəhadətnamələrin siyahısı.xlsx;Şəhadətnamələrin siyahısı.xlsx;21;eidk;visible;1;2;B;Rayonun adı
Qeydiyyat/Şəhadətnamələrin siyahısı.xlsx;Şəhadətnamələrin siyahısı.xlsx;21;eidk;visible;1;3;C;Müqavilə verilir
Qeydiyyat/Şəhadətnamələrin siyahısı.xlsx;Şəhadətnamələrin siyahısı.xlsx;21;eidk;visible;1;4;D;Obyektin adı
Qeydiyyat/Şəhadətnamələrin siyahısı.xlsx;Şəhadətnamələrin siyahısı.xlsx;21;eidk;visible;1;5;E;Torpaq sahəsi (kv.m.)
Qeydiyyat/Şəhadətnamələrin siyahısı.xlsx;Şəhadətnamələrin siyahısı.xlsx;21;eidk;visible;1;6;F;Ünvanı
Qeydiyyat/Şəhadətnamələrin siyahısı.xlsx;Şəhadətnamələrin siyahısı.xlsx;21;eidk;visible;1;7;G;ƏMDK-də müqavilələrin №-si
Qeydiyyat/Şəhadətnamələrin siyahısı.xlsx;Şəhadətnamələrin siyahısı.xlsx;21;eidk;visible;1;8;H;Qovluq
Qeydiyyat/Şəhadətnamələrin siyahısı.xlsx;Şəhadətnamələrin siyahısı.xlsx;21;eidk;visible;1;9;I;Səhifə
Qeydiyyat/Şəhadətnamələrin siyahısı.xlsx;Şəhadətnamələrin siyahısı.xlsx;21;eidk;visible;1;10;J;ƏMDK
Qeydiyyat/Şəhadətnamələrin siyahısı.xlsx;Şəhadətnamələrin siyahısı.xlsx;22;registr 2as;visible;9;1;A;№
Qeydiyyat/Şəhadətnamələrin siyahısı.xlsx;Şəhadətnamələrin siyahısı.xlsx;22;registr 2as;visible;9;2;B;müqavilənin nömrəsi
Qeydiyyat/Şəhadətnamələrin siyahısı.xlsx;Şəhadətnamələrin siyahısı.xlsx;22;registr 2as;visible;9;3;C;müqavilənin tarixi
Qeydiyyat/Şəhadətnamələrin siyahısı.xlsx;Şəhadətnamələrin siyahısı.xlsx;22;registr 2as;visible;9;4;D;alıcının adı
Qeydiyyat/Şəhadətnamələrin siyahısı.xlsx;Şəhadətnamələrin siyahısı.xlsx;22;registr 2as;visible;9;5;E;əmlakın adı
Qeydiyyat/Şəhadətnamələrin siyahısı.xlsx;Şəhadətnamələrin siyahısı.xlsx;22;registr 2as;visible;9;6;F;əmlakın ünvanı
Qeydiyyat/Şəhadətnamələrin siyahısı.xlsx;Şəhadətnamələrin siyahısı.xlsx;22;registr 2as;visible;9;7;G;torpaq sahəsi kv.m
Qeydiyyat/Şəhadətnamələrin siyahısı.xlsx;Şəhadətnamələrin siyahısı.xlsx;22;registr 2as;visible;9;8;H;əmlakın regist kodu
Qeydiyyat/Şəhadətnamələrin siyahısı.xlsx;Şəhadətnamələrin siyahısı.xlsx;22;registr 2as;visible;9;9;I;Alt hissənin kodu
Qeydiyyat/Şəhadətnamələrin siyahısı.xlsx;Şəhadətnamələrin siyahısı.xlsx;22;registr 2as;visible;9;10;J;rayon
Qeydiyyat/Şəhadətnamələrin siyahısı.xlsx;Şəhadətnamələrin siyahısı.xlsx;22;registr 2as;visible;9;11;K;Balans saxlayıcı təşkilatın kodu
Qeydiyyat/Şəhadətnamələrin siyahısı.xlsx;Şəhadətnamələrin siyahısı.xlsx;22;registr 2as;visible;9;12;L;Balans saxlayıcı (keçmiş balans saxlayıcı təşkilatın adı)
Qeydiyyat/Şəhadətnamələrin siyahısı.xlsx;Şəhadətnamələrin siyahısı.xlsx;22;registr 2as;visible;9;13;M;Baş idarə (keçmiş baş idarə)
Qeydiyyat/Şəhadətnamələrin siyahısı.xlsx;Şəhadətnamələrin siyahısı.xlsx;23;2 rüb;visible;6;1;A;№
Qeydiyyat/Şəhadətnamələrin siyahısı.xlsx;Şəhadətnamələrin siyahısı.xlsx;23;2 rüb;visible;6;2;B;müqavilənin tipi
Qeydiyyat/Şəhadətnamələrin siyahısı.xlsx;Şəhadətnamələrin siyahısı.xlsx;23;2 rüb;visible;6;3;C;müqavilənin nömrəsi
Qeydiyyat/Şəhadətnamələrin siyahısı.xlsx;Şəhadətnamələrin siyahısı.xlsx;23;2 rüb;visible;6;4;D;müqavilənin tarixi
Qeydiyyat/Şəhadətnamələrin siyahısı.xlsx;Şəhadətnamələrin siyahısı.xlsx;23;2 rüb;visible;6;5;E;alıcının adı
Qeydiyyat/Şəhadətnamələrin siyahısı.xlsx;Şəhadətnamələrin siyahısı.xlsx;23;2 rüb;visible;6;6;F;əmlakın adı
Qeydiyyat/Şəhadətnamələrin siyahısı.xlsx;Şəhadətnamələrin siyahısı.xlsx;23;2 rüb;visible;6;7;G;əmlakın ünvanı
Qeydiyyat/Şəhadətnamələrin siyahısı.xlsx;Şəhadətnamələrin siyahısı.xlsx;23;2 rüb;visible;6;8;H;sahə kv.m
Qeydiyyat/Şəhadətnamələrin siyahısı.xlsx;Şəhadətnamələrin siyahısı.xlsx;23;2 rüb;visible;6;9;I;mərtəbə
Qeydiyyat/Şəhadətnamələrin siyahısı.xlsx;Şəhadətnamələrin siyahısı.xlsx;23;2 rüb;visible;6;10;J;rayon
Qeydiyyat/Şəhadətnamələrin siyahısı.xlsx;Şəhadətnamələrin siyahısı.xlsx;23;2 rüb;visible;6;11;K;registr nömrəsi
Qeydiyyat/Şəhadətnamələrin siyahısı.xlsx;Şəhadətnamələrin siyahısı.xlsx;23;2 rüb;visible;6;12;L;alt hissənin nömrəsi
Qeydiyyat/Şəhadətnamələrin siyahısı.xlsx;Şəhadətnamələrin siyahısı.xlsx;23;2 rüb;visible;6;13;M;Balans saxlayıcı təşkilatın kodu
Qeydiyyat/Şəhadətnamələrin siyahısı.xlsx;Şəhadətnamələrin siyahısı.xlsx;23;2 rüb;visible;6;14;N;Balans saxlayıcı (keçmiş balans saxlayıcı təşkilatın adı)
Qeydiyyat/Şəhadətnamələrin siyahısı.xlsx;Şəhadətnamələrin siyahısı.xlsx;23;2 rüb;visible;6;15;O;Baş idarə (keçmiş baş idarə)
Qeydiyyat/Şəhadətnamələrin siyahısı.xlsx;Şəhadətnamələrin siyahısı.xlsx;24;1 rüb as;visible;8;1;A;№
Qeydiyyat/Şəhadətnamələrin siyahısı.xlsx;Şəhadətnamələrin siyahısı.xlsx;24;1 rüb as;visible;8;2;B;müqavilənin nömrəsi
Qeydiyyat/Şəhadətnamələrin siyahısı.xlsx;Şəhadətnamələrin siyahısı.xlsx;24;1 rüb as;visible;8;3;C;müqavilənin tarixi
Qeydiyyat/Şəhadətnamələrin siyahısı.xlsx;Şəhadətnamələrin siyahısı.xlsx;24;1 rüb as;visible;8;4;D;alıcının adı
Qeydiyyat/Şəhadətnamələrin siyahısı.xlsx;Şəhadətnamələrin siyahısı.xlsx;24;1 rüb as;visible;8;5;E;əmlakın adı
Qeydiyyat/Şəhadətnamələrin siyahısı.xlsx;Şəhadətnamələrin siyahısı.xlsx;24;1 rüb as;visible;8;6;F;əmlakın ünvanı
Qeydiyyat/Şəhadətnamələrin siyahısı.xlsx;Şəhadətnamələrin siyahısı.xlsx;24;1 rüb as;visible;8;7;G;torpaq sahəsi kv.m
Qeydiyyat/Şəhadətnamələrin siyahısı.xlsx;Şəhadətnamələrin siyahısı.xlsx;24;1 rüb as;visible;8;8;H;əmlakın regist kodu
Qeydiyyat/Şəhadətnamələrin siyahısı.xlsx;Şəhadətnamələrin siyahısı.xlsx;24;1 rüb as;visible;8;9;I;Alt hissənin kodu
Qeydiyyat/Şəhadətnamələrin siyahısı.xlsx;Şəhadətnamələrin siyahısı.xlsx;24;1 rüb as;visible;8;10;J;rayon
Qeydiyyat/Şəhadətnamələrin siyahısı.xlsx;Şəhadətnamələrin siyahısı.xlsx;24;1 rüb as;visible;8;11;K;Balans saxlayıcı təşkilatın kodu
Qeydiyyat/Şəhadətnamələrin siyahısı.xlsx;Şəhadətnamələrin siyahısı.xlsx;24;1 rüb as;visible;8;12;L;Balans saxlayıcı (keçmiş balans saxlayıcı təşkilatın adı)
Qeydiyyat/Şəhadətnamələrin siyahısı.xlsx;Şəhadətnamələrin siyahısı.xlsx;24;1 rüb as;visible;8;13;M;Baş idarə (keçmiş baş idarə)
Qeydiyyat/Şəhadətnamələrin siyahısı.xlsx;Şəhadətnamələrin siyahısı.xlsx;25;1 rüb;visible;15;1;A;№
Qeydiyyat/Şəhadətnamələrin siyahısı.xlsx;Şəhadətnamələrin siyahısı.xlsx;25;1 rüb;visible;15;2;B;müqavilənin tipi
Qeydiyyat/Şəhadətnamələrin siyahısı.xlsx;Şəhadətnamələrin siyahısı.xlsx;25;1 rüb;visible;15;3;C;müqavilənin nömrəsi
Qeydiyyat/Şəhadətnamələrin siyahısı.xlsx;Şəhadətnamələrin siyahısı.xlsx;25;1 rüb;visible;15;4;D;müqavilənin tarixi
Qeydiyyat/Şəhadətnamələrin siyahısı.xlsx;Şəhadətnamələrin siyahısı.xlsx;25;1 rüb;visible;15;5;E;alıcının adı
Qeydiyyat/Şəhadətnamələrin siyahısı.xlsx;Şəhadətnamələrin siyahısı.xlsx;25;1 rüb;visible;15;6;F;əmlakın adı
Qeydiyyat/Şəhadətnamələrin siyahısı.xlsx;Şəhadətnamələrin siyahısı.xlsx;25;1 rüb;visible;15;7;G;əmlakın ünvanı
Qeydiyyat/Şəhadətnamələrin siyahısı.xlsx;Şəhadətnamələrin siyahısı.xlsx;25;1 rüb;visible;15;8;H;sahə kv.m
Qeydiyyat/Şəhadətnamələrin siyahısı.xlsx;Şəhadətnamələrin siyahısı.xlsx;25;1 rüb;visible;15;9;I;mərtəbə
Qeydiyyat/Şəhadətnamələrin siyahısı.xlsx;Şəhadətnamələrin siyahısı.xlsx;25;1 rüb;visible;15;10;J;rayon
Qeydiyyat/Şəhadətnamələrin siyahısı.xlsx;Şəhadətnamələrin siyahısı.xlsx;25;1 rüb;visible;15;11;K;registr nömrəsi
Qeydiyyat/Şəhadətnamələrin siyahısı.xlsx;Şəhadətnamələrin siyahısı.xlsx;25;1 rüb;visible;15;12;L;alt hissənin nömrəsi
Qeydiyyat/Şəhadətnamələrin siyahısı.xlsx;Şəhadətnamələrin siyahısı.xlsx;25;1 rüb;visible;15;13;M;Balans saxlayıcı təşkilatın kodu
Qeydiyyat/Şəhadətnamələrin siyahısı.xlsx;Şəhadətnamələrin siyahısı.xlsx;25;1 rüb;visible;15;14;N;Balans saxlayıcı (keçmiş balans saxlayıcı təşkilatın adı)
Qeydiyyat/Şəhadətnamələrin siyahısı.xlsx;Şəhadətnamələrin siyahısı.xlsx;25;1 rüb;visible;15;15;O;Baş idarə (keçmiş baş idarə)
Qeydiyyat/Şəhadətnamələrin siyahısı.xlsx;Şəhadətnamələrin siyahısı.xlsx;26;abş;visible;2;3;C;Ünvan
Qeydiyyat/Şəhadətnamələrin siyahısı.xlsx;Şəhadətnamələrin siyahısı.xlsx;26;abş;visible;2;4;D;Ərizə
Qeydiyyat/Şəhadətnamələrin siyahısı.xlsx;Şəhadətnamələrin siyahısı.xlsx;26;abş;visible;2;5;E;Tex Pasp
Qeydiyyat/Şəhadətnamələrin siyahısı.xlsx;Şəhadətnamələrin siyahısı.xlsx;26;abş;visible;2;6;F;Qeydvəs
Qeydiyyat/Şəhadətnamələrin siyahısı.xlsx;Şəhadətnamələrin siyahısı.xlsx;26;abş;visible;2;7;G;Arayışı
Qeydiyyat/Şəhadətnamələrin siyahısı.xlsx;Şəhadətnamələrin siyahısı.xlsx;26;abş;visible;2;8;H;Əmrdən çıxarış
Qeydiyyat/Şəhadətnamələrin siyahısı.xlsx;Şəhadətnamələrin siyahısı.xlsx;26;abş;visible;2;9;I;Müayinə aktı
Qeydiyyat/Şəhadətnamələrin siyahısı.xlsx;Şəhadətnamələrin siyahısı.xlsx;26;abş;visible;2;10;J;Qərar. Çıxar.
Qeydiyyat/Şəhadətnamələrin siyahısı.xlsx;Şəhadətnamələrin siyahısı.xlsx;26;abş;visible;2;11;K;Arayiş
Qeydiyyat/Şəhadətnamələrin siyahısı.xlsx;Şəhadətnamələrin siyahısı.xlsx;26;abş;visible;2;12;L;Sərənc Çıxarış
Qeydiyyat/Şəhadətnamələrin siyahısı.xlsx;Şəhadətnamələrin siyahısı.xlsx;26;abş;visible;2;13;M;Alqı-satqı müqav.
Qeydiyyat/Şəhadətnamələrin siyahısı.xlsx;Şəhadətnamələrin siyahısı.xlsx;26;abş;visible;2;14;N;Digər sənəd.
Qeydiyyat/Şəhadətnamələrin siyahısı.xlsx;Şəhadətnamələrin siyahısı.xlsx;26;abş;visible;2;15;O;Qiymətləndirmə Cədvəli
Qeydiyyat/Şəhadətnamələrin siyahısı.xlsx;Şəhadətnamələrin siyahısı.xlsx;26;abş;visible;2;16;P;İnven. №-si
Qeydiyyat/Şəhadətnamələrin siyahısı.xlsx;Şəhadətnamələrin siyahısı.xlsx;26;abş;visible;2;17;Q;Qeyd №-si
Qeydiyyat/Şəhadətnamələrin siyahısı.xlsx;Şəhadətnamələrin siyahısı.xlsx;27;buzovna;visible;2;3;C;Ünvan
Qeydiyyat/Şəhadətnamələrin siyahısı.xlsx;Şəhadətnamələrin siyahısı.xlsx;27;buzovna;visible;2;4;D;Ərizə
Qeydiyyat/Şəhadətnamələrin siyahısı.xlsx;Şəhadətnamələrin siyahısı.xlsx;27;buzovna;visible;2;5;E;Tex Pasp
Qeydiyyat/Şəhadətnamələrin siyahısı.xlsx;Şəhadətnamələrin siyahısı.xlsx;27;buzovna;visible;2;6;F;Qeydvəs
Qeydiyyat/Şəhadətnamələrin siyahısı.xlsx;Şəhadətnamələrin siyahısı.xlsx;27;buzovna;visible;2;7;G;Arayışı
Qeydiyyat/Şəhadətnamələrin siyahısı.xlsx;Şəhadətnamələrin siyahısı.xlsx;27;buzovna;visible;2;8;H;Əmrdən çıxarış
Qeydiyyat/Şəhadətnamələrin siyahısı.xlsx;Şəhadətnamələrin siyahısı.xlsx;27;buzovna;visible;2;9;I;Müayinə aktı
Qeydiyyat/Şəhadətnamələrin siyahısı.xlsx;Şəhadətnamələrin siyahısı.xlsx;27;buzovna;visible;2;10;J;Qərar. Çıxar.
Qeydiyyat/Şəhadətnamələrin siyahısı.xlsx;Şəhadətnamələrin siyahısı.xlsx;27;buzovna;visible;2;11;K;Arayiş
Qeydiyyat/Şəhadətnamələrin siyahısı.xlsx;Şəhadətnamələrin siyahısı.xlsx;27;buzovna;visible;2;12;L;Sərənc Çıxarış
Qeydiyyat/Şəhadətnamələrin siyahısı.xlsx;Şəhadətnamələrin siyahısı.xlsx;27;buzovna;visible;2;13;M;Alqı-satqı müqav.
Qeydiyyat/Şəhadətnamələrin siyahısı.xlsx;Şəhadətnamələrin siyahısı.xlsx;27;buzovna;visible;2;14;N;Digər sənəd.
Qeydiyyat/Şəhadətnamələrin siyahısı.xlsx;Şəhadətnamələrin siyahısı.xlsx;27;buzovna;visible;2;15;O;Qiymətləndirmə Cədvəli
Qeydiyyat/Şəhadətnamələrin siyahısı.xlsx;Şəhadətnamələrin siyahısı.xlsx;27;buzovna;visible;2;16;P;İnven. №-si
Qeydiyyat/Şəhadətnamələrin siyahısı.xlsx;Şəhadətnamələrin siyahısı.xlsx;27;buzovna;visible;2;17;Q;Qeyd №-si
Qeydiyyat/Şəhadətnamələrin siyahısı.xlsx;Şəhadətnamələrin siyahısı.xlsx;28;zeyt tam;visible;2;3;C;Ünvan
Qeydiyyat/Şəhadətnamələrin siyahısı.xlsx;Şəhadətnamələrin siyahısı.xlsx;28;zeyt tam;visible;2;4;D;Ərizə
Qeydiyyat/Şəhadətnamələrin siyahısı.xlsx;Şəhadətnamələrin siyahısı.xlsx;28;zeyt tam;visible;2;5;E;Tex Pasp
Qeydiyyat/Şəhadətnamələrin siyahısı.xlsx;Şəhadətnamələrin siyahısı.xlsx;28;zeyt tam;visible;2;6;F;Qeydvəs
Qeydiyyat/Şəhadətnamələrin siyahısı.xlsx;Şəhadətnamələrin siyahısı.xlsx;28;zeyt tam;visible;2;7;G;Arayışı
Qeydiyyat/Şəhadətnamələrin siyahısı.xlsx;Şəhadətnamələrin siyahısı.xlsx;28;zeyt tam;visible;2;8;H;Əmrdən çıxarış
Qeydiyyat/Şəhadətnamələrin siyahısı.xlsx;Şəhadətnamələrin siyahısı.xlsx;28;zeyt tam;visible;2;9;I;Müayinə aktı
Qeydiyyat/Şəhadətnamələrin siyahısı.xlsx;Şəhadətnamələrin siyahısı.xlsx;28;zeyt tam;visible;2;10;J;Qərar. Çıxar.
Qeydiyyat/Şəhadətnamələrin siyahısı.xlsx;Şəhadətnamələrin siyahısı.xlsx;28;zeyt tam;visible;2;11;K;Arayiş
Qeydiyyat/Şəhadətnamələrin siyahısı.xlsx;Şəhadətnamələrin siyahısı.xlsx;28;zeyt tam;visible;2;12;L;Sərənc Çıxarış
Qeydiyyat/Şəhadətnamələrin siyahısı.xlsx;Şəhadətnamələrin siyahısı.xlsx;28;zeyt tam;visible;2;13;M;Alqı-satqı müqav.
Qeydiyyat/Şəhadətnamələrin siyahısı.xlsx;Şəhadətnamələrin siyahısı.xlsx;28;zeyt tam;visible;2;14;N;Digər sənəd.
Qeydiyyat/Şəhadətnamələrin siyahısı.xlsx;Şəhadətnamələrin siyahısı.xlsx;28;zeyt tam;visible;2;15;O;Qiymətləndirmə Cədvəli
Qeydiyyat/Şəhadətnamələrin siyahısı.xlsx;Şəhadətnamələrin siyahısı.xlsx;28;zeyt tam;visible;2;16;P;İnven. №-si
Qeydiyyat/Şəhadətnamələrin siyahısı.xlsx;Şəhadətnamələrin siyahısı.xlsx;28;zeyt tam;visible;2;17;Q;Qeyd №-si
Qeydiyyat/Şəhadətnamələrin siyahısı.xlsx;Şəhadətnamələrin siyahısı.xlsx;29;sov üçün siy köhnə;visible;2;1;A;№
Qeydiyyat/Şəhadətnamələrin siyahısı.xlsx;Şəhadətnamələrin siyahısı.xlsx;29;sov üçün siy köhnə;visible;2;2;B;Soyadı,adı,atasının adı
Qeydiyyat/Şəhadətnamələrin siyahısı.xlsx;Şəhadətnamələrin siyahısı.xlsx;29;sov üçün siy köhnə;visible;2;3;C;Reyestr nömrəsi
Qeydiyyat/Şəhadətnamələrin siyahısı.xlsx;Şəhadətnamələrin siyahısı.xlsx;30;çixarış sov üçün siy;visible;3;2;B;№
Qeydiyyat/Şəhadətnamələrin siyahısı.xlsx;Şəhadətnamələrin siyahısı.xlsx;30;çixarış sov üçün siy;visible;3;3;C;Soyadı,Adı,Atasının adı
Qeydiyyat/Şəhadətnamələrin siyahısı.xlsx;Şəhadətnamələrin siyahısı.xlsx;30;çixarış sov üçün siy;visible;3;4;D;Reyestr nömrəsi
Qeydiyyat/Şəhadətnamələrin siyahısı.xlsx;Şəhadətnamələrin siyahısı.xlsx;31;sov üçün siy;visible;2;1;A;№
Qeydiyyat/Şəhadətnamələrin siyahısı.xlsx;Şəhadətnamələrin siyahısı.xlsx;31;sov üçün siy;visible;2;2;B;Soyadı,adı,atasının adı
Qeydiyyat/Şəhadətnamələrin siyahısı.xlsx;Şəhadətnamələrin siyahısı.xlsx;31;sov üçün siy;visible;2;3;C;Reyestr nömrəsi
Qeydiyyat/Şəhadətnamələrin siyahısı.xlsx;Şəhadətnamələrin siyahısı.xlsx;32;sabunçu;visible;2;5;E;Ərizə
Qeydiyyat/Şəhadətnamələrin siyahısı.xlsx;Şəhadətnamələrin siyahısı.xlsx;32;sabunçu;visible;2;6;F;Tex. Pasp.
Qeydiyyat/Şəhadətnamələrin siyahısı.xlsx;Şəhadətnamələrin siyahısı.xlsx;32;sabunçu;visible;2;7;G;Qeyd.vəs.
Qeydiyyat/Şəhadətnamələrin siyahısı.xlsx;Şəhadətnamələrin siyahısı.xlsx;32;sabunçu;visible;2;8;H;Müay. aktı
Qeydiyyat/Şəhadətnamələrin siyahısı.xlsx;Şəhadətnamələrin siyahısı.xlsx;32;sabunçu;visible;2;9;I;Sovx. Əriz.
Qeydiyyat/Şəhadətnamələrin siyahısı.xlsx;Şəhadətnamələrin siyahısı.xlsx;32;sabunçu;visible;2;10;J;Sovx. Arayışı
Qeydiyyat/Şəhadətnamələrin siyahısı.xlsx;Şəhadətnamələrin siyahısı.xlsx;32;sabunçu;visible;2;11;K;Əmrdən çıxarış
Qeydiyyat/Şəhadətnamələrin siyahısı.xlsx;Şəhadətnamələrin siyahısı.xlsx;32;sabunçu;visible;2;12;L;Qərar. Çıxar.
Qeydiyyat/Şəhadətnamələrin siyahısı.xlsx;Şəhadətnamələrin siyahısı.xlsx;32;sabunçu;visible;2;13;M;Sərənc Çıxarış
Qeydiyyat/Şəhadətnamələrin siyahısı.xlsx;Şəhadətnamələrin siyahısı.xlsx;32;sabunçu;visible;2;14;N;Order
Qeydiyyat/Şəhadətnamələrin siyahısı.xlsx;Şəhadətnamələrin siyahısı.xlsx;32;sabunçu;visible;2;15;O;Alqı-satqı müqav.
Qeydiyyat/Şəhadətnamələrin siyahısı.xlsx;Şəhadətnamələrin siyahısı.xlsx;32;sabunçu;visible;2;16;P;Vərəs. şəhad.
Qeydiyyat/Şəhadətnamələrin siyahısı.xlsx;Şəhadətnamələrin siyahısı.xlsx;32;sabunçu;visible;2;17;Q;Digər sənəd.
Qeydiyyat/Şəhadətnamələrin siyahısı.xlsx;Şəhadətnamələrin siyahısı.xlsx;32;sabunçu;visible;2;18;R;İnven. N-si
Qeydiyyat/Şəhadətnamələrin siyahısı.xlsx;Şəhadətnamələrin siyahısı.xlsx;32;sabunçu;visible;2;19;S;Qeyd N-si
Qeydiyyat/Şəhadətnamələrin siyahısı.xlsx;Şəhadətnamələrin siyahısı.xlsx;32;sabunçu;visible;2;20;T;Qeyd
Qeydiyyat/Şəhadətnamələrin siyahısı.xlsx;Şəhadətnamələrin siyahısı.xlsx;33;ramana;visible;2;3;C;Ünvan
Qeydiyyat/Şəhadətnamələrin siyahısı.xlsx;Şəhadətnamələrin siyahısı.xlsx;33;ramana;visible;2;4;D;Ərizə
Qeydiyyat/Şəhadətnamələrin siyahısı.xlsx;Şəhadətnamələrin siyahısı.xlsx;33;ramana;visible;2;5;E;Texniki pasport
Qeydiyyat/Şəhadətnamələrin siyahısı.xlsx;Şəhadətnamələrin siyahısı.xlsx;33;ramana;visible;2;6;F;Qeyd.vəs.
Qeydiyyat/Şəhadətnamələrin siyahısı.xlsx;Şəhadətnamələrin siyahısı.xlsx;33;ramana;visible;2;7;G;Müayinə aktı
Qeydiyyat/Şəhadətnamələrin siyahısı.xlsx;Şəhadətnamələrin siyahısı.xlsx;33;ramana;visible;2;8;H;Sovx. Ərizəsi
Qeydiyyat/Şəhadətnamələrin siyahısı.xlsx;Şəhadətnamələrin siyahısı.xlsx;33;ramana;visible;2;9;I;Sovx. Arayışı
Qeydiyyat/Şəhadətnamələrin siyahısı.xlsx;Şəhadətnamələrin siyahısı.xlsx;33;ramana;visible;2;10;J;Əmrdən çıxarış
Qeydiyyat/Şəhadətnamələrin siyahısı.xlsx;Şəhadətnamələrin siyahısı.xlsx;33;ramana;visible;2;11;K;Qərardan çıxarış
Qeydiyyat/Şəhadətnamələrin siyahısı.xlsx;Şəhadətnamələrin siyahısı.xlsx;33;ramana;visible;2;12;L;Order
Qeydiyyat/Şəhadətnamələrin siyahısı.xlsx;Şəhadətnamələrin siyahısı.xlsx;33;ramana;visible;2;13;M;Alqı-satqı müqav.
Qeydiyyat/Şəhadətnamələrin siyahısı.xlsx;Şəhadətnamələrin siyahısı.xlsx;33;ramana;visible;2;14;N;Vərəsəlik şəhadət.
Qeydiyyat/Şəhadətnamələrin siyahısı.xlsx;Şəhadətnamələrin siyahısı.xlsx;33;ramana;visible;2;15;O;Digər sənədlər
Qeydiyyat/Şəhadətnamələrin siyahısı.xlsx;Şəhadətnamələrin siyahısı.xlsx;33;ramana;visible;2;16;P;İnventaN-si
Qeydiyyat/Şəhadətnamələrin siyahısı.xlsx;Şəhadətnamələrin siyahısı.xlsx;33;ramana;visible;2;17;Q;Qeyd N-si
Qeydiyyat/Şəhadətnamələrin siyahısı.xlsx;Şəhadətnamələrin siyahısı.xlsx;34;köhnə türkan;visible;6;3;C;Ərizə
Qeydiyyat/Şəhadətnamələrin siyahısı.xlsx;Şəhadətnamələrin siyahısı.xlsx;34;köhnə türkan;visible;6;4;D;Tex. Pasp.
Qeydiyyat/Şəhadətnamələrin siyahısı.xlsx;Şəhadətnamələrin siyahısı.xlsx;34;köhnə türkan;visible;6;5;E;Qeyd.vəs.
Qeydiyyat/Şəhadətnamələrin siyahısı.xlsx;Şəhadətnamələrin siyahısı.xlsx;34;köhnə türkan;visible;6;6;F;Müay. aktı
Qeydiyyat/Şəhadətnamələrin siyahısı.xlsx;Şəhadətnamələrin siyahısı.xlsx;34;köhnə türkan;visible;6;7;G;Sovx. Əriz.
Qeydiyyat/Şəhadətnamələrin siyahısı.xlsx;Şəhadətnamələrin siyahısı.xlsx;34;köhnə türkan;visible;6;8;H;Sovx. Arayışı
Qeydiyyat/Şəhadətnamələrin siyahısı.xlsx;Şəhadətnamələrin siyahısı.xlsx;34;köhnə türkan;visible;6;9;I;Əmrdən çıxarış
Qeydiyyat/Şəhadətnamələrin siyahısı.xlsx;Şəhadətnamələrin siyahısı.xlsx;34;köhnə türkan;visible;6;10;J;Qərar. Çıxar.
Qeydiyyat/Şəhadətnamələrin siyahısı.xlsx;Şəhadətnamələrin siyahısı.xlsx;34;köhnə türkan;visible;6;11;K;Sərənc Çıxarış
Qeydiyyat/Şəhadətnamələrin siyahısı.xlsx;Şəhadətnamələrin siyahısı.xlsx;34;köhnə türkan;visible;6;12;L;Order
Qeydiyyat/Şəhadətnamələrin siyahısı.xlsx;Şəhadətnamələrin siyahısı.xlsx;34;köhnə türkan;visible;6;13;M;Alqı-satqı müqav.
Qeydiyyat/Şəhadətnamələrin siyahısı.xlsx;Şəhadətnamələrin siyahısı.xlsx;34;köhnə türkan;visible;6;14;N;Vərəs. şəhad.
Qeydiyyat/Şəhadətnamələrin siyahısı.xlsx;Şəhadətnamələrin siyahısı.xlsx;34;köhnə türkan;visible;6;15;O;Digər sənəd.
Qeydiyyat/Şəhadətnamələrin siyahısı.xlsx;Şəhadətnamələrin siyahısı.xlsx;34;köhnə türkan;visible;6;16;P;İnven. N-si
Qeydiyyat/Şəhadətnamələrin siyahısı.xlsx;Şəhadətnamələrin siyahısı.xlsx;34;köhnə türkan;visible;6;17;Q;Qeyd N-si
Qeydiyyat/Şəhadətnamələrin siyahısı.xlsx;Şəhadətnamələrin siyahısı.xlsx;34;köhnə türkan;visible;6;18;R;Tor ve dair AKT
Qeydiyyat/Şəhadətnamələrin siyahısı.xlsx;Şəhadətnamələrin siyahısı.xlsx;35;köhnə maşt;visible;2;3;C;Ərizə
Qeydiyyat/Şəhadətnamələrin siyahısı.xlsx;Şəhadətnamələrin siyahısı.xlsx;35;köhnə maşt;visible;2;4;D;Tex. Pasp.
Qeydiyyat/Şəhadətnamələrin siyahısı.xlsx;Şəhadətnamələrin siyahısı.xlsx;35;köhnə maşt;visible;2;5;E;Qeyd.vəs.
Qeydiyyat/Şəhadətnamələrin siyahısı.xlsx;Şəhadətnamələrin siyahısı.xlsx;35;köhnə maşt;visible;2;6;F;Müay. aktı
Qeydiyyat/Şəhadətnamələrin siyahısı.xlsx;Şəhadətnamələrin siyahısı.xlsx;35;köhnə maşt;visible;2;7;G;Sovx. Əriz.
Qeydiyyat/Şəhadətnamələrin siyahısı.xlsx;Şəhadətnamələrin siyahısı.xlsx;35;köhnə maşt;visible;2;8;H;Sovx. Arayışı
Qeydiyyat/Şəhadətnamələrin siyahısı.xlsx;Şəhadətnamələrin siyahısı.xlsx;35;köhnə maşt;visible;2;9;I;Əmrdən çıxarış
Qeydiyyat/Şəhadətnamələrin siyahısı.xlsx;Şəhadətnamələrin siyahısı.xlsx;35;köhnə maşt;visible;2;10;J;Qərar. Çıxar.
Qeydiyyat/Şəhadətnamələrin siyahısı.xlsx;Şəhadətnamələrin siyahısı.xlsx;35;köhnə maşt;visible;2;11;K;Sərənc Çıxarış
Qeydiyyat/Şəhadətnamələrin siyahısı.xlsx;Şəhadətnamələrin siyahısı.xlsx;35;köhnə maşt;visible;2;12;L;Order
Qeydiyyat/Şəhadətnamələrin siyahısı.xlsx;Şəhadətnamələrin siyahısı.xlsx;35;köhnə maşt;visible;2;13;M;Alqı-satqı müqav.
Qeydiyyat/Şəhadətnamələrin siyahısı.xlsx;Şəhadətnamələrin siyahısı.xlsx;35;köhnə maşt;visible;2;14;N;Vərəs. şəhad.
Qeydiyyat/Şəhadətnamələrin siyahısı.xlsx;Şəhadətnamələrin siyahısı.xlsx;35;köhnə maşt;visible;2;15;O;Digər sənəd.
Qeydiyyat/Şəhadətnamələrin siyahısı.xlsx;Şəhadətnamələrin siyahısı.xlsx;35;köhnə maşt;visible;2;16;P;İnven. N-si
Qeydiyyat/Şəhadətnamələrin siyahısı.xlsx;Şəhadətnamələrin siyahısı.xlsx;35;köhnə maşt;visible;2;17;Q;Qeyd N-si
Qeydiyyat/Şəhadətnamələrin siyahısı.xlsx;Şəhadətnamələrin siyahısı.xlsx;35;köhnə maşt;visible;2;18;R;Qeyd
Qeydiyyat/Şəhadətnamələrin siyahısı.xlsx;Şəhadətnamələrin siyahısı.xlsx;36;köhnə kürdəx;visible;2;3;C;Ərizə
Qeydiyyat/Şəhadətnamələrin siyahısı.xlsx;Şəhadətnamələrin siyahısı.xlsx;36;köhnə kürdəx;visible;2;4;D;Tex. Pasp.
Qeydiyyat/Şəhadətnamələrin siyahısı.xlsx;Şəhadətnamələrin siyahısı.xlsx;36;köhnə kürdəx;visible;2;5;E;Qeyd.vəs.
Qeydiyyat/Şəhadətnamələrin siyahısı.xlsx;Şəhadətnamələrin siyahısı.xlsx;36;köhnə kürdəx;visible;2;6;F;Müay. aktı
Qeydiyyat/Şəhadətnamələrin siyahısı.xlsx;Şəhadətnamələrin siyahısı.xlsx;36;köhnə kürdəx;visible;2;7;G;Sovx. Əriz.
Qeydiyyat/Şəhadətnamələrin siyahısı.xlsx;Şəhadətnamələrin siyahısı.xlsx;36;köhnə kürdəx;visible;2;8;H;Sovx. Arayışı
Qeydiyyat/Şəhadətnamələrin siyahısı.xlsx;Şəhadətnamələrin siyahısı.xlsx;36;köhnə kürdəx;visible;2;9;I;Əmrdən çıxarış
Qeydiyyat/Şəhadətnamələrin siyahısı.xlsx;Şəhadətnamələrin siyahısı.xlsx;36;köhnə kürdəx;visible;2;10;J;Qərar. Çıxar.
Qeydiyyat/Şəhadətnamələrin siyahısı.xlsx;Şəhadətnamələrin siyahısı.xlsx;36;köhnə kürdəx;visible;2;11;K;Sərənc Çıxarış
Qeydiyyat/Şəhadətnamələrin siyahısı.xlsx;Şəhadətnamələrin siyahısı.xlsx;36;köhnə kürdəx;visible;2;12;L;Order
Qeydiyyat/Şəhadətnamələrin siyahısı.xlsx;Şəhadətnamələrin siyahısı.xlsx;36;köhnə kürdəx;visible;2;13;M;Alqı-satqı müqav.
Qeydiyyat/Şəhadətnamələrin siyahısı.xlsx;Şəhadətnamələrin siyahısı.xlsx;36;köhnə kürdəx;visible;2;14;N;Vərəs. şəhad.
Qeydiyyat/Şəhadətnamələrin siyahısı.xlsx;Şəhadətnamələrin siyahısı.xlsx;36;köhnə kürdəx;visible;2;15;O;Digər sənəd.
Qeydiyyat/Şəhadətnamələrin siyahısı.xlsx;Şəhadətnamələrin siyahısı.xlsx;36;köhnə kürdəx;visible;2;16;P;İnven. N-si
Qeydiyyat/Şəhadətnamələrin siyahısı.xlsx;Şəhadətnamələrin siyahısı.xlsx;36;köhnə kürdəx;visible;2;17;Q;Qeyd N-si
Qeydiyyat/Şəhadətnamələrin siyahısı.xlsx;Şəhadətnamələrin siyahısı.xlsx;36;köhnə kürdəx;visible;2;18;R;Qeyd
Qeydiyyat/Şəhadətnamələrin siyahısı.xlsx;Şəhadətnamələrin siyahısı.xlsx;37;köhnə hövsan;visible;2;3;C;Ərizə
Qeydiyyat/Şəhadətnamələrin siyahısı.xlsx;Şəhadətnamələrin siyahısı.xlsx;37;köhnə hövsan;visible;2;4;D;Tex. Pasp.
Qeydiyyat/Şəhadətnamələrin siyahısı.xlsx;Şəhadətnamələrin siyahısı.xlsx;37;köhnə hövsan;visible;2;5;E;Qeyd.vəs.
Qeydiyyat/Şəhadətnamələrin siyahısı.xlsx;Şəhadətnamələrin siyahısı.xlsx;37;köhnə hövsan;visible;2;6;F;Müay. aktı
Qeydiyyat/Şəhadətnamələrin siyahısı.xlsx;Şəhadətnamələrin siyahısı.xlsx;37;köhnə hövsan;visible;2;7;G;Sovx. Əriz.
Qeydiyyat/Şəhadətnamələrin siyahısı.xlsx;Şəhadətnamələrin siyahısı.xlsx;37;köhnə hövsan;visible;2;8;H;Sovx. Arayışı
Qeydiyyat/Şəhadətnamələrin siyahısı.xlsx;Şəhadətnamələrin siyahısı.xlsx;37;köhnə hövsan;visible;2;9;I;Əmrdən çıxarış
Qeydiyyat/Şəhadətnamələrin siyahısı.xlsx;Şəhadətnamələrin siyahısı.xlsx;37;köhnə hövsan;visible;2;10;J;İstismara Qəbul Aktı
Qeydiyyat/Şəhadətnamələrin siyahısı.xlsx;Şəhadətnamələrin siyahısı.xlsx;37;köhnə hövsan;visible;2;11;K;Qərar. Çıxar.
Qeydiyyat/Şəhadətnamələrin siyahısı.xlsx;Şəhadətnamələrin siyahısı.xlsx;37;köhnə hövsan;visible;2;12;L;Sərənc Çıxarış
Qeydiyyat/Şəhadətnamələrin siyahısı.xlsx;Şəhadətnamələrin siyahısı.xlsx;37;köhnə hövsan;visible;2;13;M;Order
Qeydiyyat/Şəhadətnamələrin siyahısı.xlsx;Şəhadətnamələrin siyahısı.xlsx;37;köhnə hövsan;visible;2;14;N;Alqı-satqı müqav.
Qeydiyyat/Şəhadətnamələrin siyahısı.xlsx;Şəhadətnamələrin siyahısı.xlsx;37;köhnə hövsan;visible;2;15;O;Vərəs. şəhad.
Qeydiyyat/Şəhadətnamələrin siyahısı.xlsx;Şəhadətnamələrin siyahısı.xlsx;37;köhnə hövsan;visible;2;16;P;Digər sənəd.
Qeydiyyat/Şəhadətnamələrin siyahısı.xlsx;Şəhadətnamələrin siyahısı.xlsx;37;köhnə hövsan;visible;2;17;Q;Qiymətləndirmə Cədvəli
Qeydiyyat/Şəhadətnamələrin siyahısı.xlsx;Şəhadətnamələrin siyahısı.xlsx;37;köhnə hövsan;visible;2;18;R;İnven. N-si
Qeydiyyat/Şəhadətnamələrin siyahısı.xlsx;Şəhadətnamələrin siyahısı.xlsx;37;köhnə hövsan;visible;2;19;S;Qeyd N-si
Qeydiyyat/Şəhadətnamələrin siyahısı.xlsx;Şəhadətnamələrin siyahısı.xlsx;37;köhnə hövsan;visible;2;20;T;Qeyd
Qeydiyyat/Şəhadətnamələrin siyahısı.xlsx;Şəhadətnamələrin siyahısı.xlsx;38;köhnə binə;visible;2;3;C;Ərizə
Qeydiyyat/Şəhadətnamələrin siyahısı.xlsx;Şəhadətnamələrin siyahısı.xlsx;38;köhnə binə;visible;2;4;D;Texniki pasport
Qeydiyyat/Şəhadətnamələrin siyahısı.xlsx;Şəhadətnamələrin siyahısı.xlsx;38;köhnə binə;visible;2;5;E;Qeyd.vəs.
Qeydiyyat/Şəhadətnamələrin siyahısı.xlsx;Şəhadətnamələrin siyahısı.xlsx;38;köhnə binə;visible;2;6;F;Müayinə aktı
Qeydiyyat/Şəhadətnamələrin siyahısı.xlsx;Şəhadətnamələrin siyahısı.xlsx;38;köhnə binə;visible;2;7;G;Sovx. Ərizəsi
Qeydiyyat/Şəhadətnamələrin siyahısı.xlsx;Şəhadətnamələrin siyahısı.xlsx;38;köhnə binə;visible;2;8;H;Sovx. Arayışı
Qeydiyyat/Şəhadətnamələrin siyahısı.xlsx;Şəhadətnamələrin siyahısı.xlsx;38;köhnə binə;visible;2;9;I;Əmrdən çıxarış
Qeydiyyat/Şəhadətnamələrin siyahısı.xlsx;Şəhadətnamələrin siyahısı.xlsx;38;köhnə binə;visible;2;10;J;Qərardan çıxarış
Qeydiyyat/Şəhadətnamələrin siyahısı.xlsx;Şəhadətnamələrin siyahısı.xlsx;38;köhnə binə;visible;2;11;K;Order
Qeydiyyat/Şəhadətnamələrin siyahısı.xlsx;Şəhadətnamələrin siyahısı.xlsx;38;köhnə binə;visible;2;12;L;Alqı-satqı müqav.
Qeydiyyat/Şəhadətnamələrin siyahısı.xlsx;Şəhadətnamələrin siyahısı.xlsx;38;köhnə binə;visible;2;13;M;Vərəsəlik şəhadət.
Qeydiyyat/Şəhadətnamələrin siyahısı.xlsx;Şəhadətnamələrin siyahısı.xlsx;38;köhnə binə;visible;2;14;N;Digər sənədlər
Qeydiyyat/Şəhadətnamələrin siyahısı.xlsx;Şəhadətnamələrin siyahısı.xlsx;38;köhnə binə;visible;2;15;O;İnventaN-si
Qeydiyyat/Şəhadətnamələrin siyahısı.xlsx;Şəhadətnamələrin siyahısı.xlsx;38;köhnə binə;visible;2;16;P;Qeyd N-si
